date,currency,cbr_nominal,rub_per_nominal,rub_per_unit
2019-01-10,AMD,100,13.828,0.13828
2019-01-10,KGS,100,96.0474,0.9604739999999999
2019-01-10,KZT,100,17.8579,0.17857900000000002
2019-01-10,TJS,10,71.0964,7.109640000000001
2019-01-10,UZS,10000,80.4595,0.008045950000000001
2019-01-11,AMD,100,13.7743,0.137743
2019-01-11,KGS,100,95.7201,0.957201
2019-01-11,KZT,100,17.8209,0.178209
2019-01-11,TJS,10,70.8681,7.08681
2019-01-11,UZS,10000,80.1968,0.00801968
2019-01-12,AMD,100,13.7689,0.137689
2019-01-12,KGS,100,95.8349,0.958349
2019-01-12,KZT,100,17.7885,0.177885
2019-01-12,TJS,10,70.9239,7.09239
2019-01-12,UZS,10000,80.2642,0.00802642
2019-01-15,AMD,100,13.8113,0.13811299999999999
2019-01-15,KGS,100,96.1947,0.961947
2019-01-15,KZT,100,17.7391,0.177391
2019-01-15,TJS,10,71.2157,7.12157
2019-01-15,UZS,10000,80.6185,0.008061849999999999
2019-01-16,AMD,100,13.7802,0.137802
2019-01-16,KGS,100,96.106,0.9610599999999999
2019-01-16,KZT,100,17.7522,0.17752199999999999
2019-01-16,TJS,10,71.1368,7.11368
2019-01-16,UZS,10000,80.3702,0.008037019999999999
2019-01-17,AMD,100,13.737,0.13737
2019-01-17,KGS,100,95.6471,0.956471
2019-01-17,KZT,100,17.6768,0.176768
2019-01-17,TJS,10,70.7971,7.07971
2019-01-17,UZS,10000,79.895,0.0079895
2019-01-18,AMD,100,13.6856,0.136856
2019-01-18,KGS,100,95.1372,0.9513720000000001
2019-01-18,KZT,100,17.6019,0.176019
2019-01-18,TJS,10,70.4227,7.04227
2019-01-18,UZS,10000,79.6056,0.00796056
2019-01-19,AMD,100,13.6737,0.136737
2019-01-19,KGS,100,94.9755,0.949755
2019-01-19,KZT,100,17.4794,0.17479399999999998
2019-01-19,TJS,10,70.2792,7.02792
2019-01-19,UZS,10000,79.3797,0.00793797
2019-01-22,AMD,100,13.6691,0.136691
2019-01-22,KGS,100,95.0765,0.950765
2019-01-22,KZT,100,17.5203,0.175203
2019-01-22,TJS,10,70.3748,7.0374799999999995
2019-01-22,UZS,10000,79.5093,0.00795093
2019-01-23,AMD,100,13.7075,0.137075
2019-01-23,KGS,100,95.412,0.9541200000000001
2019-01-23,KZT,100,17.5626,0.175626
2019-01-23,TJS,10,70.4948,7.04948
2019-01-23,UZS,10000,79.6517,0.00796517
2019-01-24,AMD,100,13.6555,0.136555
2019-01-24,KGS,100,94.9632,0.949632
2019-01-24,KZT,100,17.5166,0.17516600000000002
2019-01-24,TJS,10,70.2638,7.0263800000000005
2019-01-24,UZS,10000,79.1721,0.00791721
2019-01-25,AMD,100,13.6114,0.13611399999999999
2019-01-25,KGS,100,94.5582,0.945582
2019-01-25,KZT,100,17.4802,0.174802
2019-01-25,TJS,10,69.914,6.9914000000000005
2019-01-25,UZS,10000,78.7783,0.00787783
2019-01-26,AMD,100,13.5604,0.135604
2019-01-26,KGS,100,94.3559,0.943559
2019-01-26,KZT,100,17.3979,0.173979
2019-01-26,TJS,10,69.9014,6.990139999999999
2019-01-26,UZS,10000,78.7792,0.00787792
2019-01-29,AMD,100,13.5658,0.135658
2019-01-29,KGS,100,94.4556,0.9445560000000001
2019-01-29,KZT,100,17.3715,0.173715
2019-01-29,TJS,10,69.8781,6.9878100000000005
2019-01-29,UZS,10000,78.7161,0.00787161
2019-01-30,AMD,100,13.6476,0.13647600000000001
2019-01-30,KGS,100,94.9767,0.9497669999999999
2019-01-30,KZT,100,17.4224,0.174224
2019-01-30,TJS,10,70.2953,7.029529999999999
2019-01-30,UZS,10000,79.2847,0.00792847
2019-01-31,AMD,100,13.5838,0.13583800000000001
2019-01-31,KGS,100,94.6634,0.946634
2019-01-31,KZT,100,17.3405,0.17340499999999998
2019-01-31,TJS,10,70.0941,7.00941
2019-01-31,UZS,10000,78.8538,0.00788538
2019-02-01,AMD,100,13.3985,0.133985
2019-02-01,KGS,100,93.6357,0.936357
2019-02-01,KZT,100,17.1867,0.171867
2019-02-01,TJS,10,69.3083,6.93083
2019-02-01,UZS,10000,77.9704,0.00779704
2019-02-02,AMD,100,13.477,0.13477
2019-02-02,KGS,100,94.0689,0.940689
2019-02-02,KZT,100,17.1804,0.17180399999999998
2019-02-02,TJS,10,69.629,6.9629
2019-02-02,UZS,10000,78.3305,0.00783305
2019-02-05,AMD,100,13.4646,0.13464600000000002
2019-02-05,KGS,100,93.8953,0.938953
2019-02-05,KZT,100,17.1835,0.171835
2019-02-05,TJS,10,69.4884,6.94884
2019-02-05,UZS,10000,78.2187,0.00782187
2019-02-06,AMD,100,13.4708,0.134708
2019-02-06,KGS,100,93.8713,0.938713
2019-02-06,KZT,100,17.3243,0.173243
2019-02-06,TJS,10,69.4956,6.94956
2019-02-06,UZS,10000,78.0442,0.00780442
2019-02-07,AMD,100,13.4567,0.134567
2019-02-07,KGS,100,94.1081,0.941081
2019-02-07,KZT,100,17.4058,0.174058
2019-02-07,TJS,10,69.638,6.963800000000001
2019-02-07,UZS,10000,78.3563,0.00783563
2019-02-08,AMD,100,13.5038,0.135038
2019-02-08,KGS,100,94.5573,0.945573
2019-02-08,KZT,100,17.4434,0.174434
2019-02-08,TJS,10,70.0105,7.001049999999999
2019-02-08,UZS,10000,78.6042,0.00786042
2019-02-09,AMD,100,13.5444,0.135444
2019-02-09,KGS,100,94.6458,0.9464579999999999
2019-02-09,KZT,100,17.4917,0.17491700000000002
2019-02-09,TJS,10,70.0189,7.00189
2019-02-09,UZS,10000,78.6317,0.00786317
2019-02-12,AMD,100,13.3983,0.13398300000000002
2019-02-12,KGS,100,94.1243,0.941243
2019-02-12,KZT,100,17.4917,0.17491700000000002
2019-02-12,TJS,10,69.536,6.9536
2019-02-12,UZS,10000,78.166,0.0078166
2019-02-13,AMD,100,13.4276,0.134276
2019-02-13,KGS,100,94.1202,0.941202
2019-02-13,KZT,100,17.5623,0.175623
2019-02-13,TJS,10,69.6499,6.96499
2019-02-13,UZS,10000,78.3003,0.00783003
2019-02-14,AMD,100,13.4559,0.13455899999999998
2019-02-14,KGS,100,94.095,0.94095
2019-02-14,KZT,100,17.5339,0.175339
2019-02-14,TJS,10,69.6113,6.96113
2019-02-14,UZS,10000,78.2243,0.00782243
2019-02-15,AMD,100,13.6386,0.136386
2019-02-15,KGS,100,95.3473,0.953473
2019-02-15,KZT,100,17.6329,0.17632899999999999
2019-02-15,TJS,10,70.5651,7.05651
2019-02-15,UZS,10000,79.2871,0.00792871
2019-02-16,AMD,100,13.6759,0.136759
2019-02-16,KGS,100,95.5924,0.955924
2019-02-16,KZT,100,17.6523,0.176523
2019-02-16,TJS,10,70.6809,7.06809
2019-02-16,UZS,10000,79.4559,0.00794559
2019-02-19,AMD,100,13.5822,0.135822
2019-02-19,KGS,100,94.9778,0.949778
2019-02-19,KZT,100,17.5801,0.175801
2019-02-19,TJS,10,70.1888,7.01888
2019-02-19,UZS,10000,78.911,0.0078911
2019-02-20,AMD,100,13.573,0.13573000000000002
2019-02-20,KGS,100,94.9135,0.949135
2019-02-20,KZT,100,17.5472,0.175472
2019-02-20,TJS,10,70.2038,7.02038
2019-02-20,UZS,10000,78.891,0.007889100000000001
2019-02-21,AMD,100,13.5063,0.135063
2019-02-21,KGS,100,94.3642,0.943642
2019-02-21,KZT,100,17.5067,0.17506699999999997
2019-02-21,TJS,10,69.7606,6.9760599999999995
2019-02-21,UZS,10000,78.4743,0.00784743
2019-02-22,AMD,100,13.4372,0.13437200000000002
2019-02-22,KGS,100,93.9913,0.939913
2019-02-22,KZT,100,17.4235,0.174235
2019-02-22,TJS,10,69.4649,6.94649
2019-02-22,UZS,10000,78.12,0.007812
2019-02-23,AMD,100,13.406,0.13406
2019-02-23,KGS,100,93.8743,0.9387430000000001
2019-02-23,KZT,100,17.3858,0.17385799999999998
2019-02-23,TJS,10,69.4131,6.94131
2019-02-23,UZS,10000,78.0664,0.00780664
2019-02-26,AMD,100,13.3534,0.133534
2019-02-26,KGS,100,93.6541,0.936541
2019-02-26,KZT,100,17.3568,0.173568
2019-02-26,TJS,10,69.1412,6.91412
2019-02-26,UZS,10000,77.7846,0.00777846
2019-02-27,AMD,100,13.4243,0.134243
2019-02-27,KGS,100,94.2113,0.942113
2019-02-27,KZT,100,17.3465,0.17346499999999998
2019-02-27,TJS,10,69.5476,6.95476
2019-02-27,UZS,10000,78.0876,0.00780876
2019-02-28,AMD,100,13.4308,0.13430799999999998
2019-02-28,KGS,100,94.3564,0.943564
2019-02-28,KZT,100,17.4616,0.174616
2019-02-28,TJS,10,69.7317,6.9731700000000005
2019-02-28,UZS,10000,78.2528,0.007825279999999999
2019-03-01,AMD,100,13.4441,0.134441
2019-03-01,KGS,100,94.5466,0.945466
2019-03-01,KZT,100,17.5738,0.17573799999999998
2019-03-01,TJS,10,69.8352,6.98352
2019-03-01,UZS,10000,78.4852,0.007848520000000001
2019-03-02,AMD,100,13.437,0.13437
2019-03-02,KGS,100,94.4389,0.944389
2019-03-02,KZT,100,17.4398,0.17439800000000003
2019-03-02,TJS,10,69.7306,6.973059999999999
2019-03-02,UZS,10000,78.3212,0.00783212
2019-03-05,AMD,100,13.4483,0.134483
2019-03-05,KGS,100,94.3983,0.943983
2019-03-05,KZT,100,17.451,0.17451
2019-03-05,TJS,10,69.7726,6.977259999999999
2019-03-05,UZS,10000,78.3496,0.00783496
2019-03-06,AMD,100,13.4177,0.134177
2019-03-06,KGS,100,94.4052,0.9440519999999999
2019-03-06,KZT,100,17.4292,0.174292
2019-03-06,TJS,10,69.7777,6.97777
2019-03-06,UZS,10000,78.3995,0.00783995
2019-03-07,AMD,100,13.4483,0.134483
2019-03-07,KGS,100,94.4121,0.944121
2019-03-07,KZT,100,17.4174,0.174174
2019-03-07,TJS,10,69.746,6.9746
2019-03-07,UZS,10000,78.4504,0.007845040000000001
2019-03-08,AMD,100,13.4704,0.134704
2019-03-08,KGS,100,94.6,0.946
2019-03-08,KZT,100,17.3829,0.17382899999999998
2019-03-08,TJS,10,69.897,6.989700000000001
2019-03-08,UZS,10000,78.6186,0.00786186
2019-03-12,AMD,100,13.5208,0.135208
2019-03-12,KGS,100,94.733,0.94733
2019-03-12,KZT,100,17.4353,0.174353
2019-03-12,TJS,10,70.0332,7.0033199999999995
2019-03-12,UZS,10000,78.8403,0.00788403
2019-03-13,AMD,100,13.4494,0.134494
2019-03-13,KGS,100,94.2902,0.942902
2019-03-13,KZT,100,17.3997,0.17399699999999999
2019-03-13,TJS,10,69.7427,6.97427
2019-03-13,UZS,10000,78.5604,0.00785604
2019-03-14,AMD,100,13.4074,0.134074
2019-03-14,KGS,100,93.9132,0.9391320000000001
2019-03-14,KZT,100,17.3548,0.173548
2019-03-14,TJS,10,69.5536,6.955360000000001
2019-03-14,UZS,10000,78.3475,0.00783475
2019-03-15,AMD,100,13.4268,0.134268
2019-03-15,KGS,100,93.6993,0.936993
2019-03-15,KZT,100,17.3329,0.17332899999999998
2019-03-15,TJS,10,69.3554,6.9355400000000005
2019-03-15,UZS,10000,78.2364,0.00782364
2019-03-16,AMD,100,13.4264,0.134264
2019-03-16,KGS,100,93.7251,0.937251
2019-03-16,KZT,100,17.2485,0.172485
2019-03-16,TJS,10,69.3193,6.9319299999999995
2019-03-16,UZS,10000,78.1457,0.00781457
2019-03-19,AMD,100,13.3037,0.133037
2019-03-19,KGS,100,92.716,0.92716
2019-03-19,KZT,100,17.1865,0.171865
2019-03-19,TJS,10,68.542,6.8542000000000005
2019-03-19,UZS,10000,77.2486,0.007724859999999999
2019-03-20,AMD,100,13.1999,0.131999
2019-03-20,KGS,100,91.9408,0.919408
2019-03-20,KZT,100,17.0905,0.17090499999999997
2019-03-20,TJS,10,68.1501,6.815009999999999
2019-03-20,UZS,10000,76.7913,0.007679130000000001
2019-03-21,AMD,100,13.2237,0.132237
2019-03-21,KGS,100,91.9437,0.9194370000000001
2019-03-21,KZT,100,16.9744,0.169744
2019-03-21,TJS,10,68.0964,6.80964
2019-03-21,UZS,10000,76.7476,0.007674760000000001
2019-03-22,AMD,100,13.121,0.13121
2019-03-22,KGS,100,91.1824,0.911824
2019-03-22,KZT,100,16.846,0.16846
2019-03-22,TJS,10,67.5247,6.75247
2019-03-22,UZS,10000,76.0824,0.0076082400000000005
2019-03-23,AMD,100,13.1013,0.131013
2019-03-23,KGS,100,91.2228,0.912228
2019-03-23,KZT,100,16.8536,0.168536
2019-03-23,TJS,10,67.5549,6.75549
2019-03-23,UZS,10000,76.1163,0.0076116299999999994
2019-03-26,AMD,100,13.2742,0.132742
2019-03-26,KGS,100,92.4721,0.924721
2019-03-26,KZT,100,17.0462,0.170462
2019-03-26,TJS,10,68.398,6.839799999999999
2019-03-26,UZS,10000,76.9543,0.0076954300000000005
2019-03-27,AMD,100,13.2034,0.132034
2019-03-27,KGS,100,91.9976,0.919976
2019-03-27,KZT,100,16.9587,0.16958700000000002
2019-03-27,TJS,10,68.047,6.8046999999999995
2019-03-27,UZS,10000,76.6419,0.00766419
2019-03-28,AMD,100,13.2702,0.13270200000000001
2019-03-28,KGS,100,92.5792,0.925792
2019-03-28,KZT,100,17.0528,0.170528
2019-03-28,TJS,10,68.4968,6.849679999999999
2019-03-28,UZS,10000,77.0107,0.00770107
2019-03-29,AMD,100,13.3254,0.133254
2019-03-29,KGS,100,92.8384,0.9283839999999999
2019-03-29,KZT,100,16.9823,0.16982299999999997
2019-03-29,TJS,10,68.6635,6.86635
2019-03-29,UZS,10000,77.2596,0.0077259600000000005
2019-03-30,AMD,100,13.2994,0.132994
2019-03-30,KGS,100,92.7431,0.927431
2019-03-30,KZT,100,17.0498,0.170498
2019-03-30,TJS,10,68.5931,6.859310000000001
2019-03-30,UZS,10000,77.1802,0.00771802
2019-04-02,AMD,100,13.4493,0.134493
2019-04-02,KGS,100,93.7215,0.937215
2019-04-02,KZT,100,17.2183,0.172183
2019-04-02,TJS,10,69.2873,6.92873
2019-04-02,UZS,10000,77.8568,0.0077856800000000006
2019-04-03,AMD,100,13.4441,0.134441
2019-04-03,KGS,100,93.5336,0.9353360000000001
2019-04-03,KZT,100,17.2396,0.172396
2019-04-03,TJS,10,69.3595,6.93595
2019-04-03,UZS,10000,77.7621,0.00777621
2019-04-04,AMD,100,13.3724,0.133724
2019-04-04,KGS,100,93.358,0.9335800000000001
2019-04-04,KZT,100,17.1846,0.171846
2019-04-04,TJS,10,69.0478,6.90478
2019-04-04,UZS,10000,77.4138,0.007741379999999999
2019-04-05,AMD,100,13.4006,0.13400600000000001
2019-04-05,KGS,100,93.5598,0.9355979999999999
2019-04-05,KZT,100,17.2721,0.17272099999999999
2019-04-05,TJS,10,69.2769,6.92769
2019-04-05,UZS,10000,77.6135,0.00776135
2019-04-06,AMD,100,13.4196,0.134196
2019-04-06,KGS,100,93.673,0.9367300000000001
2019-04-06,KZT,100,17.2088,0.172088
2019-04-06,TJS,10,69.324,6.9323999999999995
2019-04-06,UZS,10000,77.7102,0.00777102
2019-04-09,AMD,100,13.4051,0.134051
2019-04-09,KGS,100,93.3569,0.933569
2019-04-09,KZT,100,17.1666,0.17166599999999999
2019-04-09,TJS,10,69.2999,6.929989999999999
2019-04-09,UZS,10000,77.493,0.0077493
2019-04-10,AMD,100,13.3011,0.133011
2019-04-10,KGS,100,92.5512,0.9255119999999999
2019-04-10,KZT,100,17.0442,0.170442
2019-04-10,TJS,10,68.692,6.869199999999999
2019-04-10,UZS,10000,76.669,0.0076669
2019-04-11,AMD,100,13.3314,0.13331400000000002
2019-04-11,KGS,100,92.4885,0.9248850000000001
2019-04-11,KZT,100,17.0797,0.17079699999999998
2019-04-11,TJS,10,68.6504,6.8650400000000005
2019-04-11,UZS,10000,76.9674,0.00769674
2019-04-12,AMD,100,13.2782,0.132782
2019-04-12,KGS,100,92.0013,0.920013
2019-04-12,KZT,100,17.0287,0.170287
2019-04-12,TJS,10,68.2917,6.82917
2019-04-12,UZS,10000,76.2222,0.00762222
2019-04-13,AMD,100,13.2861,0.132861
2019-04-13,KGS,100,92.3983,0.9239830000000001
2019-04-13,KZT,100,16.9903,0.16990300000000003
2019-04-13,TJS,10,68.4169,6.84169
2019-04-13,UZS,10000,76.3618,0.00763618
2019-04-16,AMD,100,13.2441,0.132441
2019-04-16,KGS,100,91.7813,0.917813
2019-04-16,KZT,100,16.9213,0.16921299999999997
2019-04-16,TJS,10,68.1303,6.81303
2019-04-16,UZS,10000,76.0421,0.00760421
2019-04-17,AMD,100,13.2595,0.132595
2019-04-17,KGS,100,91.8402,0.9184019999999999
2019-04-17,KZT,100,16.9067,0.169067
2019-04-17,TJS,10,68.0892,6.8089200000000005
2019-04-17,UZS,10000,76.1333,0.007613330000000001
2019-04-18,AMD,100,13.2227,0.13222699999999998
2019-04-18,KGS,100,91.7103,0.917103
2019-04-18,KZT,100,16.8596,0.168596
2019-04-18,TJS,10,67.7355,6.77355
2019-04-18,UZS,10000,75.649,0.0075649
2019-04-19,AMD,100,13.2758,0.13275800000000001
2019-04-19,KGS,100,91.7516,0.917516
2019-04-19,KZT,100,16.8878,0.16887799999999997
2019-04-19,TJS,10,67.9415,6.79415
2019-04-19,UZS,10000,75.7735,0.00757735
2019-04-20,AMD,100,13.2587,0.13258699999999998
2019-04-20,KGS,100,91.604,0.91604
2019-04-20,KZT,100,16.868,0.16868
2019-04-20,TJS,10,67.758,6.775799999999999
2019-04-20,UZS,10000,75.6447,0.00756447
2019-04-23,AMD,100,13.2309,0.132309
2019-04-23,KGS,100,91.3936,0.9139360000000001
2019-04-23,KZT,100,16.9014,0.169014
2019-04-23,TJS,10,67.6416,6.7641599999999995
2019-04-23,UZS,10000,75.4608,0.007546080000000001
2019-04-24,AMD,100,13.2511,0.132511
2019-04-24,KGS,100,91.3611,0.913611
2019-04-24,KZT,100,16.8924,0.168924
2019-04-24,TJS,10,67.5762,6.75762
2019-04-24,UZS,10000,75.5915,0.00755915
2019-04-25,AMD,100,13.2807,0.132807
2019-04-25,KGS,100,91.6616,0.9166160000000001
2019-04-25,KZT,100,16.8799,0.168799
2019-04-25,TJS,10,67.8471,6.78471
2019-04-25,UZS,10000,75.8537,0.00758537
2019-04-26,AMD,100,13.4259,0.13425900000000002
2019-04-26,KGS,100,92.7303,0.927303
2019-04-26,KZT,100,17.0151,0.170151
2019-04-26,TJS,10,68.589,6.8589
2019-04-26,UZS,10000,76.6448,0.00766448
2019-04-27,AMD,100,13.4313,0.13431300000000002
2019-04-27,KGS,100,92.6346,0.9263460000000001
2019-04-27,KZT,100,16.9752,0.16975200000000001
2019-04-27,TJS,10,68.5307,6.85307
2019-04-27,UZS,10000,76.6528,0.00766528
2019-04-30,AMD,100,13.4355,0.134355
2019-04-30,KGS,100,92.6483,0.9264830000000001
2019-04-30,KZT,100,16.9361,0.16936099999999998
2019-04-30,TJS,10,68.5475,6.85475
2019-04-30,UZS,10000,76.6593,0.0076659300000000005
2019-05-01,AMD,100,13.4229,0.13422900000000001
2019-05-01,KGS,100,92.562,0.92562
2019-05-01,KZT,100,16.9558,0.169558
2019-05-01,TJS,10,68.5381,6.85381
2019-05-01,UZS,10000,76.5281,0.0076528099999999995
2019-05-07,AMD,100,13.5761,0.135761
2019-05-07,KGS,100,93.337,0.93337
2019-05-07,KZT,100,17.1722,0.171722
2019-05-07,TJS,10,69.2475,6.92475
2019-05-07,UZS,10000,77.3683,0.00773683
2019-05-08,AMD,100,13.5332,0.135332
2019-05-08,KGS,100,93.4001,0.934001
2019-05-08,KZT,100,17.1217,0.171217
2019-05-08,TJS,10,69.122,6.9122
2019-05-08,UZS,10000,77.2124,0.00772124
2019-05-09,AMD,100,13.5357,0.135357
2019-05-09,KGS,100,93.1884,0.931884
2019-05-09,KZT,100,17.1465,0.171465
2019-05-09,TJS,10,69.0945,6.90945
2019-05-09,UZS,10000,77.2267,0.007722669999999999
2019-05-14,AMD,100,13.6028,0.136028
2019-05-14,KGS,100,93.7298,0.937298
2019-05-14,KZT,100,17.2438,0.172438
2019-05-14,TJS,10,69.3725,6.937250000000001
2019-05-14,UZS,10000,77.49,0.007749
2019-05-15,AMD,100,13.5669,0.135669
2019-05-15,KGS,100,93.2879,0.9328789999999999
2019-05-15,KZT,100,17.1899,0.17189900000000002
2019-05-15,TJS,10,69.1606,6.91606
2019-05-15,UZS,10000,77.2038,0.00772038
2019-05-16,AMD,100,13.4793,0.134793
2019-05-16,KGS,100,92.8402,0.928402
2019-05-16,KZT,100,17.0666,0.170666
2019-05-16,TJS,10,68.6973,6.86973
2019-05-16,UZS,10000,76.6929,0.00766929
2019-05-17,AMD,100,13.45,0.13449999999999998
2019-05-17,KGS,100,92.4263,0.924263
2019-05-17,KZT,100,17.0408,0.170408
2019-05-17,TJS,10,68.4077,6.840770000000001
2019-05-17,UZS,10000,76.351,0.0076351
2019-05-18,AMD,100,13.4862,0.134862
2019-05-18,KGS,100,92.5307,0.925307
2019-05-18,KZT,100,17.0321,0.170321
2019-05-18,TJS,10,68.485,6.8485
2019-05-18,UZS,10000,76.4372,0.0076437200000000005
2019-05-21,AMD,100,13.4324,0.134324
2019-05-21,KGS,100,92.3247,0.923247
2019-05-21,KZT,100,17.0214,0.170214
2019-05-21,TJS,10,68.3869,6.83869
2019-05-21,UZS,10000,76.2671,0.00762671
2019-05-22,AMD,100,13.4663,0.134663
2019-05-22,KGS,100,92.394,0.9239400000000001
2019-05-22,KZT,100,17.0296,0.17029599999999998
2019-05-22,TJS,10,68.4382,6.843819999999999
2019-05-22,UZS,10000,76.3898,0.007638979999999999
2019-05-23,AMD,100,13.4409,0.134409
2019-05-23,KGS,100,92.286,0.92286
2019-05-23,KZT,100,16.9884,0.16988399999999998
2019-05-23,TJS,10,68.273,6.827299999999999
2019-05-23,UZS,10000,76.1557,0.0076155699999999995
2019-05-24,AMD,100,13.4525,0.134525
2019-05-24,KGS,100,92.3283,0.923283
2019-05-24,KZT,100,17.0601,0.17060099999999997
2019-05-24,TJS,10,68.3895,6.83895
2019-05-24,UZS,10000,76.2452,0.00762452
2019-05-25,AMD,100,13.4746,0.134746
2019-05-25,KGS,100,92.4991,0.924991
2019-05-25,KZT,100,17.033,0.17033
2019-05-25,TJS,10,68.4797,6.847969999999999
2019-05-25,UZS,10000,76.3862,0.0076386200000000005
2019-05-28,AMD,100,13.4299,0.134299
2019-05-28,KGS,100,92.2886,0.922886
2019-05-28,KZT,100,16.963,0.16963
2019-05-28,TJS,10,68.3239,6.832389999999999
2019-05-28,UZS,10000,76.2123,0.00762123
2019-05-29,AMD,100,13.4407,0.134407
2019-05-29,KGS,100,92.2057,0.9220569999999999
2019-05-29,KZT,100,16.9564,0.169564
2019-05-29,TJS,10,68.4768,6.8476799999999995
2019-05-29,UZS,10000,76.0772,0.00760772
2019-05-30,AMD,100,13.5226,0.135226
2019-05-30,KGS,100,92.7382,0.927382
2019-05-30,KZT,100,16.9975,0.169975
2019-05-30,TJS,10,68.8318,6.88318
2019-05-30,UZS,10000,76.5122,0.007651220000000001
2019-05-31,AMD,100,13.5538,0.13553800000000002
2019-05-31,KGS,100,93.14,0.9314
2019-05-31,KZT,100,17.0544,0.170544
2019-05-31,TJS,10,69.0274,6.90274
2019-05-31,UZS,10000,76.6889,0.00766889
2019-06-01,AMD,100,13.6145,0.136145
2019-06-01,KGS,100,93.4155,0.934155
2019-06-01,KZT,100,17.0928,0.170928
2019-06-01,TJS,10,69.2988,6.92988
2019-06-01,UZS,10000,77.0721,0.007707210000000001
2019-06-04,AMD,100,13.643,0.13643
2019-06-04,KGS,100,93.8507,0.938507
2019-06-04,KZT,100,17.0682,0.170682
2019-06-04,TJS,10,69.5172,6.95172
2019-06-04,UZS,10000,77.274,0.0077274
2019-06-05,AMD,100,13.5894,0.135894
2019-06-05,KGS,100,93.2876,0.9328759999999999
2019-06-05,KZT,100,16.9614,0.16961400000000001
2019-06-05,TJS,10,69.0452,6.90452
2019-06-05,UZS,10000,76.5564,0.00765564
2019-06-06,AMD,100,13.5817,0.135817
2019-06-06,KGS,100,93.0374,0.930374
2019-06-06,KZT,100,16.9387,0.169387
2019-06-06,TJS,10,68.9905,6.89905
2019-06-06,UZS,10000,76.5039,0.00765039
2019-06-07,AMD,100,13.6117,0.13611700000000002
2019-06-07,KGS,100,93.1914,0.931914
2019-06-07,KZT,100,16.9562,0.169562
2019-06-07,TJS,10,69.0994,6.909940000000001
2019-06-07,UZS,10000,76.6326,0.00766326
2019-06-08,AMD,100,13.5711,0.135711
2019-06-08,KGS,100,93.2466,0.932466
2019-06-08,KZT,100,16.9564,0.169564
2019-06-08,TJS,10,68.9708,6.89708
2019-06-08,UZS,10000,76.5685,0.00765685
2019-06-11,AMD,100,13.5265,0.135265
2019-06-11,KGS,100,92.5665,0.9256650000000001
2019-06-11,KZT,100,16.9004,0.16900400000000002
2019-06-11,TJS,10,68.6231,6.862309999999999
2019-06-11,UZS,10000,76.1312,0.007613120000000001
2019-06-12,AMD,100,13.4689,0.134689
2019-06-12,KGS,100,92.2887,0.922887
2019-06-12,KZT,100,16.7955,0.167955
2019-06-12,TJS,10,68.4155,6.84155
2019-06-12,UZS,10000,75.7569,0.00757569
2019-06-14,AMD,100,13.5141,0.13514099999999998
2019-06-14,KGS,100,92.379,0.92379
2019-06-14,KZT,100,16.8171,0.168171
2019-06-14,TJS,10,68.5381,6.85381
2019-06-14,UZS,10000,75.8926,0.0075892600000000005
2019-06-15,AMD,100,13.4712,0.134712
2019-06-15,KGS,100,92.0992,0.9209919999999999
2019-06-15,KZT,100,16.7741,0.167741
2019-06-15,TJS,10,68.291,6.8290999999999995
2019-06-15,UZS,10000,75.6592,0.007565919999999999
2019-06-18,AMD,100,13.4671,0.134671
2019-06-18,KGS,100,92.1471,0.9214709999999999
2019-06-18,KZT,100,16.766,0.16765999999999998
2019-06-18,TJS,10,68.1703,6.81703
2019-06-18,UZS,10000,75.5253,0.00755253
2019-06-19,AMD,100,13.4804,0.134804
2019-06-19,KGS,100,92.1048,0.921048
2019-06-19,KZT,100,16.7529,0.167529
2019-06-19,TJS,10,68.1878,6.818779999999999
2019-06-19,UZS,10000,75.3937,0.007539369999999999
2019-06-20,AMD,100,13.4058,0.13405799999999998
2019-06-20,KGS,100,91.6085,0.916085
2019-06-20,KZT,100,16.7477,0.167477
2019-06-20,TJS,10,67.8467,6.78467
2019-06-20,UZS,10000,74.9768,0.00749768
2019-06-21,AMD,100,13.2721,0.132721
2019-06-21,KGS,100,90.7483,0.907483
2019-06-21,KZT,100,16.6777,0.166777
2019-06-21,TJS,10,67.143,6.7143
2019-06-21,UZS,10000,74.2833,0.0074283299999999995
2019-06-22,AMD,100,13.2278,0.132278
2019-06-22,KGS,100,90.5082,0.905082
2019-06-22,KZT,100,16.6736,0.166736
2019-06-22,TJS,10,66.9454,6.694540000000001
2019-06-22,UZS,10000,73.9809,0.00739809
2019-06-25,AMD,100,13.1886,0.131886
2019-06-25,KGS,100,90.1928,0.9019280000000001
2019-06-25,KZT,100,16.6372,0.166372
2019-06-25,TJS,10,66.7121,6.67121
2019-06-25,UZS,10000,73.723,0.0073723
2019-06-26,AMD,100,13.0856,0.130856
2019-06-26,KGS,100,89.8963,0.898963
2019-06-26,KZT,100,16.5097,0.165097
2019-06-26,TJS,10,66.3021,6.63021
2019-06-26,UZS,10000,73.0423,0.00730423
2019-06-27,AMD,100,13.1591,0.131591
2019-06-27,KGS,100,90.2548,0.902548
2019-06-27,KZT,100,16.5691,0.16569099999999998
2019-06-27,TJS,10,66.5695,6.65695
2019-06-27,UZS,10000,73.3757,0.00733757
2019-06-28,AMD,100,13.217,0.13217
2019-06-28,KGS,100,90.6082,0.9060819999999999
2019-06-28,KZT,100,16.568,0.16568000000000002
2019-06-28,TJS,10,66.7873,6.67873
2019-06-28,UZS,10000,73.6523,0.0073652299999999995
2019-06-29,AMD,100,13.2145,0.13214499999999998
2019-06-29,KGS,100,90.6649,0.906649
2019-06-29,KZT,100,16.5759,0.16575900000000002
2019-06-29,TJS,10,66.8528,6.6852800000000006
2019-06-29,UZS,10000,73.6878,0.007368779999999999
2019-07-02,AMD,100,13.2328,0.132328
2019-07-02,KGS,100,90.5397,0.905397
2019-07-02,KZT,100,16.5485,0.165485
2019-07-02,TJS,10,66.7826,6.67826
2019-07-02,UZS,10000,73.6628,0.00736628
2019-07-03,AMD,100,13.2689,0.132689
2019-07-03,KGS,100,90.9721,0.909721
2019-07-03,KZT,100,16.5417,0.16541699999999998
2019-07-03,TJS,10,66.995,6.6995000000000005
2019-07-03,UZS,10000,73.7574,0.00737574
2019-07-04,AMD,100,13.3253,0.133253
2019-07-04,KGS,100,90.9672,0.909672
2019-07-04,KZT,100,16.5191,0.165191
2019-07-04,TJS,10,67.2568,6.72568
2019-07-04,UZS,10000,74.0706,0.00740706
2019-07-05,AMD,100,13.3056,0.133056
2019-07-05,KGS,100,91.0938,0.910938
2019-07-05,KZT,100,16.5485,0.165485
2019-07-05,TJS,10,67.1645,6.71645
2019-07-05,UZS,10000,73.9612,0.007396120000000001
2019-07-06,AMD,100,13.3297,0.133297
2019-07-06,KGS,100,91.2909,0.912909
2019-07-06,KZT,100,16.5487,0.165487
2019-07-06,TJS,10,67.4275,6.742749999999999
2019-07-06,UZS,10000,74.1744,0.007417440000000001
2019-07-09,AMD,100,13.404,0.13404
2019-07-09,KGS,100,91.5697,0.915697
2019-07-09,KZT,100,16.623,0.16623000000000002
2019-07-09,TJS,10,67.7305,6.7730500000000005
2019-07-09,UZS,10000,74.5078,0.007450780000000001
2019-07-10,AMD,100,13.399,0.13399
2019-07-10,KGS,100,91.3553,0.913553
2019-07-10,KZT,100,16.568,0.16568000000000002
2019-07-10,TJS,10,67.6204,6.762040000000001
2019-07-10,UZS,10000,74.3552,0.007435519999999999
2019-07-11,AMD,100,13.375,0.13375
2019-07-11,KGS,100,91.4023,0.9140229999999999
2019-07-11,KZT,100,16.5959,0.165959
2019-07-11,TJS,10,67.6551,6.765510000000001
2019-07-11,UZS,10000,74.3935,0.00743935
2019-07-12,AMD,100,13.2064,0.13206400000000001
2019-07-12,KGS,100,90.2499,0.9024989999999999
2019-07-12,KZT,100,16.4339,0.164339
2019-07-12,TJS,10,66.7667,6.67667
2019-07-12,UZS,10000,73.4555,0.00734555
2019-07-13,AMD,100,13.214,0.13214
2019-07-13,KGS,100,90.5466,0.905466
2019-07-13,KZT,100,16.4278,0.164278
2019-07-13,TJS,10,66.8297,6.68297
2019-07-13,UZS,10000,73.629,0.0073629
2019-07-16,AMD,100,13.1743,0.131743
2019-07-16,KGS,100,90.2701,0.902701
2019-07-16,KZT,100,16.4018,0.16401800000000002
2019-07-16,TJS,10,66.6257,6.66257
2019-07-16,UZS,10000,73.2615,0.00732615
2019-07-17,AMD,100,13.1821,0.131821
2019-07-17,KGS,100,90.2484,0.9024840000000001
2019-07-17,KZT,100,16.4034,0.164034
2019-07-17,TJS,10,66.6097,6.660970000000001
2019-07-17,UZS,10000,73.1917,0.00731917
2019-07-18,AMD,100,13.221,0.13221
2019-07-18,KGS,100,90.4384,0.904384
2019-07-18,KZT,100,16.3858,0.163858
2019-07-18,TJS,10,66.7498,6.67498
2019-07-18,UZS,10000,73.4051,0.007340510000000001
2019-07-19,AMD,100,13.191,0.13191
2019-07-19,KGS,100,90.2062,0.9020619999999999
2019-07-19,KZT,100,16.3427,0.16342700000000002
2019-07-19,TJS,10,66.6263,6.66263
2019-07-19,UZS,10000,73.3494,0.00733494
2019-07-20,AMD,100,13.1962,0.131962
2019-07-20,KGS,100,90.2867,0.902867
2019-07-20,KZT,100,16.3309,0.163309
2019-07-20,TJS,10,66.6666,6.66666
2019-07-20,UZS,10000,73.2542,0.00732542
2019-07-23,AMD,100,13.2181,0.132181
2019-07-23,KGS,100,90.4201,0.904201
2019-07-23,KZT,100,16.3819,0.16381900000000002
2019-07-23,TJS,10,66.7843,6.6784300000000005
2019-07-23,UZS,10000,73.3838,0.007338379999999999
2019-07-24,AMD,100,13.268,0.13268000000000002
2019-07-24,KGS,100,90.5725,0.905725
2019-07-24,KZT,100,16.4144,0.164144
2019-07-24,TJS,10,66.8754,6.68754
2019-07-24,UZS,10000,73.1972,0.007319719999999999
2019-07-25,AMD,100,13.2792,0.132792
2019-07-25,KGS,100,90.4308,0.904308
2019-07-25,KZT,100,16.4128,0.164128
2019-07-25,TJS,10,66.9313,6.693129999999999
2019-07-25,UZS,10000,73.3717,0.0073371700000000005
2019-07-26,AMD,100,13.2767,0.132767
2019-07-26,KGS,100,90.548,0.9054800000000001
2019-07-26,KZT,100,16.4094,0.16409400000000002
2019-07-26,TJS,10,66.9748,6.6974800000000005
2019-07-26,UZS,10000,73.2512,0.00732512
2019-07-27,AMD,100,13.2592,0.132592
2019-07-27,KGS,100,90.4659,0.9046590000000001
2019-07-27,KZT,100,16.3913,0.163913
2019-07-27,TJS,10,66.8599,6.685989999999999
2019-07-27,UZS,10000,73.2163,0.00732163
2019-07-30,AMD,100,13.3476,0.133476
2019-07-30,KGS,100,91.0304,0.910304
2019-07-30,KZT,100,16.4808,0.16480799999999998
2019-07-30,TJS,10,67.3249,6.73249
2019-07-30,UZS,10000,73.4933,0.00734933
2019-07-31,AMD,100,13.3149,0.133149
2019-07-31,KGS,100,90.814,0.90814
2019-07-31,KZT,100,16.4747,0.16474699999999998
2019-07-31,TJS,10,67.2101,6.72101
2019-07-31,UZS,10000,73.1505,0.007315049999999999
2019-08-01,AMD,100,13.3173,0.13317299999999999
2019-08-01,KGS,100,90.8816,0.9088160000000001
2019-08-01,KZT,100,16.4966,0.164966
2019-08-01,TJS,10,67.2148,6.72148
2019-08-01,UZS,10000,73.4135,0.00734135
2019-08-02,AMD,100,13.4161,0.134161
2019-08-02,KGS,100,91.5183,0.915183
2019-08-02,KZT,100,16.5706,0.165706
2019-08-02,TJS,10,67.6925,6.7692499999999995
2019-08-02,UZS,10000,73.6755,0.00736755
2019-08-03,AMD,100,13.584,0.13584
2019-08-03,KGS,100,92.6904,0.926904
2019-08-03,KZT,100,16.7435,0.167435
2019-08-03,TJS,10,68.4785,6.847849999999999
2019-08-03,UZS,10000,74.587,0.0074587
2019-08-06,AMD,100,13.6704,0.13670400000000002
2019-08-06,KGS,100,93.2682,0.9326819999999999
2019-08-06,KZT,100,16.8245,0.168245
2019-08-06,TJS,10,68.9152,6.89152
2019-08-06,UZS,10000,75.0627,0.007506270000000001
2019-08-07,AMD,100,13.6947,0.13694699999999999
2019-08-07,KGS,100,93.481,0.9348099999999999
2019-08-07,KZT,100,16.839,0.16838999999999998
2019-08-07,TJS,10,69.0893,6.90893
2019-08-07,UZS,10000,74.9257,0.0074925700000000005
2019-08-08,AMD,100,13.6699,0.13669900000000001
2019-08-08,KGS,100,93.3236,0.933236
2019-08-08,KZT,100,16.795,0.16795000000000002
2019-08-08,TJS,10,68.9912,6.899120000000001
2019-08-08,UZS,10000,74.7995,0.007479949999999999
2019-08-09,AMD,100,13.6698,0.13669800000000001
2019-08-09,KGS,100,93.3762,0.933762
2019-08-09,KZT,100,16.7915,0.16791499999999998
2019-08-09,TJS,10,69.0667,6.90667
2019-08-09,UZS,10000,75.0566,0.00750566
2019-08-10,AMD,100,13.7031,0.137031
2019-08-10,KGS,100,93.5546,0.935546
2019-08-10,KZT,100,16.8353,0.168353
2019-08-10,TJS,10,69.1121,6.91121
2019-08-10,UZS,10000,74.9846,0.00749846
2019-08-13,AMD,100,13.7426,0.137426
2019-08-13,KGS,100,93.8046,0.9380459999999999
2019-08-13,KZT,100,16.8816,0.168816
2019-08-13,TJS,10,69.3042,6.93042
2019-08-13,UZS,10000,75.1849,0.00751849
2019-08-14,AMD,100,13.7819,0.137819
2019-08-14,KGS,100,94.0526,0.940526
2019-08-14,KZT,100,16.9218,0.169218
2019-08-14,TJS,10,69.567,6.9567
2019-08-14,UZS,10000,75.8978,0.00758978
2019-08-15,AMD,100,13.7053,0.13705299999999998
2019-08-15,KGS,100,93.4813,0.934813
2019-08-15,KZT,100,16.8726,0.168726
2019-08-15,TJS,10,69.1444,6.914440000000001
2019-08-15,UZS,10000,75.2634,0.00752634
2019-08-16,AMD,100,13.8426,0.138426
2019-08-16,KGS,100,94.4805,0.9448050000000001
2019-08-16,KZT,100,17.0183,0.170183
2019-08-16,TJS,10,69.8365,6.98365
2019-08-16,UZS,10000,74.5949,0.007459489999999999
2019-08-17,AMD,100,13.8531,0.138531
2019-08-17,KGS,100,94.6316,0.946316
2019-08-17,KZT,100,17.0566,0.170566
2019-08-17,TJS,10,69.9853,6.99853
2019-08-17,UZS,10000,73.2172,0.00732172
2019-08-20,AMD,100,13.9874,0.139874
2019-08-20,KGS,100,95.3101,0.9531010000000001
2019-08-20,KZT,100,17.197,0.17196999999999998
2019-08-20,TJS,10,70.6344,7.06344
2019-08-20,UZS,10000,72.7958,0.00727958
2019-08-21,AMD,100,14.0332,0.140332
2019-08-21,KGS,100,95.5622,0.9556220000000001
2019-08-21,KZT,100,17.2602,0.172602
2019-08-21,TJS,10,68.885,6.8885000000000005
2019-08-21,UZS,10000,72.988,0.0072988
2019-08-22,AMD,100,13.9179,0.139179
2019-08-22,KGS,100,94.8267,0.948267
2019-08-22,KZT,100,17.1544,0.171544
2019-08-22,TJS,10,68.3829,6.838290000000001
2019-08-22,UZS,10000,71.7437,0.00717437
2019-08-23,AMD,100,13.7827,0.137827
2019-08-23,KGS,100,93.8053,0.938053
2019-08-23,KZT,100,16.9988,0.169988
2019-08-23,TJS,10,67.7189,6.771890000000001
2019-08-23,UZS,10000,69.7006,0.006970059999999999
2019-08-24,AMD,100,13.7825,0.137825
2019-08-24,KGS,100,93.7677,0.9376770000000001
2019-08-24,KZT,100,16.9738,0.169738
2019-08-24,TJS,10,67.6685,6.76685
2019-08-24,UZS,10000,69.9111,0.006991110000000001
2019-08-27,AMD,100,13.8454,0.138454
2019-08-27,KGS,100,94.3206,0.943206
2019-08-27,KZT,100,17.0331,0.170331
2019-08-27,TJS,10,68.0841,6.80841
2019-08-27,UZS,10000,70.3717,0.007037170000000001
2019-08-28,AMD,100,13.9174,0.13917400000000002
2019-08-28,KGS,100,94.7327,0.9473269999999999
2019-08-28,KZT,100,17.0808,0.170808
2019-08-28,TJS,10,68.3806,6.8380600000000005
2019-08-28,UZS,10000,70.4902,0.0070490200000000005
2019-08-29,AMD,100,13.9522,0.139522
2019-08-29,KGS,100,95.2153,0.952153
2019-08-29,KZT,100,17.1255,0.171255
2019-08-29,TJS,10,68.502,6.850199999999999
2019-08-29,UZS,10000,70.6518,0.007065179999999999
2019-08-30,AMD,100,14.0078,0.140078
2019-08-30,KGS,100,95.7634,0.9576340000000001
2019-08-30,KZT,100,17.2306,0.172306
2019-08-30,TJS,10,68.918,6.891800000000001
2019-08-30,UZS,10000,71.0076,0.007100759999999999
2019-08-31,AMD,100,13.9596,0.139596
2019-08-31,KGS,100,95.4626,0.954626
2019-08-31,KZT,100,17.1686,0.171686
2019-08-31,TJS,10,68.6522,6.865219999999999
2019-08-31,UZS,10000,70.7337,0.00707337
2019-09-03,AMD,100,13.9818,0.139818
2019-09-03,KGS,100,95.6547,0.956547
2019-09-03,KZT,100,17.1588,0.171588
2019-09-03,TJS,10,68.7904,6.879040000000001
2019-09-03,UZS,10000,71.073,0.0071072999999999996
2019-09-04,AMD,100,14.0488,0.140488
2019-09-04,KGS,100,96.062,0.96062
2019-09-04,KZT,100,17.2173,0.17217300000000002
2019-09-04,TJS,10,69.0477,6.904770000000001
2019-09-04,UZS,10000,71.3757,0.007137569999999999
2019-09-05,AMD,100,13.9487,0.139487
2019-09-05,KGS,100,95.0084,0.9500839999999999
2019-09-05,KZT,100,17.1249,0.171249
2019-09-05,TJS,10,68.6277,6.86277
2019-09-05,UZS,10000,70.7449,0.00707449
2019-09-06,AMD,100,13.8548,0.138548
2019-09-06,KGS,100,94.3611,0.943611
2019-09-06,KZT,100,17.0272,0.170272
2019-09-06,TJS,10,68.1835,6.81835
2019-09-06,UZS,10000,70.2689,0.00702689
2019-09-07,AMD,100,13.8433,0.138433
2019-09-07,KGS,100,94.2834,0.942834
2019-09-07,KZT,100,17.0043,0.170043
2019-09-07,TJS,10,68.1095,6.81095
2019-09-07,UZS,10000,70.2107,0.00702107
2019-09-10,AMD,100,13.7535,0.13753500000000002
2019-09-10,KGS,100,93.6718,0.936718
2019-09-10,KZT,100,16.953,0.16953
2019-09-10,TJS,10,67.6626,6.76626
2019-09-10,UZS,10000,69.7551,0.00697551
2019-09-11,AMD,100,13.7405,0.137405
2019-09-11,KGS,100,93.4847,0.934847
2019-09-11,KZT,100,16.9477,0.16947700000000002
2019-09-11,TJS,10,67.5328,6.753279999999999
2019-09-11,UZS,10000,69.6163,0.00696163
2019-09-12,AMD,100,13.7318,0.137318
2019-09-12,KGS,100,93.4744,0.934744
2019-09-12,KZT,100,16.9261,0.16926100000000002
2019-09-12,TJS,10,67.5254,6.752540000000001
2019-09-12,UZS,10000,69.6086,0.006960859999999999
2019-09-13,AMD,100,13.6884,0.136884
2019-09-13,KGS,100,93.1299,0.9312990000000001
2019-09-13,KZT,100,16.8398,0.168398
2019-09-13,TJS,10,67.2938,6.729380000000001
2019-09-13,UZS,10000,69.352,0.006935200000000001
2019-09-14,AMD,100,13.5188,0.135188
2019-09-14,KGS,100,92.1016,0.9210160000000001
2019-09-14,KZT,100,16.6693,0.166693
2019-09-14,TJS,10,66.5508,6.65508
2019-09-14,UZS,10000,68.5863,0.006858629999999999
2019-09-17,AMD,100,13.3866,0.13386599999999999
2019-09-17,KGS,100,91.1817,0.9118170000000001
2019-09-17,KZT,100,16.5559,0.165559
2019-09-17,TJS,10,65.8861,6.58861
2019-09-17,UZS,10000,67.9013,0.006790130000000001
2019-09-18,AMD,100,13.4539,0.13453900000000002
2019-09-18,KGS,100,91.8972,0.918972
2019-09-18,KZT,100,16.6344,0.166344
2019-09-18,TJS,10,66.1727,6.61727
2019-09-18,UZS,10000,68.2141,0.00682141
2019-09-19,AMD,100,13.5156,0.135156
2019-09-19,KGS,100,92.0954,0.9209539999999999
2019-09-19,KZT,100,16.6528,0.16652799999999998
2019-09-19,TJS,10,66.4902,6.64902
2019-09-19,UZS,10000,68.5415,0.00685415
2019-09-20,AMD,100,13.4845,0.134845
2019-09-20,KGS,100,91.7967,0.917967
2019-09-20,KZT,100,16.5739,0.16573899999999997
2019-09-20,TJS,10,66.2744,6.62744
2019-09-20,UZS,10000,68.319,0.0068319
2019-09-21,AMD,100,13.3995,0.133995
2019-09-21,KGS,100,91.2665,0.912665
2019-09-21,KZT,100,16.5165,0.165165
2019-09-21,TJS,10,65.8913,6.58913
2019-09-21,UZS,10000,67.9241,0.00679241
2019-09-24,AMD,100,13.4424,0.134424
2019-09-24,KGS,100,91.3743,0.9137430000000001
2019-09-24,KZT,100,16.5479,0.165479
2019-09-24,TJS,10,65.991,6.5991
2019-09-24,UZS,10000,68.0269,0.00680269
2019-09-25,AMD,100,13.3892,0.133892
2019-09-25,KGS,100,91.0417,0.910417
2019-09-25,KZT,100,16.4732,0.164732
2019-09-25,TJS,10,65.7441,6.57441
2019-09-25,UZS,10000,67.5567,0.006755670000000001
2019-09-26,AMD,100,13.4876,0.134876
2019-09-26,KGS,100,91.73,0.9173
2019-09-26,KZT,100,16.5506,0.165506
2019-09-26,TJS,10,66.2408,6.624079999999999
2019-09-26,UZS,10000,68.0671,0.00680671
2019-09-27,AMD,100,13.5117,0.135117
2019-09-27,KGS,100,91.9894,0.919894
2019-09-27,KZT,100,16.5853,0.165853
2019-09-27,TJS,10,66.3455,6.63455
2019-09-27,UZS,10000,68.1748,0.006817480000000001
2019-09-28,AMD,100,13.5398,0.135398
2019-09-28,KGS,100,92.1223,0.9212229999999999
2019-09-28,KZT,100,16.6095,0.166095
2019-09-28,TJS,10,66.4764,6.64764
2019-09-28,UZS,10000,68.273,0.0068273
2019-10-01,AMD,100,13.5657,0.135657
2019-10-01,KGS,100,92.4469,0.924469
2019-10-01,KZT,100,16.6503,0.166503
2019-10-01,TJS,10,66.7087,6.670869999999999
2019-10-01,UZS,10000,68.5116,0.00685116
2019-10-02,AMD,100,13.6695,0.13669499999999998
2019-10-02,KGS,100,93.1985,0.931985
2019-10-02,KZT,100,16.7386,0.167386
2019-10-02,TJS,10,67.1486,6.71486
2019-10-02,UZS,10000,68.8788,0.00688788
2019-10-03,AMD,100,13.7392,0.13739200000000001
2019-10-03,KGS,100,93.7329,0.937329
2019-10-03,KZT,100,16.8224,0.16822399999999998
2019-10-03,TJS,10,67.5334,6.75334
2019-10-03,UZS,10000,69.3587,0.00693587
2019-10-04,AMD,100,13.6629,0.136629
2019-10-04,KGS,100,93.291,0.93291
2019-10-04,KZT,100,16.7336,0.16733599999999998
2019-10-04,TJS,10,67.2149,6.72149
2019-10-04,UZS,10000,69.1047,0.006910469999999999
2019-10-05,AMD,100,13.6446,0.136446
2019-10-05,KGS,100,93.146,0.93146
2019-10-05,KZT,100,16.7183,0.167183
2019-10-05,TJS,10,67.091,6.709099999999999
2019-10-05,UZS,10000,68.9973,0.00689973
2019-10-08,AMD,100,13.6117,0.13611700000000002
2019-10-08,KGS,100,92.8538,0.9285380000000001
2019-10-08,KZT,100,16.6573,0.166573
2019-10-08,TJS,10,66.886,6.688599999999999
2019-10-08,UZS,10000,68.7808,0.00687808
2019-10-09,AMD,100,13.6076,0.136076
2019-10-09,KGS,100,92.7337,0.927337
2019-10-09,KZT,100,16.6508,0.166508
2019-10-09,TJS,10,66.9079,6.69079
2019-10-09,UZS,10000,68.8977,0.00688977
2019-10-10,AMD,100,13.6545,0.136545
2019-10-10,KGS,100,93.0165,0.9301649999999999
2019-10-10,KZT,100,16.6784,0.166784
2019-10-10,TJS,10,67.1802,6.71802
2019-10-10,UZS,10000,69.1424,0.0069142399999999994
2019-10-11,AMD,100,13.5727,0.135727
2019-10-11,KGS,100,92.4959,0.9249590000000001
2019-10-11,KZT,100,16.5864,0.165864
2019-10-11,TJS,10,66.8128,6.681279999999999
2019-10-11,UZS,10000,68.6914,0.00686914
2019-10-12,AMD,100,13.4641,0.134641
2019-10-12,KGS,100,91.7481,0.917481
2019-10-12,KZT,100,16.4835,0.16483499999999998
2019-10-12,TJS,10,66.2783,6.62783
2019-10-12,UZS,10000,68.0336,0.0068033600000000005
2019-10-15,AMD,100,13.5022,0.135022
2019-10-15,KGS,100,92.0021,0.920021
2019-10-15,KZT,100,16.5185,0.165185
2019-10-15,TJS,10,66.4209,6.6420900000000005
2019-10-15,UZS,10000,68.2316,0.00682316
2019-10-16,AMD,100,13.4565,0.134565
2019-10-16,KGS,100,91.8478,0.918478
2019-10-16,KZT,100,16.4978,0.164978
2019-10-16,TJS,10,66.3104,6.6310400000000005
2019-10-16,UZS,10000,68.0665,0.006806650000000001
2019-10-17,AMD,100,13.4868,0.13486800000000002
2019-10-17,KGS,100,91.9359,0.919359
2019-10-17,KZT,100,16.502,0.16502
2019-10-17,TJS,10,66.404,6.6404
2019-10-17,UZS,10000,68.1626,0.006816259999999999
2019-10-18,AMD,100,13.4062,0.13406200000000001
2019-10-18,KGS,100,91.4635,0.914635
2019-10-18,KZT,100,16.4022,0.164022
2019-10-18,TJS,10,66.0623,6.606229999999999
2019-10-18,UZS,10000,67.8119,0.0067811899999999994
2019-10-19,AMD,100,13.4329,0.134329
2019-10-19,KGS,100,91.3775,0.913775
2019-10-19,KZT,100,16.3922,0.16392199999999998
2019-10-19,TJS,10,66.0002,6.600020000000001
2019-10-19,UZS,10000,67.8199,0.006781990000000001
2019-10-22,AMD,100,13.36,0.1336
2019-10-22,KGS,100,91.1478,0.911478
2019-10-22,KZT,100,16.352,0.16352
2019-10-22,TJS,10,65.8004,6.5800399999999994
2019-10-22,UZS,10000,67.6326,0.006763259999999999
2019-10-23,AMD,100,13.3853,0.133853
2019-10-23,KGS,100,90.9844,0.909844
2019-10-23,KZT,100,16.3203,0.163203
2019-10-23,TJS,10,65.6693,6.566930000000001
2019-10-23,UZS,10000,67.4085,0.0067408500000000005
2019-10-24,AMD,100,13.3682,0.133682
2019-10-24,KGS,100,91.2219,0.912219
2019-10-24,KZT,100,16.3936,0.163936
2019-10-24,TJS,10,65.8408,6.58408
2019-10-24,UZS,10000,67.5844,0.00675844
2019-10-25,AMD,100,13.4329,0.134329
2019-10-25,KGS,100,91.2638,0.9126380000000001
2019-10-25,KZT,100,16.4129,0.164129
2019-10-25,TJS,10,65.8704,6.58704
2019-10-25,UZS,10000,67.6483,0.00676483
2019-10-26,AMD,100,13.4094,0.134094
2019-10-26,KGS,100,91.4727,0.9147270000000001
2019-10-26,KZT,100,16.4476,0.164476
2019-10-26,TJS,10,66.044,6.6044
2019-10-26,UZS,10000,67.6497,0.0067649699999999995
2019-10-29,AMD,100,13.4265,0.134265
2019-10-29,KGS,100,91.2689,0.912689
2019-10-29,KZT,100,16.4645,0.164645
2019-10-29,TJS,10,65.9133,6.591330000000001
2019-10-29,UZS,10000,67.598,0.0067598
2019-10-30,AMD,100,13.4157,0.134157
2019-10-30,KGS,100,91.2157,0.912157
2019-10-30,KZT,100,16.4513,0.164513
2019-10-30,TJS,10,65.8299,6.58299
2019-10-30,UZS,10000,67.4518,0.006745180000000001
2019-10-31,AMD,100,13.416,0.13416
2019-10-31,KGS,100,91.2917,0.9129170000000001
2019-10-31,KZT,100,16.4345,0.164345
2019-10-31,TJS,10,65.8828,6.58828
2019-10-31,UZS,10000,67.5195,0.00675195
2019-11-01,AMD,100,13.391,0.13391
2019-11-01,KGS,100,91.1655,0.911655
2019-11-01,KZT,100,16.4083,0.164083
2019-11-01,TJS,10,65.7811,6.57811
2019-11-01,UZS,10000,67.4152,0.00674152
2019-11-02,AMD,100,13.4379,0.134379
2019-11-02,KGS,100,91.5326,0.915326
2019-11-02,KZT,100,16.4392,0.16439199999999998
2019-11-02,TJS,10,66.0801,6.60801
2019-11-02,UZS,10000,67.6867,0.00676867
2019-11-06,AMD,100,13.2665,0.132665
2019-11-06,KGS,100,90.4008,0.904008
2019-11-06,KZT,100,16.2853,0.162853
2019-11-06,TJS,10,65.2714,6.52714
2019-11-06,UZS,10000,66.7878,0.0066787800000000005
2019-11-07,AMD,100,13.3099,0.133099
2019-11-07,KGS,100,90.8757,0.9087569999999999
2019-11-07,KZT,100,16.3476,0.163476
2019-11-07,TJS,10,65.579,6.557899999999999
2019-11-07,UZS,10000,67.1468,0.00671468
2019-11-08,AMD,100,13.3396,0.13339600000000001
2019-11-08,KGS,100,91.08,0.9107999999999999
2019-11-08,KZT,100,16.3893,0.16389299999999998
2019-11-08,TJS,10,65.7347,6.57347
2019-11-08,UZS,10000,67.2388,0.00672388
2019-11-09,AMD,100,13.3395,0.13339499999999999
2019-11-09,KGS,100,91.0796,0.9107959999999999
2019-11-09,KZT,100,16.3987,0.16398700000000002
2019-11-09,TJS,10,65.7683,6.576829999999999
2019-11-09,UZS,10000,67.2252,0.00672252
2019-11-12,AMD,100,13.3707,0.133707
2019-11-12,KGS,100,91.3406,0.9134059999999999
2019-11-12,KZT,100,16.433,0.16433
2019-11-12,TJS,10,65.9568,6.59568
2019-11-12,UZS,10000,67.4178,0.00674178
2019-11-13,AMD,100,13.3584,0.133584
2019-11-13,KGS,100,91.2282,0.912282
2019-11-13,KZT,100,16.4157,0.164157
2019-11-13,TJS,10,65.855,6.585500000000001
2019-11-13,UZS,10000,67.2491,0.00672491
2019-11-14,AMD,100,13.4312,0.13431200000000001
2019-11-14,KGS,100,91.7253,0.9172530000000001
2019-11-14,KZT,100,16.4882,0.164882
2019-11-14,TJS,10,66.2206,6.62206
2019-11-14,UZS,10000,67.6155,0.00676155
2019-11-15,AMD,100,13.4331,0.134331
2019-11-15,KGS,100,91.9257,0.9192570000000001
2019-11-15,KZT,100,16.5309,0.16530899999999998
2019-11-15,TJS,10,66.2069,6.620690000000001
2019-11-15,UZS,10000,67.5896,0.0067589600000000005
2019-11-16,AMD,100,13.3657,0.133657
2019-11-16,KGS,100,91.2687,0.9126869999999999
2019-11-16,KZT,100,16.4543,0.164543
2019-11-16,TJS,10,65.8783,6.587829999999999
2019-11-16,UZS,10000,67.2506,0.006725060000000001
2019-11-19,AMD,100,13.3447,0.13344699999999998
2019-11-19,KGS,100,91.0774,0.910774
2019-11-19,KZT,100,16.4516,0.164516
2019-11-19,TJS,10,65.7626,6.57626
2019-11-19,UZS,10000,67.1097,0.00671097
2019-11-20,AMD,100,13.3556,0.133556
2019-11-20,KGS,100,91.1043,0.9110429999999999
2019-11-20,KZT,100,16.4671,0.16467099999999998
2019-11-20,TJS,10,65.965,6.596500000000001
2019-11-20,UZS,10000,67.1228,0.00671228
2019-11-21,AMD,100,13.4217,0.134217
2019-11-21,KGS,100,91.459,0.91459
2019-11-21,KZT,100,16.5184,0.165184
2019-11-21,TJS,10,66.0265,6.60265
2019-11-21,UZS,10000,67.3908,0.00673908
2019-11-22,AMD,100,13.3703,0.13370300000000002
2019-11-22,KGS,100,91.2043,0.912043
2019-11-22,KZT,100,16.5257,0.16525700000000001
2019-11-22,TJS,10,65.8406,6.584059999999999
2019-11-22,UZS,10000,67.1964,0.00671964
2019-11-23,AMD,100,13.3424,0.133424
2019-11-23,KGS,100,91.0144,0.910144
2019-11-23,KZT,100,16.5127,0.165127
2019-11-23,TJS,10,65.7144,6.57144
2019-11-23,UZS,10000,66.9927,0.00669927
2019-11-26,AMD,100,13.3537,0.133537
2019-11-26,KGS,100,91.091,0.9109099999999999
2019-11-26,KZT,100,16.5116,0.165116
2019-11-26,TJS,10,65.8213,6.582129999999999
2019-11-26,UZS,10000,67.0491,0.00670491
2019-11-27,AMD,100,13.4081,0.134081
2019-11-27,KGS,100,91.4758,0.9147580000000001
2019-11-27,KZT,100,16.5524,0.16552399999999998
2019-11-27,TJS,10,66.0353,6.603530000000001
2019-11-27,UZS,10000,67.4313,0.006743129999999999
2019-11-28,AMD,100,13.3973,0.133973
2019-11-28,KGS,100,91.3889,0.9138890000000001
2019-11-28,KZT,100,16.5562,0.16556200000000001
2019-11-28,TJS,10,65.9949,6.59949
2019-11-28,UZS,10000,67.3771,0.00673771
2019-11-29,AMD,100,13.4101,0.134101
2019-11-29,KGS,100,91.5721,0.915721
2019-11-29,KZT,100,16.5838,0.165838
2019-11-29,TJS,10,66.1225,6.61225
2019-11-29,UZS,10000,67.512,0.0067512
2019-11-30,AMD,100,13.4062,0.13406200000000001
2019-11-30,KGS,100,91.5453,0.915453
2019-11-30,KZT,100,16.5875,0.165875
2019-11-30,TJS,10,66.1318,6.61318
2019-11-30,UZS,10000,67.3835,0.00673835
2019-12-03,AMD,100,13.4678,0.134678
2019-12-03,KGS,100,92.0402,0.9204019999999999
2019-12-03,KZT,100,16.6616,0.166616
2019-12-03,TJS,10,66.4703,6.647029999999999
2019-12-03,UZS,10000,67.7284,0.00677284
2019-12-04,AMD,100,13.4184,0.134184
2019-12-04,KGS,100,91.6287,0.916287
2019-12-04,KZT,100,16.5619,0.16561900000000002
2019-12-04,TJS,10,66.1518,6.61518
2019-12-04,UZS,10000,67.3387,0.00673387
2019-12-05,AMD,100,13.4299,0.134299
2019-12-05,KGS,100,91.7069,0.917069
2019-12-05,KZT,100,16.5653,0.165653
2019-12-05,TJS,10,66.2184,6.621840000000001
2019-12-05,UZS,10000,67.4955,0.006749550000000001
2019-12-06,AMD,100,13.3431,0.133431
2019-12-06,KGS,100,91.1621,0.9116209999999999
2019-12-06,KZT,100,16.5416,0.16541599999999998
2019-12-06,TJS,10,65.821,6.5821
2019-12-06,UZS,10000,66.9958,0.00669958
2019-12-07,AMD,100,13.3233,0.133233
2019-12-07,KGS,100,91.0264,0.910264
2019-12-07,KZT,100,16.5513,0.16551300000000002
2019-12-07,TJS,10,65.8249,6.58249
2019-12-07,UZS,10000,66.9946,0.006699460000000001
2019-12-10,AMD,100,13.3245,0.133245
2019-12-10,KGS,100,91.0362,0.9103619999999999
2019-12-10,KZT,100,16.5185,0.165185
2019-12-10,TJS,10,65.8242,6.582420000000001
2019-12-10,UZS,10000,67.0009,0.0067000900000000006
2019-12-11,AMD,100,13.3401,0.133401
2019-12-11,KGS,100,90.8269,0.908269
2019-12-11,KZT,100,16.4573,0.164573
2019-12-11,TJS,10,65.6602,6.56602
2019-12-11,UZS,10000,66.7494,0.006674939999999999
2019-12-12,AMD,100,13.2982,0.132982
2019-12-12,KGS,100,90.8091,0.908091
2019-12-12,KZT,100,16.4538,0.16453800000000002
2019-12-12,TJS,10,65.5718,6.55718
2019-12-12,UZS,10000,66.7352,0.0066735200000000005
2019-12-13,AMD,100,13.2271,0.132271
2019-12-13,KGS,100,90.3224,0.903224
2019-12-13,KZT,100,16.4361,0.164361
2019-12-13,TJS,10,65.2147,6.521469999999999
2019-12-13,UZS,10000,66.2917,0.00662917
2019-12-14,AMD,100,13.0867,0.130867
2019-12-14,KGS,100,89.3634,0.893634
2019-12-14,KZT,100,16.2637,0.162637
2019-12-14,TJS,10,64.6156,6.46156
2019-12-14,UZS,10000,65.6739,0.00656739
2019-12-17,AMD,100,13.1425,0.13142500000000001
2019-12-17,KGS,100,89.6717,0.896717
2019-12-17,KZT,100,16.3152,0.16315200000000002
2019-12-17,TJS,10,64.8369,6.48369
2019-12-17,UZS,10000,65.8124,0.0065812399999999995
2019-12-18,AMD,100,13.1027,0.131027
2019-12-18,KGS,100,89.347,0.89347
2019-12-18,KZT,100,16.2538,0.162538
2019-12-18,TJS,10,64.5931,6.45931
2019-12-18,UZS,10000,65.6007,0.00656007
2019-12-19,AMD,100,13.0927,0.13092700000000002
2019-12-19,KGS,100,89.4185,0.8941849999999999
2019-12-19,KZT,100,16.2712,0.162712
2019-12-19,TJS,10,64.6453,6.464530000000001
2019-12-19,UZS,10000,65.704,0.0065704
2019-12-20,AMD,100,13.0744,0.130744
2019-12-20,KGS,100,89.3389,0.893389
2019-12-20,KZT,100,16.2718,0.162718
2019-12-20,TJS,10,64.5954,6.45954
2019-12-20,UZS,10000,65.5955,0.00655955
2019-12-21,AMD,100,13.0491,0.130491
2019-12-21,KGS,100,89.1657,0.891657
2019-12-21,KZT,100,16.2783,0.162783
2019-12-21,TJS,10,64.4635,6.44635
2019-12-21,UZS,10000,65.5193,0.00655193
2019-12-24,AMD,100,13.0162,0.130162
2019-12-24,KGS,100,88.9383,0.889383
2019-12-24,KZT,100,16.2734,0.162734
2019-12-24,TJS,10,64.2288,6.422880000000001
2019-12-24,UZS,10000,65.3042,0.0065304199999999995
2019-12-25,AMD,100,12.9989,0.12998900000000002
2019-12-25,KGS,100,88.8739,0.8887390000000001
2019-12-25,KZT,100,16.3201,0.163201
2019-12-25,TJS,10,64.131,6.4131
2019-12-25,UZS,10000,65.2675,0.0065267499999999996
2019-12-26,AMD,100,12.8576,0.128576
2019-12-26,KGS,100,88.2293,0.882293
2019-12-26,KZT,100,16.3023,0.163023
2019-12-26,TJS,10,63.6593,6.3659300000000005
2019-12-26,UZS,10000,64.7941,0.00647941
2019-12-27,AMD,100,12.9153,0.129153
2019-12-27,KGS,100,88.3025,0.883025
2019-12-27,KZT,100,16.3115,0.16311499999999998
2019-12-27,TJS,10,63.7108,6.37108
2019-12-27,UZS,10000,64.8479,0.00648479
2019-12-28,AMD,100,12.9502,0.129502
2019-12-28,KGS,100,88.7471,0.887471
2019-12-28,KZT,100,16.2973,0.162973
2019-12-28,TJS,10,63.9797,6.39797
2019-12-28,UZS,10000,65.184,0.0065184
2019-12-31,AMD,100,12.9239,0.129239
2019-12-31,KGS,100,88.6304,0.886304
2019-12-31,KZT,100,16.2174,0.162174
2019-12-31,TJS,10,63.8862,6.38862
2019-12-31,UZS,10000,64.9929,0.0064992900000000004
2020-01-01,AMD,100,12.9239,0.129239
2020-01-01,KGS,100,88.6979,0.8869790000000001
2020-01-01,KZT,100,16.1665,0.161665
2020-01-01,TJS,10,63.898,6.3898
2020-01-01,UZS,10000,65.1121,0.00651121
2020-01-10,AMD,100,12.7904,0.127904
2020-01-10,KGS,100,87.9036,0.8790359999999999
2020-01-10,KZT,100,16.2524,0.162524
2020-01-10,TJS,10,63.193,6.3193
2020-01-10,UZS,10000,64.0188,0.0064018799999999996
2020-01-11,AMD,100,12.7965,0.127965
2020-01-11,KGS,100,87.9458,0.8794580000000001
2020-01-11,KZT,100,16.2192,0.162192
2020-01-11,TJS,10,63.1697,6.3169699999999995
2020-01-11,UZS,10000,64.4341,0.00644341
2020-01-14,AMD,100,12.7305,0.127305
2020-01-14,KGS,100,87.4924,0.874924
2020-01-14,KZT,100,16.1098,0.161098
2020-01-14,TJS,10,62.8447,6.284470000000001
2020-01-14,UZS,10000,63.8862,0.00638862
2020-01-15,AMD,100,12.8013,0.128013
2020-01-15,KGS,100,87.9451,0.879451
2020-01-15,KZT,100,16.1775,0.16177499999999997
2020-01-15,TJS,10,63.3382,6.33382
2020-01-15,UZS,10000,64.3028,0.006430280000000001
2020-01-16,AMD,100,12.8252,0.128252
2020-01-16,KGS,100,87.8622,0.878622
2020-01-16,KZT,100,16.206,0.16205999999999998
2020-01-16,TJS,10,63.3981,6.33981
2020-01-16,UZS,10000,64.3225,0.0064322500000000005
2020-01-17,AMD,100,12.8336,0.128336
2020-01-17,KGS,100,88.2118,0.882118
2020-01-17,KZT,100,16.3176,0.163176
2020-01-17,TJS,10,63.5063,6.350630000000001
2020-01-17,UZS,10000,64.4654,0.006446540000000001
2020-01-18,AMD,100,12.8261,0.12826100000000001
2020-01-18,KGS,100,88.0916,0.880916
2020-01-18,KZT,100,16.3535,0.163535
2020-01-18,TJS,10,63.4691,6.346909999999999
2020-01-18,UZS,10000,64.4936,0.00644936
2020-01-21,AMD,100,12.8387,0.128387
2020-01-21,KGS,100,87.9872,0.879872
2020-01-21,KZT,100,16.342,0.16341999999999998
2020-01-21,TJS,10,63.4069,6.34069
2020-01-21,UZS,10000,64.5306,0.006453060000000001
2020-01-22,AMD,100,12.9337,0.129337
2020-01-22,KGS,100,88.5199,0.8851990000000001
2020-01-22,KZT,100,16.3998,0.16399799999999998
2020-01-22,TJS,10,63.8025,6.38025
2020-01-22,UZS,10000,64.8649,0.006486490000000001
2020-01-23,AMD,100,12.9293,0.129293
2020-01-23,KGS,100,88.5026,0.885026
2020-01-23,KZT,100,16.3921,0.16392099999999998
2020-01-23,TJS,10,63.7796,6.37796
2020-01-23,UZS,10000,64.768,0.0064768000000000004
2020-01-24,AMD,100,12.9538,0.129538
2020-01-24,KGS,100,88.6831,0.8868309999999999
2020-01-24,KZT,100,16.3904,0.163904
2020-01-24,TJS,10,63.9334,6.39334
2020-01-24,UZS,10000,64.7419,0.00647419
2020-01-25,AMD,100,12.916,0.12916
2020-01-25,KGS,100,88.4453,0.884453
2020-01-25,KZT,100,16.3252,0.16325199999999998
2020-01-25,TJS,10,63.7803,6.37803
2020-01-25,UZS,10000,64.5868,0.00645868
2020-01-28,AMD,100,13.0278,0.130278
2020-01-28,KGS,100,89.2172,0.8921720000000001
2020-01-28,KZT,100,16.3821,0.16382100000000002
2020-01-28,TJS,10,64.2991,6.42991
2020-01-28,UZS,10000,65.071,0.0065071
2020-01-29,AMD,100,13.1306,0.131306
2020-01-29,KGS,100,89.9276,0.899276
2020-01-29,KZT,100,16.494,0.16494
2020-01-29,TJS,10,64.7931,6.47931
2020-01-29,UZS,10000,65.818,0.0065818
2020-01-30,AMD,100,13.0394,0.130394
2020-01-30,KGS,100,89.2901,0.892901
2020-01-30,KZT,100,16.4837,0.16483699999999998
2020-01-30,TJS,10,64.3576,6.43576
2020-01-30,UZS,10000,65.2425,0.0065242500000000005
2020-01-31,AMD,100,13.1736,0.131736
2020-01-31,KGS,100,90.2095,0.9020950000000001
2020-01-31,KZT,100,16.6092,0.16609200000000002
2020-01-31,TJS,10,65.019,6.501900000000001
2020-01-31,UZS,10000,66.1239,0.006612390000000001
2020-02-01,AMD,100,13.1951,0.131951
2020-02-01,KGS,100,90.3564,0.9035639999999999
2020-02-01,KZT,100,16.6537,0.16653700000000002
2020-02-01,TJS,10,65.1248,6.512479999999999
2020-02-01,UZS,10000,66.0215,0.00660215
2020-02-04,AMD,100,13.3561,0.13356099999999999
2020-02-04,KGS,100,91.4723,0.9147230000000001
2020-02-04,KZT,100,16.7751,0.16775099999999998
2020-02-04,TJS,10,65.9196,6.59196
2020-02-04,UZS,10000,67.1314,0.00671314
2020-02-05,AMD,100,13.2569,0.132569
2020-02-05,KGS,100,90.7795,0.907795
2020-02-05,KZT,100,16.7207,0.167207
2020-02-05,TJS,10,65.4298,6.54298
2020-02-05,UZS,10000,66.5557,0.00665557
2020-02-06,AMD,100,13.2025,0.132025
2020-02-06,KGS,100,90.4075,0.904075
2020-02-06,KZT,100,16.6588,0.16658799999999999
2020-02-06,TJS,10,65.1428,6.514279999999999
2020-02-06,UZS,10000,66.1856,0.006618559999999999
2020-02-07,AMD,100,13.1239,0.131239
2020-02-07,KGS,100,89.8815,0.898815
2020-02-07,KZT,100,16.6431,0.166431
2020-02-07,TJS,10,64.774,6.4774
2020-02-07,UZS,10000,65.8167,0.0065816699999999995
2020-02-08,AMD,100,13.2592,0.132592
2020-02-08,KGS,100,90.8336,0.908336
2020-02-08,KZT,100,16.7572,0.167572
2020-02-08,TJS,10,65.4695,6.54695
2020-02-08,UZS,10000,66.4846,0.00664846
2020-02-11,AMD,100,13.3203,0.133203
2020-02-11,KGS,100,91.2612,0.912612
2020-02-11,KZT,100,16.8361,0.16836099999999998
2020-02-11,TJS,10,65.7912,6.5791200000000005
2020-02-11,UZS,10000,66.958,0.0066958
2020-02-12,AMD,100,13.3575,0.133575
2020-02-12,KGS,100,91.5163,0.9151630000000001
2020-02-12,KZT,100,16.9032,0.169032
2020-02-12,TJS,10,65.9676,6.596760000000001
2020-02-12,UZS,10000,67.1451,0.00671451
2020-02-13,AMD,100,13.176,0.13176
2020-02-13,KGS,100,90.2254,0.9022539999999999
2020-02-13,KZT,100,16.7549,0.167549
2020-02-13,TJS,10,65.0338,6.50338
2020-02-13,UZS,10000,66.2955,0.0066295500000000005
2020-02-14,AMD,100,13.2849,0.132849
2020-02-14,KGS,100,91.0191,0.910191
2020-02-14,KZT,100,16.8785,0.168785
2020-02-14,TJS,10,65.6025,6.560250000000001
2020-02-14,UZS,10000,66.8365,0.00668365
2020-02-15,AMD,100,13.2609,0.132609
2020-02-15,KGS,100,90.8073,0.908073
2020-02-15,KZT,100,16.7833,0.167833
2020-02-15,TJS,10,65.439,6.543899999999999
2020-02-15,UZS,10000,66.5341,0.006653409999999999
2020-02-18,AMD,100,13.2306,0.132306
2020-02-18,KGS,100,90.5997,0.9059969999999999
2020-02-18,KZT,100,16.794,0.16794
2020-02-18,TJS,10,65.2894,6.52894
2020-02-18,UZS,10000,66.4238,0.00664238
2020-02-19,AMD,100,13.327,0.13327
2020-02-19,KGS,100,91.2598,0.912598
2020-02-19,KZT,100,16.9052,0.169052
2020-02-19,TJS,10,65.759,6.5759
2020-02-19,UZS,10000,66.8657,0.00668657
2020-02-20,AMD,100,13.307,0.13307
2020-02-20,KGS,100,91.1541,0.911541
2020-02-20,KZT,100,16.8766,0.168766
2020-02-20,TJS,10,65.6672,6.566719999999999
2020-02-20,UZS,10000,66.8844,0.00668844
2020-02-21,AMD,100,13.3211,0.133211
2020-02-21,KGS,100,91.2206,0.9122060000000001
2020-02-21,KZT,100,16.9426,0.169426
2020-02-21,TJS,10,65.7384,6.57384
2020-02-21,UZS,10000,66.9411,0.0066941100000000005
2020-02-22,AMD,100,13.4521,0.134521
2020-02-22,KGS,100,92.0197,0.920197
2020-02-22,KZT,100,17.0777,0.170777
2020-02-22,TJS,10,66.3394,6.63394
2020-02-22,UZS,10000,67.483,0.0067483000000000005
2020-02-26,AMD,100,13.5748,0.135748
2020-02-26,KGS,100,92.9077,0.929077
2020-02-26,KZT,100,17.2127,0.17212700000000003
2020-02-26,TJS,10,66.9982,6.69982
2020-02-26,UZS,10000,68.1088,0.00681088
2020-02-27,AMD,100,13.6995,0.136995
2020-02-27,KGS,100,93.7746,0.9377460000000001
2020-02-27,KZT,100,17.3201,0.173201
2020-02-27,TJS,10,67.5663,6.7566299999999995
2020-02-27,UZS,10000,68.8283,0.0068828299999999995
2020-02-28,AMD,100,13.7173,0.137173
2020-02-28,KGS,100,93.8929,0.938929
2020-02-28,KZT,100,17.2668,0.172668
2020-02-28,TJS,10,67.7646,6.77646
2020-02-28,UZS,10000,69.0483,0.00690483
2020-02-29,AMD,100,13.9914,0.139914
2020-02-29,KGS,100,95.8695,0.9586950000000001
2020-02-29,KZT,100,17.5541,0.17554099999999997
2020-02-29,TJS,10,69.1912,6.9191199999999995
2020-02-29,UZS,10000,70.5019,0.0070501900000000004
2020-03-03,AMD,100,13.8688,0.138688
2020-03-03,KGS,100,94.9199,0.949199
2020-03-03,KZT,100,17.4076,0.17407599999999998
2020-03-03,TJS,10,68.52,6.851999999999999
2020-03-03,UZS,10000,69.6259,0.00696259
2020-03-04,AMD,100,13.8786,0.138786
2020-03-04,KGS,100,95.0864,0.9508639999999999
2020-03-04,KZT,100,17.4679,0.174679
2020-03-04,TJS,10,68.6331,6.86331
2020-03-04,UZS,10000,69.8452,0.00698452
2020-03-05,AMD,100,13.7951,0.137951
2020-03-05,KGS,100,94.5636,0.9456359999999999
2020-03-05,KZT,100,17.3971,0.173971
2020-03-05,TJS,10,68.1572,6.815720000000001
2020-03-05,UZS,10000,69.455,0.006945499999999999
2020-03-06,AMD,100,13.8174,0.138174
2020-03-06,KGS,100,94.7167,0.947167
2020-03-06,KZT,100,17.3795,0.173795
2020-03-06,TJS,10,68.3663,6.8366299999999995
2020-03-06,UZS,10000,69.7349,0.00697349
2020-03-07,AMD,100,14.0955,0.140955
2020-03-07,KGS,100,96.6369,0.9663689999999999
2020-03-07,KZT,100,17.6482,0.176482
2020-03-07,TJS,10,69.7423,6.97423
2020-03-07,UZS,10000,71.1384,0.007113840000000001
2020-03-11,AMD,100,15.0435,0.15043499999999999
2020-03-11,KGS,10,10.3068,1.03068
2020-03-11,KZT,100,18.1834,0.181834
2020-03-11,TJS,10,74.3249,7.43249
2020-03-11,UZS,10000,75.8433,0.00758433
2020-03-12,AMD,100,14.7975,0.147975
2020-03-12,KGS,10,10.2282,1.0228199999999998
2020-03-12,KZT,100,18.0448,0.180448
2020-03-12,TJS,10,73.8271,7.38271
2020-03-12,UZS,10000,75.0914,0.007509139999999999
2020-03-13,AMD,100,15.287,0.15287
2020-03-13,KGS,10,10.1652,1.01652
2020-03-13,KZT,100,18.5031,0.185031
2020-03-13,TJS,10,76.309,7.6309
2020-03-13,UZS,10000,77.9193,0.007791930000000001
2020-03-14,AMD,100,15.1112,0.151112
2020-03-14,KGS,10,10.0418,1.00418
2020-03-14,KZT,100,18.0054,0.18005400000000002
2020-03-14,TJS,10,75.4907,7.54907
2020-03-14,UZS,10000,76.8219,0.00768219
2020-03-17,AMD,100,15.1951,0.151951
2020-03-17,KGS,10,10.1669,1.01669
2020-03-17,KZT,100,17.0176,0.17017600000000002
2020-03-17,TJS,10,76.3008,7.6300799999999995
2020-03-17,UZS,10000,77.733,0.0077733
2020-03-18,AMD,100,15.0872,0.150872
2020-03-18,KGS,10,10.1345,1.01345
2020-03-18,KZT,100,16.9439,0.169439
2020-03-18,TJS,10,75.9283,7.592829999999999
2020-03-18,UZS,10000,77.5988,0.007759879999999999
2020-03-19,AMD,100,15.7658,0.157658
2020-03-19,KGS,10,10.5903,1.05903
2020-03-19,KZT,100,17.5053,0.175053
2020-03-19,TJS,10,79.3027,7.93027
2020-03-19,UZS,10000,81.1034,0.008110339999999999
2020-03-20,AMD,100,16.3153,0.163153
2020-03-20,KGS,10,10.9944,1.09944
2020-03-20,KZT,100,17.5348,0.175348
2020-03-20,TJS,10,82.284,8.2284
2020-03-20,UZS,10000,84.1959,0.00841959
2020-03-21,AMD,100,15.853,0.15853
2020-03-21,KGS,10,10.7168,1.07168
2020-03-21,KZT,100,17.4352,0.17435199999999998
2020-03-21,TJS,10,80.0742,8.00742
2020-03-21,UZS,10000,81.9767,0.008197669999999999
2020-03-24,AMD,100,16.3811,0.163811
2020-03-24,KGS,10,11.095,1.1095000000000002
2020-03-24,KZT,100,18.0489,0.180489
2020-03-24,TJS,10,82.9426,8.29426
2020-03-24,UZS,10000,84.9569,0.00849569
2020-03-25,AMD,100,15.9695,0.159695
2020-03-25,KGS,10,10.8172,1.08172
2020-03-25,KZT,100,17.5954,0.17595400000000003
2020-03-25,TJS,10,77.3032,7.730320000000001
2020-03-25,UZS,10000,82.6946,0.00826946
2020-03-26,AMD,100,15.7555,0.157555
2020-03-26,KGS,10,10.6738,1.06738
2020-03-26,KZT,100,17.3596,0.173596
2020-03-26,TJS,10,76.3049,7.63049
2020-03-26,UZS,10000,81.6059,0.00816059
2020-03-27,AMD,100,15.9196,0.159196
2020-03-27,KGS,100,98.6901,0.986901
2020-03-27,KZT,100,17.6456,0.17645600000000003
2020-03-27,TJS,10,77.1409,7.714090000000001
2020-03-27,UZS,10000,82.5813,0.00825813
2020-03-28,AMD,100,15.7194,0.157194
2020-03-28,KGS,100,97.2264,0.972264
2020-03-28,KZT,100,17.4278,0.17427800000000002
2020-03-28,TJS,10,76.2457,7.62457
2020-03-28,UZS,10000,81.543,0.008154300000000001
2020-04-07,AMD,100,15.2434,0.152434
2020-04-07,KGS,100,89.9985,0.899985
2020-04-07,KZT,100,17.3999,0.173999
2020-04-07,TJS,10,74.8358,7.483580000000001
2020-04-07,UZS,10000,79.4999,0.00794999
2020-04-08,AMD,100,15.0534,0.150534
2020-04-08,KGS,100,88.877,0.88877
2020-04-08,KZT,100,17.2656,0.172656
2020-04-08,TJS,10,73.903,7.390300000000001
2020-04-08,UZS,10000,78.0865,0.00780865
2020-04-09,AMD,100,15.1697,0.151697
2020-04-09,KGS,100,89.2242,0.892242
2020-04-09,KZT,100,17.3788,0.17378799999999997
2020-04-09,TJS,10,74.0468,7.404680000000001
2020-04-09,UZS,10000,78.0846,0.00780846
2020-04-10,AMD,100,14.921,0.14920999999999998
2020-04-10,KGS,100,87.8756,0.8787560000000001
2020-04-10,KZT,100,17.2467,0.172467
2020-04-10,TJS,10,72.892,7.289199999999999
2020-04-10,UZS,10000,77.7536,0.00777536
2020-04-11,AMD,100,14.9582,0.149582
2020-04-11,KGS,100,94.7875,0.9478749999999999
2020-04-11,KZT,100,17.1386,0.171386
2020-04-11,TJS,10,72.0934,7.20934
2020-04-11,UZS,10000,76.1188,0.00761188
2020-04-14,AMD,100,14.969,0.14969
2020-04-14,KGS,100,94.4715,0.9447150000000001
2020-04-14,KZT,100,17.1816,0.171816
2020-04-14,TJS,10,71.8363,7.183629999999999
2020-04-14,UZS,10000,76.6271,0.00766271
2020-04-15,AMD,100,15.0699,0.150699
2020-04-15,KGS,100,93.6555,0.936555
2020-04-15,KZT,100,17.2131,0.172131
2020-04-15,TJS,10,71.6317,7.163169999999999
2020-04-15,UZS,10000,75.1024,0.0075102400000000005
2020-04-16,AMD,100,15.1801,0.151801
2020-04-16,KGS,100,93.4125,0.934125
2020-04-16,KZT,100,17.2887,0.17288699999999999
2020-04-16,TJS,10,71.9517,7.19517
2020-04-16,UZS,10000,75.2726,0.00752726
2020-04-17,AMD,100,15.4045,0.15404500000000002
2020-04-17,KGS,100,93.7245,0.9372450000000001
2020-04-17,KZT,100,17.451,0.17451
2020-04-17,TJS,10,72.9074,7.2907399999999996
2020-04-17,UZS,10000,73.8187,0.0073818700000000004
2020-04-18,AMD,100,15.2604,0.15260400000000002
2020-04-18,KGS,100,92.3906,0.9239060000000001
2020-04-18,KZT,100,17.3283,0.173283
2020-04-18,TJS,10,72.1758,7.21758
2020-04-18,UZS,10000,72.9232,0.00729232
2020-04-21,AMD,100,15.4284,0.154284
2020-04-21,KGS,100,92.8993,0.928993
2020-04-21,KZT,100,17.4402,0.174402
2020-04-21,TJS,10,72.8801,7.28801
2020-04-21,UZS,10000,73.8314,0.00738314
2020-04-22,AMD,100,15.8077,0.158077
2020-04-22,KGS,100,95.8466,0.9584659999999999
2020-04-22,KZT,100,17.6468,0.17646799999999999
2020-04-22,TJS,10,74.4144,7.44144
2020-04-22,UZS,10000,75.3148,0.00753148
2020-04-23,AMD,100,16.022,0.16021999999999997
2020-04-23,KGS,100,96.6034,0.966034
2020-04-23,KZT,100,17.6045,0.176045
2020-04-23,TJS,10,75.1992,7.519920000000001
2020-04-23,UZS,10000,76.0905,0.007609050000000001
2020-04-24,AMD,100,15.6584,0.156584
2020-04-24,KGS,100,93.4099,0.9340989999999999
2020-04-24,KZT,100,17.3859,0.17385899999999999
2020-04-24,TJS,10,73.3145,7.331449999999999
2020-04-24,UZS,10000,74.0771,0.0074077100000000005
2020-04-25,AMD,100,15.5773,0.155773
2020-04-25,KGS,100,92.8614,0.928614
2020-04-25,KZT,100,17.2705,0.172705
2020-04-25,TJS,10,72.9295,7.29295
2020-04-25,UZS,10000,73.6702,0.007367019999999999
2020-04-28,AMD,100,15.4813,0.15481299999999998
2020-04-28,KGS,100,92.6501,0.9265009999999999
2020-04-28,KZT,100,17.2794,0.172794
2020-04-28,TJS,10,72.7145,7.27145
2020-04-28,UZS,10000,73.4892,0.00734892
2020-04-29,AMD,100,15.4968,0.154968
2020-04-29,KGS,100,92.7433,0.9274330000000001
2020-04-29,KZT,100,17.2853,0.172853
2020-04-29,TJS,10,72.8229,7.282290000000001
2020-04-29,UZS,10000,73.5628,0.00735628
2020-04-30,AMD,100,15.3641,0.153641
2020-04-30,KGS,100,92.8494,0.928494
2020-04-30,KZT,100,17.1546,0.17154599999999998
2020-04-30,TJS,10,71.9272,7.19272
2020-04-30,UZS,10000,72.6935,0.00726935
2020-05-01,AMD,100,15.1668,0.151668
2020-05-01,KGS,100,90.9415,0.9094150000000001
2020-05-01,KZT,100,17.1298,0.171298
2020-05-01,TJS,10,70.9698,7.09698
2020-05-01,UZS,10000,71.871,0.007187099999999999
2020-05-07,AMD,100,15.39,0.1539
2020-05-07,KGS,100,93.7366,0.9373659999999999
2020-05-07,KZT,100,17.5722,0.175722
2020-05-07,TJS,10,72.1853,7.2185299999999994
2020-05-07,UZS,10000,73.0273,0.0073027299999999995
2020-05-08,AMD,100,15.3292,0.153292
2020-05-08,KGS,100,93.9516,0.939516
2020-05-08,KZT,100,17.5649,0.17564900000000003
2020-05-08,TJS,10,72.3092,7.23092
2020-05-08,UZS,10000,73.1704,0.00731704
2020-05-09,AMD,100,15.2377,0.152377
2020-05-09,KGS,100,93.5934,0.935934
2020-05-09,KZT,100,17.507,0.17507
2020-05-09,TJS,10,71.9654,7.196540000000001
2020-05-09,UZS,10000,72.8238,0.007282380000000001
2020-05-13,AMD,100,15.0569,0.150569
2020-05-13,KGS,100,94.1115,0.941115
2020-05-13,KZT,100,17.4648,0.174648
2020-05-13,TJS,10,71.5369,7.15369
2020-05-13,UZS,10000,72.569,0.0072569
2020-05-14,AMD,100,15.0783,0.150783
2020-05-14,KGS,100,94.9025,0.949025
2020-05-14,KZT,100,17.4485,0.174485
2020-05-14,TJS,10,71.6649,7.1664900000000005
2020-05-14,UZS,10000,72.5866,0.00725866
2020-05-15,AMD,100,15.1601,0.15160099999999999
2020-05-15,KGS,100,96.0536,0.9605360000000001
2020-05-15,KZT,100,17.475,0.17475000000000002
2020-05-15,TJS,10,72.0563,7.205629999999999
2020-05-15,UZS,10000,72.9296,0.007292959999999999
2020-05-16,AMD,100,15.0104,0.15010400000000002
2020-05-16,KGS,100,95.0722,0.950722
2020-05-16,KZT,100,17.4108,0.17410799999999998
2020-05-16,TJS,10,71.3157,7.131570000000001
2020-05-16,UZS,10000,72.1593,0.007215930000000001
2020-05-19,AMD,100,14.9979,0.149979
2020-05-19,KGS,100,95.2587,0.9525870000000001
2020-05-19,KZT,100,17.4819,0.174819
2020-05-19,TJS,10,71.1304,7.11304
2020-05-19,UZS,10000,71.9367,0.00719367
2020-05-20,AMD,100,14.8991,0.148991
2020-05-20,KGS,100,94.4408,0.9444079999999999
2020-05-20,KZT,100,17.4329,0.174329
2020-05-20,TJS,10,70.6434,7.06434
2020-05-20,UZS,10000,71.3642,0.00713642
2020-05-21,AMD,100,14.949,0.14949
2020-05-21,KGS,100,94.9758,0.9497580000000001
2020-05-21,KZT,100,17.4116,0.174116
2020-05-21,TJS,10,70.505,7.0504999999999995
2020-05-21,UZS,10000,71.2761,0.00712761
2020-05-22,AMD,100,14.6658,0.146658
2020-05-22,KGS,100,93.664,0.93664
2020-05-22,KZT,100,17.1748,0.171748
2020-05-22,TJS,10,69.211,6.9211
2020-05-22,UZS,10000,70.0169,0.0070016900000000005
2020-05-23,AMD,100,14.9238,0.149238
2020-05-23,KGS,100,95.7688,0.957688
2020-05-23,KZT,100,17.2702,0.172702
2020-05-23,TJS,10,70.1443,7.01443
2020-05-23,UZS,10000,70.993,0.007099299999999999
2020-05-26,AMD,100,14.811,0.14811
2020-05-26,KGS,100,95.4298,0.954298
2020-05-26,KZT,100,17.2748,0.17274799999999998
2020-05-26,TJS,10,69.7139,6.9713899999999995
2020-05-26,UZS,10000,70.6495,0.00706495
2020-05-27,AMD,100,14.7015,0.147015
2020-05-27,KGS,100,94.8228,0.948228
2020-05-27,KZT,100,17.2106,0.17210599999999998
2020-05-27,TJS,10,69.4226,6.94226
2020-05-27,UZS,10000,70.1378,0.00701378
2020-05-28,AMD,100,14.6734,0.146734
2020-05-28,KGS,100,95.9032,0.959032
2020-05-28,KZT,100,17.2231,0.172231
2020-05-28,TJS,10,69.3472,6.93472
2020-05-28,UZS,10000,70.0875,0.00700875
2020-05-29,AMD,100,14.6931,0.146931
2020-05-29,KGS,100,96.7137,0.967137
2020-05-29,KZT,100,17.2177,0.172177
2020-05-29,TJS,10,69.2994,6.92994
2020-05-29,UZS,10000,70.1244,0.007012439999999999
2020-05-30,AMD,100,14.6212,0.146212
2020-05-30,KGS,100,95.947,0.95947
2020-05-30,KZT,100,17.1643,0.17164300000000002
2020-05-30,TJS,10,69.0432,6.90432
2020-05-30,UZS,10000,69.782,0.0069781999999999995
2020-06-02,AMD,100,14.4062,0.144062
2020-06-02,KGS,100,94.4663,0.944663
2020-06-02,KZT,100,17.0579,0.170579
2020-06-02,TJS,10,68.0277,6.80277
2020-06-02,UZS,10000,68.7557,0.00687557
2020-06-03,AMD,100,14.2586,0.142586
2020-06-03,KGS,100,93.8294,0.9382940000000001
2020-06-03,KZT,100,17.147,0.17146999999999998
2020-06-03,TJS,10,67.1532,6.71532
2020-06-03,UZS,10000,67.975,0.0067975
2020-06-04,AMD,100,14.0997,0.140997
2020-06-04,KGS,100,92.9192,0.929192
2020-06-04,KZT,100,17.1193,0.17119299999999998
2020-06-04,TJS,10,66.5284,6.65284
2020-06-04,UZS,10000,67.338,0.006733799999999999
2020-06-05,AMD,100,14.3036,0.143036
2020-06-05,KGS,100,93.8984,0.9389839999999999
2020-06-05,KZT,100,17.2213,0.172213
2020-06-05,TJS,10,67.1843,6.71843
2020-06-05,UZS,10000,68.0065,0.00680065
2020-06-06,AMD,100,14.1801,0.14180099999999998
2020-06-06,KGS,100,92.8371,0.9283710000000001
2020-06-06,KZT,100,17.1363,0.171363
2020-06-06,TJS,10,66.7139,6.67139
2020-06-06,UZS,10000,67.6243,0.006762430000000001
2020-06-09,AMD,100,14.158,0.14157999999999998
2020-06-09,KGS,100,91.9892,0.9198919999999999
2020-06-09,KZT,100,17.1831,0.17183099999999998
2020-06-09,TJS,10,66.4517,6.64517
2020-06-09,UZS,10000,67.3094,0.0067309399999999995
2020-06-10,AMD,100,14.2656,0.142656
2020-06-10,KGS,100,92.5237,0.9252370000000001
2020-06-10,KZT,100,17.1665,0.17166499999999998
2020-06-10,TJS,10,66.7553,6.67553
2020-06-10,UZS,10000,67.6796,0.006767959999999999
2020-06-11,AMD,100,14.2037,0.142037
2020-06-11,KGS,100,92.5657,0.9256570000000001
2020-06-11,KZT,100,17.1565,0.17156500000000002
2020-06-11,TJS,10,66.6521,6.66521
2020-06-11,UZS,10000,67.6242,0.00676242
2020-06-12,AMD,100,14.305,0.14305
2020-06-12,KGS,100,92.953,0.9295300000000001
2020-06-12,KZT,100,17.2695,0.17269500000000002
2020-06-12,TJS,10,67.1902,6.71902
2020-06-12,UZS,10000,68.087,0.0068087
2020-06-16,AMD,100,14.5776,0.14577600000000002
2020-06-16,KGS,100,94.0994,0.940994
2020-06-16,KZT,100,17.3406,0.17340599999999998
2020-06-16,TJS,10,68.4111,6.8411100000000005
2020-06-16,UZS,10000,69.1707,0.00691707
2020-06-17,AMD,100,14.4445,0.144445
2020-06-17,KGS,100,93.1259,0.9312590000000001
2020-06-17,KZT,100,17.2546,0.172546
2020-06-17,TJS,10,67.7043,6.77043
2020-06-17,UZS,10000,68.6202,0.00686202
2020-06-18,AMD,100,14.4034,0.144034
2020-06-18,KGS,100,92.7666,0.927666
2020-06-18,KZT,100,17.175,0.17175
2020-06-18,TJS,10,67.4094,6.74094
2020-06-18,UZS,10000,68.3006,0.006830060000000001
2020-06-19,AMD,100,14.4436,0.144436
2020-06-19,KGS,100,93.1286,0.9312860000000001
2020-06-19,KZT,100,17.164,0.17164000000000001
2020-06-19,TJS,10,67.5411,6.75411
2020-06-19,UZS,10000,68.3803,0.00683803
2020-06-20,AMD,100,14.4762,0.144762
2020-06-20,KGS,100,92.8919,0.928919
2020-06-20,KZT,100,17.225,0.17225000000000001
2020-06-20,TJS,10,67.497,6.7497
2020-06-20,UZS,10000,68.4095,0.006840949999999999
2020-06-23,AMD,100,14.4577,0.144577
2020-06-23,KGS,100,92.7205,0.9272050000000001
2020-06-23,KZT,100,17.2435,0.172435
2020-06-23,TJS,10,67.427,6.742700000000001
2020-06-23,UZS,10000,68.3893,0.006838930000000001
2020-06-24,AMD,100,14.2995,0.142995
2020-06-24,KGS,100,91.76,0.9176000000000001
2020-06-24,KZT,100,17.1556,0.171556
2020-06-24,TJS,10,66.7678,6.676779999999999
2020-06-24,UZS,10000,67.667,0.0067667000000000005
2020-06-25,AMD,100,14.3203,0.143203
2020-06-25,KGS,100,91.7655,0.917655
2020-06-25,KZT,100,17.1257,0.171257
2020-06-25,TJS,10,66.784,6.678400000000001
2020-06-25,UZS,10000,67.6686,0.0067668599999999995
2020-06-26,AMD,100,14.412,0.14412
2020-06-26,KGS,100,92.702,0.92702
2020-06-26,KZT,100,17.171,0.17171
2020-06-26,TJS,10,67.4427,6.74427
2020-06-26,UZS,10000,68.2444,0.00682444
2020-06-27,AMD,100,14.3509,0.143509
2020-06-27,KGS,100,91.9878,0.919878
2020-06-27,KZT,100,17.1681,0.171681
2020-06-27,TJS,10,67.0661,6.70661
2020-06-27,UZS,10000,67.9528,0.00679528
2020-06-30,AMD,100,14.5127,0.145127
2020-06-30,KGS,100,92.6883,0.926883
2020-06-30,KZT,100,17.2845,0.17284500000000003
2020-06-30,TJS,10,67.8809,6.7880899999999995
2020-06-30,UZS,10000,68.6875,0.00686875
2020-07-01,AMD,100,14.6204,0.146204
2020-07-01,KGS,100,92.6665,0.926665
2020-07-01,KZT,100,17.4099,0.174099
2020-07-01,TJS,10,68.3398,6.8339799999999995
2020-07-01,UZS,10000,69.2408,0.006924079999999999
2020-07-02,AMD,100,14.6038,0.146038
2020-07-02,KGS,100,92.6668,0.9266679999999999
2020-07-02,KZT,100,17.3349,0.173349
2020-07-02,TJS,10,68.3564,6.83564
2020-07-02,UZS,10000,69.1347,0.00691347
2020-07-03,AMD,100,14.6216,0.146216
2020-07-03,KGS,100,92.7892,0.9278919999999999
2020-07-03,KZT,100,17.3372,0.173372
2020-07-03,TJS,10,68.416,6.8416
2020-07-03,UZS,10000,69.2457,0.00692457
2020-07-04,AMD,100,14.5691,0.14569100000000001
2020-07-04,KGS,100,89.4505,0.8945050000000001
2020-07-04,KZT,100,17.3344,0.173344
2020-07-04,TJS,10,68.3967,6.83967
2020-07-04,UZS,10000,69.2984,0.0069298400000000005
2020-07-07,AMD,100,14.6973,0.146973
2020-07-07,KGS,100,90.4767,0.904767
2020-07-07,KZT,100,17.5261,0.175261
2020-07-07,TJS,10,69.263,6.9263
2020-07-07,UZS,10000,70.0038,0.00700038
2020-07-08,AMD,100,14.9014,0.149014
2020-07-08,KGS,100,93.4419,0.934419
2020-07-08,KZT,100,17.6048,0.176048
2020-07-08,TJS,10,70.1038,7.0103800000000005
2020-07-08,UZS,10000,70.8631,0.00708631
2020-07-09,AMD,100,14.6399,0.146399
2020-07-09,KGS,100,91.666,0.9166599999999999
2020-07-09,KZT,100,17.3516,0.173516
2020-07-09,TJS,10,69.1127,6.91127
2020-07-09,UZS,10000,69.946,0.0069946
2020-07-10,AMD,100,14.6114,0.146114
2020-07-10,KGS,100,90.8093,0.9080929999999999
2020-07-10,KZT,100,17.2288,0.172288
2020-07-10,TJS,10,68.7655,6.87655
2020-07-10,UZS,10000,69.5949,0.00695949
2020-07-11,AMD,100,14.6383,0.14638299999999999
2020-07-11,KGS,100,91.526,0.91526
2020-07-11,KZT,100,17.2279,0.17227900000000002
2020-07-11,TJS,10,69.1048,6.91048
2020-07-11,UZS,10000,69.9085,0.006990850000000001
2020-07-14,AMD,100,14.5303,0.14530300000000002
2020-07-14,KGS,100,90.9038,0.909038
2020-07-14,KZT,100,17.1737,0.171737
2020-07-14,TJS,10,68.6373,6.863729999999999
2020-07-14,UZS,10000,69.3471,0.00693471
2020-07-15,AMD,100,14.6202,0.146202
2020-07-15,KGS,100,91.5066,0.915066
2020-07-15,KZT,100,17.2136,0.17213599999999998
2020-07-15,TJS,10,69.0223,6.90223
2020-07-15,UZS,10000,69.6236,0.00696236
2020-07-16,AMD,100,14.523,0.14523
2020-07-16,KGS,100,91.3113,0.9131130000000001
2020-07-16,KZT,100,17.1488,0.171488
2020-07-16,TJS,10,68.6877,6.8687700000000005
2020-07-16,UZS,10000,69.446,0.0069445999999999996
2020-07-17,AMD,100,14.6959,0.146959
2020-07-17,KGS,100,91.736,0.9173600000000001
2020-07-17,KZT,100,17.2491,0.17249099999999998
2020-07-17,TJS,10,69.106,6.9106
2020-07-17,UZS,10000,69.7113,0.006971129999999999
2020-07-18,AMD,100,14.8322,0.148322
2020-07-18,KGS,100,92.5662,0.925662
2020-07-18,KZT,100,17.3074,0.173074
2020-07-18,TJS,10,69.5745,6.95745
2020-07-18,UZS,10000,70.1839,0.007018389999999999
2020-07-21,AMD,100,14.8622,0.148622
2020-07-21,KGS,100,92.7628,0.927628
2020-07-21,KZT,100,17.3233,0.173233
2020-07-21,TJS,10,69.816,6.9816
2020-07-21,UZS,10000,70.4827,0.00704827
2020-07-22,AMD,100,14.6626,0.146626
2020-07-22,KGS,100,91.4913,0.914913
2020-07-22,KZT,100,17.1768,0.171768
2020-07-22,TJS,10,68.9333,6.893330000000001
2020-07-22,UZS,10000,69.5958,0.00695958
2020-07-23,AMD,100,14.6015,0.146015
2020-07-23,KGS,100,91.2609,0.9126090000000001
2020-07-23,KZT,100,17.1553,0.171553
2020-07-23,TJS,10,68.7263,6.872629999999999
2020-07-23,UZS,10000,69.3295,0.006932949999999999
2020-07-24,AMD,100,14.6165,0.146165
2020-07-24,KGS,100,91.8615,0.9186150000000001
2020-07-24,KZT,100,17.1707,0.171707
2020-07-24,TJS,10,68.846,6.884600000000001
2020-07-24,UZS,10000,69.5008,0.00695008
2020-07-25,AMD,100,14.738,0.14737999999999998
2020-07-25,KGS,100,93.5595,0.935595
2020-07-25,KZT,100,17.2761,0.172761
2020-07-25,TJS,10,69.4615,6.94615
2020-07-25,UZS,10000,70.0836,0.007008360000000001
2020-07-28,AMD,100,14.7082,0.147082
2020-07-28,KGS,100,93.3416,0.933416
2020-07-28,KZT,100,17.2606,0.172606
2020-07-28,TJS,10,69.3989,6.93989
2020-07-28,UZS,10000,70.0715,0.00700715
2020-07-29,AMD,100,14.774,0.14773999999999998
2020-07-29,KGS,100,93.8293,0.938293
2020-07-29,KZT,100,17.3267,0.17326699999999998
2020-07-29,TJS,10,69.7402,6.97402
2020-07-29,UZS,10000,70.4335,0.0070433499999999994
2020-07-30,AMD,100,14.8876,0.148876
2020-07-30,KGS,100,94.2405,0.9424049999999999
2020-07-30,KZT,100,17.3026,0.173026
2020-07-30,TJS,10,70.0289,7.002889999999999
2020-07-30,UZS,10000,70.7651,0.00707651
2020-07-31,AMD,100,15.1452,0.151452
2020-07-31,KGS,100,95.5156,0.9551560000000001
2020-07-31,KZT,100,17.462,0.17462
2020-07-31,TJS,10,71.1402,7.114019999999999
2020-07-31,UZS,10000,71.8709,0.007187090000000001
2020-08-01,AMD,100,15.0958,0.150958
2020-08-01,KGS,100,95.6287,0.956287
2020-08-01,KZT,100,17.4086,0.174086
2020-08-01,TJS,10,71.1838,7.11838
2020-08-01,UZS,10000,71.9321,0.00719321
2020-08-04,AMD,100,15.281,0.15281
2020-08-04,KGS,100,96.5827,0.965827
2020-08-04,KZT,100,17.5969,0.17596900000000001
2020-08-04,TJS,10,71.9288,7.19288
2020-08-04,UZS,10000,72.5835,0.00725835
2020-08-05,AMD,100,15.1144,0.151144
2020-08-05,KGS,100,95.4602,0.954602
2020-08-05,KZT,100,17.4807,0.174807
2020-08-05,TJS,10,71.1397,7.11397
2020-08-05,UZS,10000,71.8713,0.007187130000000001
2020-08-06,AMD,100,15.0845,0.150845
2020-08-06,KGS,100,95.3433,0.953433
2020-08-06,KZT,100,17.4965,0.174965
2020-08-06,TJS,10,71.06,7.106
2020-08-06,UZS,10000,71.7734,0.00717734
2020-08-07,AMD,100,15.0257,0.150257
2020-08-07,KGS,100,94.9801,0.9498009999999999
2020-08-07,KZT,100,17.4536,0.17453600000000002
2020-08-07,TJS,10,70.8264,7.0826400000000005
2020-08-07,UZS,10000,71.5384,0.00715384
2020-08-08,AMD,100,15.1549,0.151549
2020-08-08,KGS,100,95.4473,0.954473
2020-08-08,KZT,100,17.5461,0.17546099999999998
2020-08-08,TJS,10,71.4062,7.14062
2020-08-08,UZS,10000,72.1241,0.00721241
2020-08-11,AMD,100,15.2019,0.15201900000000002
2020-08-11,KGS,100,95.7157,0.957157
2020-08-11,KZT,100,17.5705,0.175705
2020-08-11,TJS,10,71.5394,7.15394
2020-08-11,UZS,10000,72.06,0.007206000000000001
2020-08-12,AMD,100,15.0736,0.150736
2020-08-12,KGS,100,94.454,0.9445399999999999
2020-08-12,KZT,100,17.4784,0.174784
2020-08-12,TJS,10,70.9355,7.0935500000000005
2020-08-12,UZS,10000,71.4168,0.007141679999999999
2020-08-13,AMD,100,15.0938,0.150938
2020-08-13,KGS,100,94.336,0.94336
2020-08-13,KZT,100,17.4461,0.174461
2020-08-13,TJS,10,71.0331,7.1033100000000005
2020-08-13,UZS,10000,71.5767,0.0071576700000000005
2020-08-14,AMD,100,15.1454,0.151454
2020-08-14,KGS,100,94.5088,0.9450879999999999
2020-08-14,KZT,100,17.5513,0.175513
2020-08-14,TJS,10,71.3589,7.135890000000001
2020-08-14,UZS,10000,71.9399,0.007193989999999999
2020-08-15,AMD,100,15.0774,0.15077400000000002
2020-08-15,KGS,100,94.1076,0.941076
2020-08-15,KZT,100,17.4414,0.174414
2020-08-15,TJS,10,70.9798,7.09798
2020-08-15,UZS,10000,71.3812,0.00713812
2020-08-18,AMD,100,15.0449,0.150449
2020-08-18,KGS,100,93.3391,0.933391
2020-08-18,KZT,100,17.4447,0.17444700000000002
2020-08-18,TJS,10,70.7222,7.07222
2020-08-18,UZS,10000,71.1393,0.007113930000000001
2020-08-19,AMD,100,15.1406,0.15140599999999999
2020-08-19,KGS,100,94.3303,0.9433029999999999
2020-08-19,KZT,100,17.5411,0.175411
2020-08-19,TJS,10,71.2242,7.12242
2020-08-19,UZS,10000,71.5503,0.00715503
2020-08-20,AMD,100,15.0915,0.150915
2020-08-20,KGS,100,94.0261,0.940261
2020-08-20,KZT,100,17.4992,0.17499199999999998
2020-08-20,TJS,10,70.9854,7.09854
2020-08-20,UZS,10000,71.4758,0.007147580000000001
2020-08-21,AMD,100,15.2043,0.152043
2020-08-21,KGS,100,94.6997,0.9469970000000001
2020-08-21,KZT,100,17.5968,0.175968
2020-08-21,TJS,10,71.5009,7.1500900000000005
2020-08-21,UZS,10000,71.8946,0.00718946
2020-08-22,AMD,100,15.2878,0.15287800000000001
2020-08-22,KGS,100,95.2885,0.952885
2020-08-22,KZT,100,17.6563,0.17656300000000003
2020-08-22,TJS,10,71.8196,7.181959999999999
2020-08-22,UZS,10000,72.1799,0.0072179900000000005
2020-08-25,AMD,100,15.3124,0.153124
2020-08-25,KGS,100,95.4082,0.954082
2020-08-25,KZT,100,17.7174,0.17717400000000003
2020-08-25,TJS,10,72.1283,7.212829999999999
2020-08-25,UZS,10000,72.4902,0.00724902
2020-08-26,AMD,100,15.3255,0.153255
2020-08-26,KGS,100,95.6516,0.956516
2020-08-26,KZT,100,17.7779,0.177779
2020-08-26,TJS,10,72.2371,7.22371
2020-08-26,UZS,10000,72.6314,0.0072631399999999995
2020-08-27,AMD,100,15.5396,0.155396
2020-08-27,KGS,100,96.8739,0.968739
2020-08-27,KZT,100,17.9878,0.179878
2020-08-27,TJS,10,73.2311,7.32311
2020-08-27,UZS,10000,73.6031,0.00736031
2020-08-28,AMD,100,15.471,0.15471000000000001
2020-08-28,KGS,100,96.2001,0.9620010000000001
2020-08-28,KZT,100,17.9179,0.179179
2020-08-28,TJS,10,72.9202,7.292019999999999
2020-08-28,UZS,10000,73.1791,0.00731791
2020-08-29,AMD,100,15.3324,0.153324
2020-08-29,KGS,100,95.124,0.95124
2020-08-29,KZT,100,17.7566,0.177566
2020-08-29,TJS,10,72.3414,7.234139999999999
2020-08-29,UZS,10000,72.5982,0.00725982
2020-09-01,AMD,100,15.1579,0.151579
2020-09-01,KGS,100,94.0231,0.940231
2020-09-01,KZT,100,17.5623,0.175623
2020-09-01,TJS,10,71.5327,7.153270000000001
2020-09-01,UZS,10000,71.9135,0.00719135
2020-09-02,AMD,100,15.0851,0.150851
2020-09-02,KGS,100,93.7441,0.9374410000000001
2020-09-02,KZT,100,17.5813,0.175813
2020-09-02,TJS,10,71.3724,7.13724
2020-09-02,UZS,10000,71.7001,0.007170010000000001
2020-09-03,AMD,100,15.1785,0.151785
2020-09-03,KGS,100,94.3581,0.9435809999999999
2020-09-03,KZT,100,17.632,0.17632
2020-09-03,TJS,10,71.5859,7.158589999999999
2020-09-03,UZS,10000,71.931,0.0071931
2020-09-04,AMD,100,15.5316,0.15531599999999998
2020-09-04,KGS,100,96.3932,0.9639319999999999
2020-09-04,KZT,100,17.9284,0.179284
2020-09-04,TJS,10,73.1634,7.316339999999999
2020-09-04,UZS,10000,73.4982,0.00734982
2020-09-05,AMD,100,15.4226,0.154226
2020-09-05,KGS,100,95.5124,0.955124
2020-09-05,KZT,100,17.8606,0.17860600000000001
2020-09-05,TJS,10,72.8864,7.288639999999999
2020-09-05,UZS,10000,73.22,0.0073219999999999995
2020-09-08,AMD,100,15.49,0.1549
2020-09-08,KGS,100,95.9774,0.959774
2020-09-08,KZT,100,17.8538,0.178538
2020-09-08,TJS,10,73.2116,7.321160000000001
2020-09-08,UZS,10000,73.618,0.007361799999999999
2020-09-09,AMD,100,15.5659,0.155659
2020-09-09,KGS,100,96.454,0.96454
2020-09-09,KZT,100,17.8997,0.178997
2020-09-09,TJS,10,73.609,7.360899999999999
2020-09-09,UZS,10000,73.9818,0.007398180000000001
2020-09-10,AMD,100,15.5438,0.155438
2020-09-10,KGS,100,96.5925,0.965925
2020-09-10,KZT,100,17.7762,0.177762
2020-09-10,TJS,10,73.6411,7.364109999999999
2020-09-10,UZS,10000,74.0858,0.0074085800000000005
2020-09-11,AMD,100,15.4484,0.15448399999999998
2020-09-11,KGS,100,95.7255,0.957255
2020-09-11,KZT,100,17.6842,0.176842
2020-09-11,TJS,10,73.1323,7.31323
2020-09-11,UZS,10000,73.5561,0.00735561
2020-09-12,AMD,100,15.3368,0.153368
2020-09-12,KGS,100,94.797,0.94797
2020-09-12,KZT,100,17.5287,0.175287
2020-09-12,TJS,10,72.5674,7.256740000000001
2020-09-12,UZS,10000,72.9349,0.00729349
2020-09-15,AMD,100,15.3324,0.153324
2020-09-15,KGS,100,94.6356,0.946356
2020-09-15,KZT,100,17.5062,0.175062
2020-09-15,TJS,10,72.363,7.2363
2020-09-15,UZS,10000,72.7647,0.00727647
2020-09-16,AMD,100,15.4201,0.154201
2020-09-16,KGS,100,95.1123,0.951123
2020-09-16,KZT,100,17.6048,0.176048
2020-09-16,TJS,10,72.857,7.2857
2020-09-16,UZS,10000,73.2259,0.0073225899999999995
2020-09-17,AMD,100,15.4392,0.154392
2020-09-17,KGS,100,94.8453,0.948453
2020-09-17,KZT,100,17.6263,0.176263
2020-09-17,TJS,10,72.6045,7.2604500000000005
2020-09-17,UZS,10000,72.9721,0.00729721
2020-09-18,AMD,100,15.4498,0.154498
2020-09-18,KGS,100,95.424,0.9542400000000001
2020-09-18,KZT,100,17.737,0.17736999999999997
2020-09-18,TJS,10,72.8625,7.28625
2020-09-18,UZS,10000,73.2315,0.00732315
2020-09-19,AMD,100,15.4897,0.15489699999999998
2020-09-19,KGS,100,94.9928,0.949928
2020-09-19,KZT,100,17.8291,0.178291
2020-09-19,TJS,10,72.7053,7.270529999999999
2020-09-19,UZS,10000,73.0735,0.00730735
2020-09-22,AMD,100,15.6699,0.156699
2020-09-22,KGS,100,96.1636,0.961636
2020-09-22,KZT,100,18.0147,0.180147
2020-09-22,TJS,10,73.6803,7.36803
2020-09-22,UZS,10000,74.0535,0.00740535
2020-09-23,AMD,100,15.7176,0.15717599999999998
2020-09-23,KGS,100,96.3019,0.9630190000000001
2020-09-23,KZT,100,17.9846,0.179846
2020-09-23,TJS,10,73.8703,7.38703
2020-09-23,UZS,10000,74.2804,0.00742804
2020-09-24,AMD,100,15.7237,0.157237
2020-09-24,KGS,100,96.2959,0.962959
2020-09-24,KZT,100,17.9472,0.179472
2020-09-24,TJS,10,73.9869,7.39869
2020-09-24,UZS,10000,74.3616,0.00743616
2020-09-25,AMD,100,15.8737,0.158737
2020-09-25,KGS,100,97.2311,0.9723109999999999
2020-09-25,KZT,100,18.0664,0.18066400000000002
2020-09-25,TJS,10,74.7849,7.478489999999999
2020-09-25,UZS,10000,75.1636,0.007516360000000001
2020-09-26,AMD,100,15.7967,0.157967
2020-09-26,KGS,100,96.7779,0.9677790000000001
2020-09-26,KZT,100,17.9973,0.179973
2020-09-26,TJS,10,74.4015,7.44015
2020-09-26,UZS,10000,74.8145,0.00748145
2020-09-29,AMD,100,16.2119,0.162119
2020-09-29,KGS,100,98.924,0.9892400000000001
2020-09-29,KZT,100,18.2769,0.18276900000000001
2020-09-29,TJS,10,76.195,7.6194999999999995
2020-09-29,UZS,10000,76.6179,0.007661790000000001
2020-09-30,AMD,100,16.4075,0.164075
2020-09-30,KGS,10,10.0198,1.00198
2020-09-30,KZT,100,18.4609,0.184609
2020-09-30,TJS,10,77.1763,7.71763
2020-09-30,UZS,10000,77.6047,0.007760469999999999
2020-10-01,AMD,100,16.1809,0.161809
2020-10-01,KGS,100,98.9419,0.989419
2020-10-01,KZT,100,18.1995,0.18199500000000002
2020-10-01,TJS,10,76.3418,7.634180000000001
2020-10-01,UZS,10000,76.7284,0.007672839999999999
2020-10-02,AMD,100,15.8355,0.158355
2020-10-02,KGS,100,97.049,0.9704900000000001
2020-10-02,KZT,100,17.9803,0.179803
2020-10-02,TJS,10,74.8449,7.484489999999999
2020-10-02,UZS,10000,74.8724,0.00748724
2020-10-03,AMD,100,16.0024,0.16002400000000003
2020-10-03,KGS,100,98.2094,0.982094
2020-10-03,KZT,100,18.0435,0.180435
2020-10-03,TJS,10,75.6701,7.567010000000001
2020-10-03,UZS,10000,76.0533,0.0076053299999999996
2020-10-06,AMD,100,15.9445,0.159445
2020-10-06,KGS,100,98.2554,0.9825539999999999
2020-10-06,KZT,100,18.0875,0.18087499999999998
2020-10-06,TJS,10,75.7055,7.57055
2020-10-06,UZS,10000,76.0889,0.007608889999999999
2020-10-07,AMD,100,16.0425,0.160425
2020-10-07,KGS,100,98.5787,0.985787
2020-10-07,KZT,100,18.2463,0.18246300000000001
2020-10-07,TJS,10,76.0774,7.60774
2020-10-07,UZS,10000,75.8496,0.007584959999999999
2020-10-08,AMD,100,15.96,0.15960000000000002
2020-10-08,KGS,100,98.0516,0.9805159999999999
2020-10-08,KZT,100,18.2058,0.182058
2020-10-08,TJS,10,75.6706,7.56706
2020-10-08,UZS,10000,75.444,0.007544400000000001
2020-10-09,AMD,100,15.8914,0.158914
2020-10-09,KGS,100,97.8301,0.978301
2020-10-09,KZT,100,18.1817,0.181817
2020-10-09,TJS,10,75.4631,7.54631
2020-10-09,UZS,10000,75.2736,0.00752736
2020-10-10,AMD,100,15.7073,0.157073
2020-10-10,KGS,100,96.716,0.9671599999999999
2020-10-10,KZT,100,18.0209,0.180209
2020-10-10,TJS,10,74.6399,7.46399
2020-10-10,UZS,10000,74.4164,0.007441639999999999
2020-10-13,AMD,100,15.6887,0.156887
2020-10-13,KGS,100,96.7104,0.9671040000000001
2020-10-13,KZT,100,17.9946,0.179946
2020-10-13,TJS,10,74.6356,7.463559999999999
2020-10-13,UZS,10000,74.412,0.0074412
2020-10-14,AMD,100,15.7597,0.15759700000000001
2020-10-14,KGS,100,97.0388,0.9703879999999999
2020-10-14,KZT,100,18.0052,0.180052
2020-10-14,TJS,10,74.7804,7.47804
2020-10-14,UZS,10000,74.6648,0.00746648
2020-10-15,AMD,100,15.7545,0.157545
2020-10-15,KGS,100,96.9766,0.969766
2020-10-15,KZT,100,17.9988,0.17998799999999998
2020-10-15,TJS,10,74.7711,7.477110000000001
2020-10-15,UZS,10000,74.6555,0.0074655500000000005
2020-10-16,AMD,100,15.864,0.15864
2020-10-16,KGS,100,97.7889,0.977889
2020-10-16,KZT,100,18.1824,0.181824
2020-10-16,TJS,10,75.4195,7.54195
2020-10-16,UZS,10000,75.303,0.007530299999999999
2020-10-17,AMD,100,15.8567,0.158567
2020-10-17,KGS,100,97.4555,0.9745550000000001
2020-10-17,KZT,100,18.1697,0.181697
2020-10-17,TJS,10,75.4373,7.543729999999999
2020-10-17,UZS,10000,75.3206,0.00753206
2020-10-20,AMD,100,15.8705,0.15870499999999998
2020-10-20,KGS,100,97.4051,0.974051
2020-10-20,KZT,100,18.1879,0.18187899999999999
2020-10-20,TJS,10,75.5078,7.5507800000000005
2020-10-20,UZS,10000,75.1076,0.007510760000000001
2020-10-21,AMD,100,15.7957,0.15795700000000001
2020-10-21,KGS,100,95.0549,0.9505490000000001
2020-10-21,KZT,100,18.1347,0.18134699999999998
2020-10-21,TJS,10,75.3663,7.53663
2020-10-21,UZS,10000,75.0029,0.00750029
2020-10-22,AMD,100,15.6157,0.156157
2020-10-22,KGS,100,94.8296,0.948296
2020-10-22,KZT,100,18.0007,0.18000699999999997
2020-10-22,TJS,10,74.6436,7.464360000000001
2020-10-22,UZS,10000,74.3411,0.00743411
2020-10-23,AMD,100,15.5917,0.155917
2020-10-23,KGS,100,95.3651,0.953651
2020-10-23,KZT,100,17.9869,0.17986899999999997
2020-10-23,TJS,10,74.5824,7.458240000000001
2020-10-23,UZS,10000,74.3181,0.0074318100000000005
2020-10-24,AMD,100,15.4694,0.154694
2020-10-24,KGS,100,94.672,0.94672
2020-10-24,KZT,100,17.8832,0.178832
2020-10-24,TJS,10,74.0956,7.409560000000001
2020-10-24,UZS,10000,73.7953,0.00737953
2020-10-27,AMD,100,15.4746,0.154746
2020-10-27,KGS,100,94.7768,0.9477679999999999
2020-10-27,KZT,100,17.7844,0.177844
2020-10-27,TJS,10,73.9664,7.39664
2020-10-27,UZS,10000,73.7808,0.0073780799999999995
2020-10-28,AMD,100,15.5007,0.155007
2020-10-28,KGS,100,94.7833,0.9478329999999999
2020-10-28,KZT,100,17.787,0.17787
2020-10-28,TJS,10,73.9774,7.397740000000001
2020-10-28,UZS,10000,73.7917,0.007379170000000001
2020-10-29,AMD,100,15.7268,0.15726800000000002
2020-10-29,KGS,100,95.5927,0.955927
2020-10-29,KZT,100,17.996,0.17995999999999998
2020-10-29,TJS,10,75.1473,7.51473
2020-10-29,UZS,10000,74.8499,0.00748499
2020-10-30,AMD,100,16.0077,0.160077
2020-10-30,KGS,100,96.5407,0.965407
2020-10-30,KZT,100,18.2276,0.182276
2020-10-30,TJS,10,76.3134,7.63134
2020-10-30,UZS,10000,76.1219,0.00761219
2020-10-31,AMD,100,16.0868,0.160868
2020-10-31,KGS,100,97.1067,0.971067
2020-10-31,KZT,100,18.3154,0.183154
2020-10-31,TJS,10,76.6866,7.66866
2020-10-31,UZS,10000,76.5682,0.007656820000000001
2020-11-03,AMD,100,16.3554,0.163554
2020-11-03,KGS,100,98.4696,0.984696
2020-11-03,KZT,100,18.4892,0.184892
2020-11-03,TJS,10,77.869,7.7869
2020-11-03,UZS,10000,77.7675,0.00777675
2020-11-04,AMD,100,16.2257,0.16225699999999998
2020-11-04,KGS,100,97.7677,0.977677
2020-11-04,KZT,100,18.4591,0.184591
2020-11-04,TJS,10,77.52,7.752
2020-11-04,UZS,10000,77.1696,0.00771696
2020-11-06,AMD,100,15.893,0.15893000000000002
2020-11-06,KGS,100,93.5007,0.9350069999999999
2020-11-06,KZT,100,18.134,0.18134
2020-11-06,TJS,10,69.2614,6.926139999999999
2020-11-06,UZS,10000,75.7223,0.00757223
2020-11-07,AMD,100,15.6567,0.156567
2020-11-07,KGS,100,92.0268,0.920268
2020-11-07,KZT,100,17.8491,0.178491
2020-11-07,TJS,10,68.1417,6.81417
2020-11-07,UZS,10000,74.4981,0.007449809999999999
2020-11-10,AMD,100,15.541,0.15541
2020-11-10,KGS,100,91.7798,0.9177979999999999
2020-11-10,KZT,100,17.8587,0.178587
2020-11-10,TJS,10,67.9483,6.79483
2020-11-10,UZS,10000,74.2703,0.00742703
2020-11-11,AMD,100,15.4824,0.154824
2020-11-11,KGS,100,91.1196,0.911196
2020-11-11,KZT,100,17.8067,0.178067
2020-11-11,TJS,10,67.4445,6.7444500000000005
2020-11-11,UZS,10000,73.7359,0.00737359
2020-11-12,AMD,100,15.4226,0.154226
2020-11-12,KGS,100,90.8924,0.908924
2020-11-12,KZT,100,17.8351,0.178351
2020-11-12,TJS,10,67.2914,6.729139999999999
2020-11-12,UZS,10000,73.4256,0.007342560000000001
2020-11-13,AMD,100,15.5863,0.155863
2020-11-13,KGS,100,91.6466,0.9164660000000001
2020-11-13,KZT,100,17.9612,0.17961200000000002
2020-11-13,TJS,10,68.0775,6.80775
2020-11-13,UZS,10000,74.2997,0.00742997
2020-11-14,AMD,100,15.6215,0.156215
2020-11-14,KGS,100,91.8636,0.918636
2020-11-14,KZT,100,17.9749,0.17974900000000002
2020-11-14,TJS,10,68.2641,6.82641
2020-11-14,UZS,10000,74.632,0.0074632000000000006
2020-11-17,AMD,100,15.4846,0.154846
2020-11-17,KGS,100,90.6781,0.9067810000000001
2020-11-17,KZT,100,17.9116,0.179116
2020-11-17,TJS,10,67.9203,6.79203
2020-11-17,UZS,10000,74.2396,0.007423959999999999
2020-11-18,AMD,100,15.3581,0.153581
2020-11-18,KGS,100,89.8922,0.898922
2020-11-18,KZT,100,17.7874,0.177874
2020-11-18,TJS,10,67.3167,6.731669999999999
2020-11-18,UZS,10000,73.3842,0.007338420000000001
2020-11-19,AMD,100,15.2924,0.152924
2020-11-19,KGS,100,89.5076,0.895076
2020-11-19,KZT,100,17.7507,0.17750699999999997
2020-11-19,TJS,10,67.0435,6.70435
2020-11-19,UZS,10000,73.2813,0.00732813
2020-11-20,AMD,100,15.3369,0.153369
2020-11-20,KGS,100,89.9327,0.899327
2020-11-20,KZT,100,17.8022,0.17802199999999999
2020-11-20,TJS,10,67.3253,6.73253
2020-11-20,UZS,10000,73.3935,0.0073393500000000006
2020-11-21,AMD,100,15.2558,0.152558
2020-11-21,KGS,100,89.6271,0.896271
2020-11-21,KZT,100,17.7499,0.177499
2020-11-21,TJS,10,67.104,6.7104
2020-11-21,UZS,10000,73.1523,0.00731523
2020-11-24,AMD,100,15.2052,0.152052
2020-11-24,KGS,100,89.3142,0.893142
2020-11-24,KZT,100,17.8242,0.178242
2020-11-24,TJS,10,66.8815,6.68815
2020-11-24,UZS,10000,73.1204,0.0073120400000000006
2020-11-25,AMD,100,15.2162,0.15216200000000002
2020-11-25,KGS,100,89.3787,0.893787
2020-11-25,KZT,100,17.856,0.17856000000000002
2020-11-25,TJS,10,66.9297,6.69297
2020-11-25,UZS,10000,73.1731,0.0073173100000000005
2020-11-26,AMD,100,14.8715,0.14871499999999999
2020-11-26,KGS,100,88.9828,0.889828
2020-11-26,KZT,100,17.8427,0.178427
2020-11-26,TJS,10,66.6279,6.662789999999999
2020-11-26,UZS,10000,72.4664,0.0072466399999999995
2020-11-27,AMD,100,14.8747,0.14874700000000002
2020-11-27,KGS,100,88.9476,0.8894759999999999
2020-11-27,KZT,100,17.8314,0.17831399999999997
2020-11-27,TJS,10,66.6094,6.660939999999999
2020-11-27,UZS,10000,72.4463,0.007244629999999999
2020-11-28,AMD,100,14.9699,0.149699
2020-11-28,KGS,100,89.4298,0.894298
2020-11-28,KZT,100,17.8898,0.178898
2020-11-28,TJS,10,66.9697,6.69697
2020-11-28,UZS,10000,72.8381,0.00728381
2020-12-01,AMD,100,14.9938,0.14993800000000002
2020-12-01,KGS,100,89.8313,0.898313
2020-12-01,KZT,100,17.9066,0.179066
2020-12-01,TJS,10,67.2698,6.72698
2020-12-01,UZS,10000,73.5449,0.00735449
2020-12-02,AMD,100,15.0311,0.150311
2020-12-02,KGS,100,89.9745,0.899745
2020-12-02,KZT,100,17.9286,0.179286
2020-12-02,TJS,10,67.391,6.7391000000000005
2020-12-02,UZS,10000,73.1922,0.0073192199999999995
2020-12-03,AMD,100,14.8338,0.148338
2020-12-03,KGS,100,89.1404,0.891404
2020-12-03,KZT,100,17.7755,0.177755
2020-12-03,TJS,10,66.7536,6.67536
2020-12-03,UZS,10000,72.5159,0.0072515900000000005
2020-12-04,AMD,100,14.7958,0.147958
2020-12-04,KGS,100,88.6512,0.8865120000000001
2020-12-04,KZT,100,17.7802,0.17780200000000002
2020-12-04,TJS,10,66.3868,6.638679999999999
2020-12-04,UZS,10000,72.1174,0.00721174
2020-12-05,AMD,100,14.5808,0.145808
2020-12-05,KGS,100,87.5395,0.875395
2020-12-05,KZT,100,17.6335,0.17633500000000002
2020-12-05,TJS,10,65.5655,6.55655
2020-12-05,UZS,10000,71.2095,0.007120950000000001
2020-12-08,AMD,100,14.5804,0.145804
2020-12-08,KGS,100,87.5316,0.875316
2020-12-08,KZT,100,17.5995,0.17599499999999998
2020-12-08,TJS,10,65.549,6.554900000000001
2020-12-08,UZS,10000,71.6635,0.00716635
2020-12-09,AMD,100,14.4648,0.144648
2020-12-09,KGS,100,86.8412,0.868412
2020-12-09,KZT,100,17.4931,0.17493099999999998
2020-12-09,TJS,10,65.0292,6.5029200000000005
2020-12-09,UZS,10000,70.5365,0.007053650000000001
2020-12-10,AMD,100,14.2549,0.14254899999999998
2020-12-10,KGS,100,86.4177,0.864177
2020-12-10,KZT,100,17.4521,0.174521
2020-12-10,TJS,10,64.8723,6.487229999999999
2020-12-10,UZS,10000,70.1955,0.007019549999999999
2020-12-11,AMD,100,14.334,0.14334
2020-12-11,KGS,100,86.9014,0.869014
2020-12-11,KZT,100,17.5322,0.175322
2020-12-11,TJS,10,65.0738,6.50738
2020-12-11,UZS,10000,70.5855,0.007058549999999999
2020-12-12,AMD,100,14.2131,0.142131
2020-12-12,KGS,100,86.1982,0.861982
2020-12-12,KZT,100,17.4472,0.174472
2020-12-12,TJS,10,64.5504,6.4550399999999994
2020-12-12,UZS,10000,70.0172,0.00700172
2020-12-15,AMD,100,13.9707,0.139707
2020-12-15,KGS,100,85.9716,0.8597159999999999
2020-12-15,KZT,100,17.4209,0.174209
2020-12-15,TJS,10,64.3807,6.438070000000001
2020-12-15,UZS,10000,70.3863,0.007038630000000001
2020-12-16,AMD,100,14.0632,0.140632
2020-12-16,KGS,100,86.559,0.86559
2020-12-16,KZT,100,17.4832,0.174832
2020-12-16,TJS,10,64.8524,6.48524
2020-12-16,UZS,10000,70.1945,0.007019450000000001
2020-12-17,AMD,100,14.0517,0.140517
2020-12-17,KGS,100,88.4371,0.884371
2020-12-17,KZT,100,17.4918,0.17491800000000002
2020-12-17,TJS,10,64.8301,6.48301
2020-12-17,UZS,10000,70.1042,0.007010420000000001
2020-12-18,AMD,100,13.9671,0.139671
2020-12-18,KGS,100,87.3705,0.8737050000000001
2020-12-18,KZT,100,17.3865,0.17386500000000002
2020-12-18,TJS,10,64.5824,6.458240000000001
2020-12-18,UZS,10000,69.7479,0.00697479
2020-12-19,AMD,100,14.0384,0.14038399999999998
2020-12-19,KGS,100,88.1459,0.881459
2020-12-19,KZT,100,17.4669,0.174669
2020-12-19,TJS,10,64.8236,6.48236
2020-12-19,UZS,10000,70.0704,0.007007040000000001
2020-12-22,AMD,100,14.2982,0.142982
2020-12-22,KGS,100,92.4993,0.9249930000000001
2020-12-22,KZT,100,17.7626,0.17762599999999998
2020-12-22,TJS,10,66.0231,6.60231
2020-12-22,UZS,10000,71.2996,0.007129959999999999
2020-12-23,AMD,100,14.4279,0.144279
2020-12-23,KGS,100,93.4546,0.934546
2020-12-23,KZT,100,17.9089,0.179089
2020-12-23,TJS,10,66.534,6.6534
2020-12-23,UZS,10000,71.9261,0.00719261
2020-12-24,AMD,100,14.4485,0.144485
2020-12-24,KGS,100,93.0621,0.930621
2020-12-24,KZT,100,17.9088,0.179088
2020-12-24,TJS,10,66.6288,6.6628799999999995
2020-12-24,UZS,10000,72.0439,0.00720439
2020-12-25,AMD,100,14.3301,0.143301
2020-12-25,KGS,100,92.2233,0.922233
2020-12-25,KZT,100,17.8341,0.178341
2020-12-25,TJS,10,66.0686,6.60686
2020-12-25,UZS,10000,71.4387,0.00714387
2020-12-26,AMD,100,14.1043,0.141043
2020-12-26,KGS,100,88.0746,0.880746
2020-12-26,KZT,100,17.5629,0.17562899999999998
2020-12-26,TJS,10,65.0559,6.50559
2020-12-26,UZS,10000,70.3437,0.00703437
2020-12-29,AMD,100,14.1154,0.141154
2020-12-29,KGS,100,88.105,0.88105
2020-12-29,KZT,100,17.5397,0.175397
2020-12-29,TJS,10,65.0783,6.50783
2020-12-29,UZS,10000,70.368,0.007036799999999999
2020-12-30,AMD,100,14.1037,0.141037
2020-12-30,KGS,100,89.0251,0.8902509999999999
2020-12-30,KZT,100,17.5148,0.175148
2020-12-30,TJS,10,65.0247,6.50247
2020-12-30,UZS,10000,70.3038,0.007030379999999999
2020-12-31,AMD,100,14.1457,0.141457
2020-12-31,KGS,100,89.1537,0.891537
2020-12-31,KZT,100,17.5481,0.17548100000000003
2020-12-31,TJS,10,65.218,6.521800000000001
2020-12-31,UZS,10000,70.6269,0.007062690000000001
2021-01-01,AMD,100,14.1457,0.141457
2021-01-01,KGS,100,89.3546,0.8935460000000001
2021-01-01,KZT,100,17.5252,0.17525200000000002
2021-01-01,TJS,10,65.218,6.521800000000001
2021-01-01,UZS,10000,70.5128,0.00705128
2021-01-12,AMD,100,14.2682,0.142682
2021-01-12,KGS,100,89.6651,0.896651
2021-01-12,KZT,100,17.7507,0.17750699999999997
2021-01-12,TJS,10,65.3933,6.53933
2021-01-12,UZS,10000,71.3039,0.0071303899999999995
2021-01-13,AMD,100,14.1933,0.141933
2021-01-13,KGS,100,89.2485,0.8924850000000001
2021-01-13,KZT,100,17.6535,0.176535
2021-01-13,TJS,10,65.1745,6.517449999999999
2021-01-13,UZS,10000,70.9108,0.00709108
2021-01-14,AMD,100,14.0385,0.140385
2021-01-14,KGS,100,88.3597,0.8835970000000001
2021-01-14,KZT,100,17.5443,0.175443
2021-01-14,TJS,10,64.5251,6.452509999999999
2021-01-14,UZS,10000,70.2043,0.00702043
2021-01-15,AMD,100,13.9938,0.139938
2021-01-15,KGS,100,88.0126,0.8801260000000001
2021-01-15,KZT,100,17.5688,0.17568799999999998
2021-01-15,TJS,10,64.7618,6.476179999999999
2021-01-15,UZS,10000,70.5508,0.007055079999999999
2021-01-16,AMD,100,13.998,0.13998
2021-01-16,KGS,100,87.0079,0.870079
2021-01-16,KZT,100,17.5321,0.175321
2021-01-16,TJS,10,64.5417,6.45417
2021-01-16,UZS,10000,70.2224,0.007022239999999999
2021-01-19,AMD,100,14.1023,0.141023
2021-01-19,KGS,100,87.5334,0.8753340000000001
2021-01-19,KZT,100,17.5839,0.175839
2021-01-19,TJS,10,64.9175,6.491750000000001
2021-01-19,UZS,10000,70.6312,0.007063120000000001
2021-01-20,AMD,100,14.1183,0.141183
2021-01-20,KGS,100,87.0417,0.8704170000000001
2021-01-20,KZT,100,17.558,0.17557999999999999
2021-01-20,TJS,10,64.6988,6.469880000000001
2021-01-20,UZS,10000,70.2082,0.0070208200000000005
2021-01-21,AMD,100,14.0486,0.140486
2021-01-21,KGS,100,86.4766,0.864766
2021-01-21,KZT,100,17.5272,0.175272
2021-01-21,TJS,10,64.3747,6.43747
2021-01-21,UZS,10000,69.8565,0.0069856499999999995
2021-01-22,AMD,100,14.1217,0.141217
2021-01-22,KGS,100,86.4928,0.864928
2021-01-22,KZT,100,17.5298,0.175298
2021-01-22,TJS,10,64.3874,6.43874
2021-01-22,UZS,10000,69.8702,0.00698702
2021-01-23,AMD,100,14.3017,0.143017
2021-01-23,KGS,100,87.9526,0.879526
2021-01-23,KZT,100,17.6929,0.176929
2021-01-23,TJS,10,65.258,6.525799999999999
2021-01-23,UZS,10000,70.815,0.0070815
2021-01-26,AMD,100,14.3969,0.143969
2021-01-26,KGS,100,88.2806,0.8828060000000001
2021-01-26,KZT,100,17.7938,0.177938
2021-01-26,TJS,10,65.6928,6.569280000000001
2021-01-26,UZS,10000,71.2869,0.00712869
2021-01-27,AMD,100,14.5607,0.14560700000000001
2021-01-27,KGS,100,89.1734,0.891734
2021-01-27,KZT,100,17.8981,0.178981
2021-01-27,TJS,10,66.376,6.637600000000001
2021-01-27,UZS,10000,71.9037,0.00719037
2021-01-28,AMD,100,14.4377,0.144377
2021-01-28,KGS,100,88.4726,0.884726
2021-01-28,KZT,100,17.7866,0.177866
2021-01-28,TJS,10,65.8534,6.5853399999999995
2021-01-28,UZS,10000,71.3379,0.00713379
2021-01-29,AMD,100,14.7031,0.147031
2021-01-29,KGS,100,89.8336,0.898336
2021-01-29,KZT,100,17.9602,0.179602
2021-01-29,TJS,10,66.8586,6.68586
2021-01-29,UZS,10000,72.4268,0.00724268
2021-01-30,AMD,100,14.6852,0.146852
2021-01-30,KGS,100,89.892,0.8989199999999999
2021-01-30,KZT,100,17.9782,0.179782
2021-01-30,TJS,10,66.9177,6.69177
2021-01-30,UZS,10000,72.8993,0.00728993
2021-02-02,AMD,100,14.5687,0.145687
2021-02-02,KGS,100,89.0107,0.890107
2021-02-02,KZT,100,17.8083,0.178083
2021-02-02,TJS,10,66.2618,6.62618
2021-02-02,UZS,10000,71.7801,0.00717801
2021-02-03,AMD,100,14.6408,0.146408
2021-02-03,KGS,100,89.4845,0.894845
2021-02-03,KZT,100,17.9123,0.17912299999999998
2021-02-03,TJS,10,66.6126,6.66126
2021-02-03,UZS,10000,72.0132,0.00720132
2021-02-04,AMD,100,14.6013,0.146013
2021-02-04,KGS,100,89.6918,0.896918
2021-02-04,KZT,100,17.9587,0.179587
2021-02-04,TJS,10,66.7662,6.67662
2021-02-04,UZS,10000,72.1792,0.007217919999999999
2021-02-05,AMD,100,14.5396,0.145396
2021-02-05,KGS,100,89.2793,0.8927930000000001
2021-02-05,KZT,100,17.9521,0.17952100000000001
2021-02-05,TJS,10,66.4584,6.64584
2021-02-05,UZS,10000,71.8464,0.00718464
2021-02-06,AMD,100,14.4319,0.144319
2021-02-06,KGS,100,88.5508,0.885508
2021-02-06,KZT,100,17.8754,0.178754
2021-02-06,TJS,10,65.9155,6.59155
2021-02-06,UZS,10000,71.8076,0.00718076
2021-02-09,AMD,100,14.1921,0.141921
2021-02-09,KGS,100,87.5429,0.875429
2021-02-09,KZT,100,17.7342,0.177342
2021-02-09,TJS,10,65.1691,6.51691
2021-02-09,UZS,10000,70.4527,0.007045269999999999
2021-02-10,AMD,100,14.157,0.14157
2021-02-10,KGS,100,87.3818,0.873818
2021-02-10,KZT,100,17.7153,0.177153
2021-02-10,TJS,10,65.0454,6.50454
2021-02-10,UZS,10000,70.8597,0.0070859700000000005
2021-02-11,AMD,100,14.0927,0.140927
2021-02-11,KGS,100,87.1887,0.871887
2021-02-11,KZT,100,17.6833,0.176833
2021-02-11,TJS,10,64.8114,6.481140000000001
2021-02-11,UZS,10000,70.1299,0.007012990000000001
2021-02-12,AMD,100,14.0746,0.140746
2021-02-12,KGS,100,87.5702,0.875702
2021-02-12,KZT,100,17.6564,0.17656400000000003
2021-02-12,TJS,10,64.7283,6.47283
2021-02-12,UZS,10000,70.04,0.007004000000000001
2021-02-13,AMD,100,14.1089,0.141089
2021-02-13,KGS,100,87.7942,0.877942
2021-02-13,KZT,100,17.6362,0.176362
2021-02-13,TJS,10,64.8862,6.48862
2021-02-13,UZS,10000,70.211,0.0070211
2021-02-16,AMD,100,13.989,0.13989000000000001
2021-02-16,KGS,100,86.7179,0.867179
2021-02-16,KZT,100,17.5806,0.17580600000000002
2021-02-16,TJS,10,64.3345,6.433450000000001
2021-02-16,UZS,10000,69.5335,0.0069533500000000005
2021-02-17,AMD,100,13.9705,0.139705
2021-02-17,KGS,100,86.7415,0.867415
2021-02-17,KZT,100,17.5885,0.17588499999999999
2021-02-17,TJS,10,64.3172,6.43172
2021-02-17,UZS,10000,69.534,0.0069534
2021-02-18,AMD,100,14.0898,0.140898
2021-02-18,KGS,100,87.3941,0.873941
2021-02-18,KZT,100,17.6924,0.176924
2021-02-18,TJS,10,64.7362,6.4736199999999995
2021-02-18,UZS,10000,70.0728,0.00700728
2021-02-19,AMD,100,14.0704,0.140704
2021-02-19,KGS,100,87.3702,0.873702
2021-02-19,KZT,100,17.7243,0.17724299999999998
2021-02-19,TJS,10,64.7437,6.47437
2021-02-19,UZS,10000,70.1223,0.0070122299999999995
2021-02-20,AMD,100,14.1208,0.141208
2021-02-20,KGS,100,87.4668,0.8746680000000001
2021-02-20,KZT,100,17.7034,0.177034
2021-02-20,TJS,10,64.9159,6.4915899999999995
2021-02-20,UZS,10000,70.3515,0.00703515
2021-02-21,AMD,100,14.106,0.14106
2021-02-21,KGS,100,87.3475,0.873475
2021-02-21,KZT,100,17.7231,0.177231
2021-02-21,TJS,10,64.9261,6.492610000000001
2021-02-21,UZS,10000,70.2444,0.00702444
2021-02-25,AMD,100,13.9949,0.139949
2021-02-25,KGS,100,87.1028,0.871028
2021-02-25,KZT,100,17.7468,0.17746800000000001
2021-02-25,TJS,10,64.7242,6.47242
2021-02-25,UZS,10000,69.9582,0.006995820000000001
2021-02-26,AMD,100,13.9355,0.139355
2021-02-26,KGS,100,86.8033,0.8680329999999999
2021-02-26,KZT,100,17.7054,0.17705400000000002
2021-02-26,TJS,10,64.4798,6.447979999999999
2021-02-26,UZS,10000,69.6179,0.006961790000000001
2021-02-27,AMD,100,14.1047,0.141047
2021-02-27,KGS,100,87.8764,0.878764
2021-02-27,KZT,100,17.8255,0.17825500000000002
2021-02-27,TJS,10,65.3245,6.53245
2021-02-27,UZS,10000,70.6335,0.0070633499999999995
2021-03-02,AMD,100,14.0236,0.140236
2021-03-02,KGS,100,87.3405,0.8734050000000001
2021-03-02,KZT,100,17.7018,0.17701799999999998
2021-03-02,TJS,10,64.9801,6.498009999999999
2021-03-02,UZS,10000,70.348,0.0070348
2021-03-03,AMD,100,14.1442,0.14144199999999998
2021-03-03,KGS,100,87.9317,0.879317
2021-03-03,KZT,100,17.7122,0.177122
2021-03-03,TJS,10,65.4458,6.544580000000001
2021-03-03,UZS,10000,70.9087,0.00709087
2021-03-04,AMD,100,13.9438,0.139438
2021-03-04,KGS,100,86.6572,0.866572
2021-03-04,KZT,100,17.5216,0.17521599999999998
2021-03-04,TJS,10,64.5184,6.45184
2021-03-04,UZS,10000,70.0176,0.00700176
2021-03-05,AMD,100,14.0345,0.140345
2021-03-05,KGS,100,86.9844,0.869844
2021-03-05,KZT,100,17.5854,0.175854
2021-03-05,TJS,10,64.7533,6.47533
2021-03-05,UZS,10000,70.3563,0.00703563
2021-03-06,AMD,100,14.1807,0.141807
2021-03-06,KGS,100,87.7401,0.877401
2021-03-06,KZT,100,17.7065,0.17706499999999997
2021-03-06,TJS,10,65.3159,6.53159
2021-03-06,UZS,10000,71.0331,0.007103310000000001
2021-03-10,AMD,100,14.1331,0.141331
2021-03-10,KGS,100,87.5474,0.875474
2021-03-10,KZT,100,17.6908,0.17690799999999998
2021-03-10,TJS,10,65.1724,6.517239999999999
2021-03-10,UZS,10000,70.7907,0.00707907
2021-03-11,AMD,100,14.0559,0.140559
2021-03-11,KGS,100,87.2825,0.872825
2021-03-11,KZT,100,17.6016,0.176016
2021-03-11,TJS,10,64.9753,6.49753
2021-03-11,UZS,10000,70.5306,0.007053060000000001
2021-03-12,AMD,100,13.9402,0.139402
2021-03-12,KGS,100,86.6463,0.866463
2021-03-12,KZT,100,17.5375,0.175375
2021-03-12,TJS,10,64.5016,6.4501599999999994
2021-03-12,UZS,10000,69.9735,0.00699735
2021-03-13,AMD,100,13.9418,0.13941800000000001
2021-03-13,KGS,100,86.6565,0.8665649999999999
2021-03-13,KZT,100,17.5378,0.175378
2021-03-13,TJS,10,64.5091,6.45091
2021-03-13,UZS,10000,69.9174,0.00699174
2021-03-16,AMD,100,13.8828,0.138828
2021-03-16,KGS,100,86.3305,0.863305
2021-03-16,KZT,100,17.4756,0.174756
2021-03-16,TJS,10,64.2665,6.4266499999999995
2021-03-16,UZS,10000,69.6191,0.00696191
2021-03-17,AMD,100,13.8316,0.138316
2021-03-17,KGS,100,86.0124,0.860124
2021-03-17,KZT,100,17.4154,0.17415400000000003
2021-03-17,TJS,10,64.0297,6.402970000000001
2021-03-17,UZS,10000,69.2988,0.00692988
2021-03-18,AMD,100,13.8516,0.138516
2021-03-18,KGS,100,86.1774,0.861774
2021-03-18,KZT,100,17.4543,0.174543
2021-03-18,TJS,10,64.1526,6.415260000000001
2021-03-18,UZS,10000,69.383,0.0069383
2021-03-19,AMD,100,13.957,0.13957
2021-03-19,KGS,100,86.8353,0.868353
2021-03-19,KZT,100,17.5753,0.175753
2021-03-19,TJS,10,64.6408,6.46408
2021-03-19,UZS,10000,69.9931,0.00699931
2021-03-20,AMD,100,14.0481,0.140481
2021-03-20,KGS,100,87.4,0.8740000000000001
2021-03-20,KZT,100,17.5998,0.175998
2021-03-20,TJS,10,65.0342,6.50342
2021-03-20,UZS,10000,70.5148,0.00705148
2021-03-23,AMD,100,14.1371,0.141371
2021-03-23,KGS,100,87.9535,0.8795350000000001
2021-03-23,KZT,100,17.7217,0.17721699999999999
2021-03-23,TJS,10,65.4461,6.5446100000000005
2021-03-23,UZS,10000,71.0157,0.00710157
2021-03-24,AMD,100,14.2792,0.142792
2021-03-24,KGS,100,88.8377,0.888377
2021-03-24,KZT,100,17.8999,0.178999
2021-03-24,TJS,10,66.1039,6.61039
2021-03-24,UZS,10000,71.7296,0.007172960000000001
2021-03-25,AMD,100,14.423,0.14423
2021-03-25,KGS,100,89.7749,0.897749
2021-03-25,KZT,100,18.0887,0.180887
2021-03-25,TJS,10,66.8013,6.68013
2021-03-25,UZS,10000,72.5534,0.00725534
2021-03-26,AMD,100,14.4269,0.144269
2021-03-26,KGS,100,89.7991,0.897991
2021-03-26,KZT,100,17.9739,0.179739
2021-03-26,TJS,10,66.8194,6.68194
2021-03-26,UZS,10000,72.4937,0.007249370000000001
2021-03-27,AMD,100,14.3412,0.143412
2021-03-27,KGS,100,89.3081,0.893081
2021-03-27,KZT,100,17.8629,0.178629
2021-03-27,TJS,10,66.454,6.6453999999999995
2021-03-27,UZS,10000,72.2165,0.00722165
2021-03-30,AMD,100,14.3411,0.143411
2021-03-30,KGS,100,89.3927,0.893927
2021-03-30,KZT,100,17.8776,0.17877600000000002
2021-03-30,TJS,10,66.5164,6.65164
2021-03-30,UZS,10000,72.2041,0.00722041
2021-03-31,AMD,100,14.3105,0.14310499999999998
2021-03-31,KGS,100,89.2648,0.8926479999999999
2021-03-31,KZT,100,17.8268,0.17826799999999998
2021-03-31,TJS,10,66.4055,6.64055
2021-03-31,UZS,10000,72.1905,0.00721905
2021-04-01,AMD,100,14.2914,0.14291399999999999
2021-04-01,KGS,100,89.1882,0.891882
2021-04-01,KZT,100,17.7801,0.17780100000000001
2021-04-01,TJS,10,66.3369,6.63369
2021-04-01,UZS,10000,72.2076,0.00722076
2021-04-02,AMD,100,14.31,0.1431
2021-04-02,KGS,100,89.372,0.89372
2021-04-02,KZT,100,17.7325,0.177325
2021-04-02,TJS,10,66.486,6.6486
2021-04-02,UZS,10000,72.2962,0.00722962
2021-04-03,AMD,100,14.3602,0.143602
2021-04-03,KGS,100,89.6806,0.896806
2021-04-03,KZT,100,17.8177,0.17817699999999997
2021-04-03,TJS,10,66.7193,6.671930000000001
2021-04-03,UZS,10000,72.641,0.007264100000000001
2021-04-06,AMD,100,14.3657,0.143657
2021-04-06,KGS,100,90.3081,0.9030809999999999
2021-04-06,KZT,100,17.8982,0.178982
2021-04-06,TJS,10,67.1858,6.71858
2021-04-06,UZS,10000,73.1488,0.007314879999999999
2021-04-07,AMD,100,14.3235,0.143235
2021-04-07,KGS,100,90.0437,0.900437
2021-04-07,KZT,100,17.7812,0.17781199999999997
2021-04-07,TJS,10,66.9884,6.69884
2021-04-07,UZS,10000,72.934,0.007293399999999999
2021-04-08,AMD,100,14.5506,0.145506
2021-04-08,KGS,100,91.6857,0.9168569999999999
2021-04-08,KZT,100,17.9758,0.179758
2021-04-08,TJS,10,68.21,6.821
2021-04-08,UZS,10000,74.2955,0.00742955
2021-04-09,AMD,100,14.4249,0.144249
2021-04-09,KGS,100,90.906,0.9090600000000001
2021-04-09,KZT,100,17.7835,0.177835
2021-04-09,TJS,10,67.6207,6.76207
2021-04-09,UZS,10000,73.5751,0.00735751
2021-04-10,AMD,100,14.4928,0.144928
2021-04-10,KGS,100,90.9734,0.9097339999999999
2021-04-10,KZT,100,17.8025,0.178025
2021-04-10,TJS,10,67.6773,6.76773
2021-04-10,UZS,10000,73.6801,0.0073680099999999995
2021-04-13,AMD,100,14.5483,0.145483
2021-04-13,KGS,100,91.3893,0.9138930000000001
2021-04-13,KZT,100,17.8737,0.178737
2021-04-13,TJS,10,67.9797,6.797969999999999
2021-04-13,UZS,10000,73.975,0.0073974999999999996
2021-04-14,AMD,100,14.9571,0.149571
2021-04-14,KGS,100,91.0716,0.9107160000000001
2021-04-14,KZT,100,17.8166,0.17816600000000002
2021-04-14,TJS,10,67.7543,6.77543
2021-04-14,UZS,10000,73.7475,0.00737475
2021-04-15,AMD,100,14.6247,0.14624700000000002
2021-04-15,KGS,100,89.2289,0.892289
2021-04-15,KZT,100,17.5738,0.17573799999999998
2021-04-15,TJS,10,66.3766,6.6376599999999994
2021-04-15,UZS,10000,72.1312,0.007213120000000001
2021-04-16,AMD,100,14.8228,0.148228
2021-04-16,KGS,100,90.7501,0.907501
2021-04-16,KZT,100,17.8318,0.178318
2021-04-16,TJS,10,67.5152,6.751519999999999
2021-04-16,UZS,10000,73.3361,0.00733361
2021-04-17,AMD,100,14.4961,0.144961
2021-04-17,KGS,100,89.0885,0.8908849999999999
2021-04-17,KZT,100,17.5683,0.175683
2021-04-17,TJS,10,66.2634,6.626340000000001
2021-04-17,UZS,10000,71.9046,0.00719046
2021-04-20,AMD,100,14.6015,0.146015
2021-04-20,KGS,100,89.8876,0.898876
2021-04-20,KZT,100,17.6828,0.176828
2021-04-20,TJS,10,66.8734,6.687340000000001
2021-04-20,UZS,10000,72.5341,0.007253409999999999
2021-04-21,AMD,100,14.5498,0.145498
2021-04-21,KGS,100,89.6193,0.8961929999999999
2021-04-21,KZT,100,17.6717,0.176717
2021-04-21,TJS,10,66.6686,6.66686
2021-04-21,UZS,10000,72.2194,0.00722194
2021-04-22,AMD,100,14.7198,0.147198
2021-04-22,KGS,100,90.5603,0.9056029999999999
2021-04-22,KZT,100,17.7616,0.17761600000000002
2021-04-22,TJS,10,67.374,6.737399999999999
2021-04-22,UZS,10000,72.8996,0.007289960000000001
2021-04-23,AMD,100,14.634,0.14634
2021-04-23,KGS,100,90.1001,0.9010009999999999
2021-04-23,KZT,100,17.6716,0.176716
2021-04-23,TJS,10,67.0248,6.7024799999999995
2021-04-23,UZS,10000,72.4238,0.00724238
2021-04-24,AMD,100,14.3783,0.143783
2021-04-24,KGS,100,88.5203,0.8852030000000001
2021-04-24,KZT,100,17.4361,0.174361
2021-04-24,TJS,10,65.8563,6.58563
2021-04-24,UZS,10000,71.2744,0.00712744
2021-04-27,AMD,100,14.3267,0.143267
2021-04-27,KGS,100,88.1421,0.881421
2021-04-27,KZT,100,17.3816,0.173816
2021-04-27,TJS,10,65.5745,6.55745
2021-04-27,UZS,10000,70.9406,0.00709406
2021-04-28,AMD,100,14.4022,0.144022
2021-04-28,KGS,100,88.3653,0.883653
2021-04-28,KZT,100,17.4521,0.174521
2021-04-28,TJS,10,65.7236,6.572360000000001
2021-04-28,UZS,10000,71.0623,0.007106229999999999
2021-04-29,AMD,100,14.4033,0.144033
2021-04-29,KGS,100,88.3471,0.883471
2021-04-29,KZT,100,17.4417,0.17441700000000002
2021-04-29,TJS,10,65.7071,6.57071
2021-04-29,UZS,10000,71.1705,0.007117050000000001
2021-04-30,AMD,100,14.3095,0.143095
2021-04-30,KGS,100,87.6869,0.8768689999999999
2021-04-30,KZT,100,17.3809,0.173809
2021-04-30,TJS,10,65.219,6.5219
2021-04-30,UZS,10000,70.739,0.0070739
2021-05-01,AMD,100,14.3761,0.143761
2021-05-01,KGS,100,88.2325,0.882325
2021-05-01,KZT,100,17.4178,0.174178
2021-05-01,TJS,10,65.6248,6.562479999999999
2021-05-01,UZS,10000,71.2193,0.00712193
2021-05-05,AMD,100,14.4549,0.144549
2021-05-05,KGS,100,88.7196,0.887196
2021-05-05,KZT,100,17.5462,0.17546199999999998
2021-05-05,TJS,10,65.9857,6.59857
2021-05-05,UZS,10000,71.5198,0.0071519800000000005
2021-05-06,AMD,100,14.3722,0.143722
2021-05-06,KGS,100,88.2609,0.8826090000000001
2021-05-06,KZT,100,17.5421,0.17542100000000002
2021-05-06,TJS,10,65.6394,6.56394
2021-05-06,UZS,10000,71.2023,0.007120229999999999
2021-05-07,AMD,100,14.3175,0.143175
2021-05-07,KGS,100,87.9253,0.879253
2021-05-07,KZT,100,17.4836,0.174836
2021-05-07,TJS,10,65.3897,6.538970000000001
2021-05-07,UZS,10000,71.0175,0.0071017499999999996
2021-05-08,AMD,100,14.2175,0.142175
2021-05-08,KGS,100,87.398,0.87398
2021-05-08,KZT,100,17.3784,0.173784
2021-05-08,TJS,10,65.0042,6.50042
2021-05-08,UZS,10000,70.6508,0.0070650800000000005
2021-05-12,AMD,100,14.1962,0.141962
2021-05-12,KGS,100,87.5125,0.875125
2021-05-12,KZT,100,17.3525,0.17352499999999998
2021-05-12,TJS,10,65.0212,6.50212
2021-05-12,UZS,10000,70.426,0.0070426
2021-05-13,AMD,100,14.1812,0.141812
2021-05-13,KGS,100,87.3477,0.8734770000000001
2021-05-13,KZT,100,17.374,0.17373999999999998
2021-05-13,TJS,10,64.9189,6.49189
2021-05-13,UZS,10000,70.229,0.0070229
2021-05-14,AMD,100,14.2372,0.142372
2021-05-14,KGS,100,87.8022,0.878022
2021-05-14,KZT,100,17.3708,0.173708
2021-05-14,TJS,10,65.1965,6.51965
2021-05-14,UZS,10000,70.4747,0.00704747
2021-05-15,AMD,100,14.1458,0.141458
2021-05-15,KGS,100,87.3773,0.873773
2021-05-15,KZT,100,17.2626,0.172626
2021-05-15,TJS,10,64.881,6.4881
2021-05-15,UZS,10000,70.1336,0.00701336
2021-05-18,AMD,100,14.1198,0.141198
2021-05-18,KGS,100,87.2475,0.872475
2021-05-18,KZT,100,17.2614,0.172614
2021-05-18,TJS,10,64.7555,6.47555
2021-05-18,UZS,10000,69.9979,0.0069997900000000005
2021-05-19,AMD,100,14.1211,0.141211
2021-05-19,KGS,100,87.4009,0.8740089999999999
2021-05-19,KZT,100,17.3001,0.17300100000000002
2021-05-19,TJS,10,64.6201,6.462009999999999
2021-05-19,UZS,10000,69.7506,0.006975060000000001
2021-05-20,AMD,100,14.1267,0.141267
2021-05-20,KGS,100,87.4233,0.8742329999999999
2021-05-20,KZT,100,17.2162,0.172162
2021-05-20,TJS,10,64.6013,6.4601299999999995
2021-05-20,UZS,10000,69.6585,0.00696585
2021-05-21,AMD,100,14.1344,0.141344
2021-05-21,KGS,100,87.6149,0.8761490000000001
2021-05-21,KZT,100,17.1581,0.171581
2021-05-21,TJS,10,64.5337,6.45337
2021-05-21,UZS,10000,69.5265,0.0069526499999999995
2021-05-22,AMD,100,14.1299,0.14129899999999998
2021-05-22,KGS,100,87.6036,0.876036
2021-05-22,KZT,100,17.1534,0.17153400000000002
2021-05-22,TJS,10,64.5158,6.45158
2021-05-22,UZS,10000,69.4301,0.0069430099999999995
2021-05-25,AMD,100,14.1251,0.141251
2021-05-25,KGS,100,87.7322,0.877322
2021-05-25,KZT,100,17.1809,0.17180900000000002
2021-05-25,TJS,10,64.4687,6.44687
2021-05-25,UZS,10000,69.5071,0.00695071
2021-05-26,AMD,100,14.0989,0.140989
2021-05-26,KGS,100,87.7379,0.8773789999999999
2021-05-26,KZT,100,17.1967,0.171967
2021-05-26,TJS,10,64.3545,6.43545
2021-05-26,UZS,10000,69.384,0.0069384
2021-05-27,AMD,100,14.1146,0.141146
2021-05-27,KGS,100,88.2262,0.8822620000000001
2021-05-27,KZT,100,17.1746,0.171746
2021-05-27,TJS,10,64.4224,6.44224
2021-05-27,UZS,10000,69.3047,0.006930469999999999
2021-05-28,AMD,100,14.1081,0.141081
2021-05-28,KGS,100,88.4606,0.884606
2021-05-28,KZT,100,17.1289,0.17128900000000002
2021-05-28,TJS,10,64.4086,6.440860000000001
2021-05-28,UZS,10000,69.2353,0.00692353
2021-05-29,AMD,100,14.1302,0.141302
2021-05-29,KGS,100,88.2232,0.882232
2021-05-29,KZT,100,17.167,0.17167000000000002
2021-05-29,TJS,10,64.5217,6.45217
2021-05-29,UZS,10000,69.4936,0.00694936
2021-06-01,AMD,100,14.0752,0.14075200000000002
2021-06-01,KGS,100,87.6199,0.8761990000000001
2021-06-01,KZT,100,17.0912,0.170912
2021-06-01,TJS,10,64.6639,6.46639
2021-06-01,UZS,10000,69.2741,0.00692741
2021-06-02,AMD,100,14.0683,0.140683
2021-06-02,KGS,100,87.5633,0.875633
2021-06-02,KZT,100,17.1242,0.17124199999999998
2021-06-02,TJS,10,64.2184,6.42184
2021-06-02,UZS,10000,69.3032,0.00693032
2021-06-03,AMD,100,14.116,0.14116
2021-06-03,KGS,100,87.0837,0.870837
2021-06-03,KZT,100,17.1562,0.171562
2021-06-03,TJS,10,64.4436,6.4443600000000005
2021-06-03,UZS,10000,69.6015,0.00696015
2021-06-04,AMD,100,14.0716,0.140716
2021-06-04,KGS,100,86.6955,0.8669549999999999
2021-06-04,KZT,100,17.1055,0.17105499999999998
2021-06-04,TJS,10,64.2381,6.4238100000000005
2021-06-04,UZS,10000,69.4393,0.00694393
2021-06-05,AMD,100,14.0854,0.140854
2021-06-05,KGS,100,86.5075,0.8650749999999999
2021-06-05,KZT,100,17.1039,0.171039
2021-06-05,TJS,10,64.2456,6.42456
2021-06-05,UZS,10000,69.5234,0.0069523399999999996
2021-06-08,AMD,100,14.0243,0.140243
2021-06-08,KGS,100,86.1036,0.861036
2021-06-08,KZT,100,17.0797,0.17079699999999998
2021-06-08,TJS,10,64.34,6.434
2021-06-08,UZS,10000,69.1434,0.00691434
2021-06-09,AMD,100,14.0044,0.140044
2021-06-09,KGS,100,86.0236,0.860236
2021-06-09,KZT,100,17.0175,0.170175
2021-06-09,TJS,10,63.8541,6.38541
2021-06-09,UZS,10000,69.1462,0.006914619999999999
2021-06-10,AMD,100,13.8666,0.138666
2021-06-10,KGS,100,85.146,0.85146
2021-06-10,KZT,100,16.8814,0.168814
2021-06-10,TJS,10,63.5932,6.35932
2021-06-10,UZS,10000,68.2933,0.006829330000000001
2021-06-11,AMD,100,13.8694,0.138694
2021-06-11,KGS,100,85.3876,0.8538760000000001
2021-06-11,KZT,100,16.8845,0.168845
2021-06-11,TJS,10,63.3033,6.33033
2021-06-11,UZS,10000,68.295,0.0068295000000000005
2021-06-12,AMD,100,13.8037,0.138037
2021-06-12,KGS,100,84.828,0.84828
2021-06-12,KZT,100,16.7784,0.16778400000000002
2021-06-12,TJS,10,62.8494,6.284940000000001
2021-06-12,UZS,10000,67.6989,0.00676989
2021-06-16,AMD,100,13.8098,0.138098
2021-06-16,KGS,100,84.7735,0.847735
2021-06-16,KZT,100,16.8305,0.168305
2021-06-16,TJS,10,62.9827,6.2982700000000005
2021-06-16,UZS,10000,67.7084,0.006770839999999999
2021-06-17,AMD,100,13.9684,0.139684
2021-06-17,KGS,100,85.1646,0.8516459999999999
2021-06-17,KZT,100,16.9052,0.169052
2021-06-17,TJS,10,63.1585,6.315849999999999
2021-06-17,UZS,10000,67.8525,0.0067852500000000005
2021-06-18,AMD,100,13.9903,0.139903
2021-06-18,KGS,100,85.7008,0.857008
2021-06-18,KZT,100,16.9505,0.16950500000000002
2021-06-18,TJS,10,63.5728,6.35728
2021-06-18,UZS,10000,68.2975,0.00682975
2021-06-19,AMD,100,13.941,0.13941
2021-06-19,KGS,100,85.3006,0.853006
2021-06-19,KZT,100,16.8527,0.16852699999999998
2021-06-19,TJS,10,63.3245,6.33245
2021-06-19,UZS,10000,68.2557,0.00682557
2021-06-22,AMD,100,14.1406,0.141406
2021-06-22,KGS,100,86.5238,0.865238
2021-06-22,KZT,100,17.1027,0.17102699999999998
2021-06-22,TJS,10,64.1812,6.41812
2021-06-22,UZS,10000,69.2671,0.00692671
2021-06-23,AMD,100,14.1315,0.141315
2021-06-23,KGS,100,86.5397,0.865397
2021-06-23,KZT,100,17.1311,0.171311
2021-06-23,TJS,10,64.1527,6.41527
2021-06-23,UZS,10000,69.1104,0.00691104
2021-06-24,AMD,100,14.1637,0.141637
2021-06-24,KGS,100,85.9034,0.8590340000000001
2021-06-24,KZT,100,17.0003,0.170003
2021-06-24,TJS,10,63.7151,6.37151
2021-06-24,UZS,10000,68.6746,0.00686746
2021-06-25,AMD,100,14.1259,0.141259
2021-06-25,KGS,100,85.4157,0.854157
2021-06-25,KZT,100,16.8673,0.168673
2021-06-25,TJS,10,63.416,6.3416
2021-06-25,UZS,10000,68.4136,0.00684136
2021-06-26,AMD,100,14.2094,0.142094
2021-06-26,KGS,100,85.2163,0.852163
2021-06-26,KZT,100,16.876,0.16876000000000002
2021-06-26,TJS,10,63.2787,6.32787
2021-06-26,UZS,10000,68.3101,0.00683101
2021-06-29,AMD,100,14.463,0.14462999999999998
2021-06-29,KGS,100,85.2281,0.852281
2021-06-29,KZT,100,16.9266,0.169266
2021-06-29,TJS,10,63.286,6.3286
2021-06-29,UZS,10000,68.2467,0.0068246700000000006
2021-06-30,AMD,100,14.5078,0.14507799999999998
2021-06-30,KGS,100,85.4706,0.8547060000000001
2021-06-30,KZT,100,16.8899,0.16889900000000002
2021-06-30,TJS,10,63.4566,6.3456600000000005
2021-06-30,UZS,10000,68.3607,0.00683607
2021-07-01,AMD,100,14.6806,0.146806
2021-07-01,KGS,100,85.8689,0.8586889999999999
2021-07-01,KZT,100,16.9778,0.16977799999999998
2021-07-01,TJS,10,63.7645,6.37645
2021-07-01,UZS,10000,68.5727,0.0068572699999999995
2021-07-02,AMD,100,14.6329,0.146329
2021-07-02,KGS,100,86.0501,0.860501
2021-07-02,KZT,100,17.0648,0.17064800000000002
2021-07-02,TJS,10,63.9269,6.39269
2021-07-02,UZS,10000,68.8401,0.00688401
2021-07-03,AMD,100,14.7811,0.147811
2021-07-03,KGS,100,86.8057,0.868057
2021-07-03,KZT,100,17.2247,0.17224699999999998
2021-07-03,TJS,10,65.0044,6.50044
2021-07-03,UZS,10000,69.5319,0.00695319
2021-07-06,AMD,100,14.8043,0.148043
2021-07-06,KGS,100,86.4946,0.8649460000000001
2021-07-06,KZT,100,17.2029,0.172029
2021-07-06,TJS,10,64.3174,6.4317400000000005
2021-07-06,UZS,10000,69.1136,0.006911360000000001
2021-07-07,AMD,100,14.7047,0.147047
2021-07-07,KGS,100,86.3908,0.863908
2021-07-07,KZT,100,17.1823,0.171823
2021-07-07,TJS,10,64.2402,6.4240200000000005
2021-07-07,UZS,10000,69.1606,0.00691606
2021-07-08,AMD,100,14.8696,0.148696
2021-07-08,KGS,100,87.316,0.87316
2021-07-08,KZT,100,17.2914,0.17291399999999998
2021-07-08,TJS,10,64.9347,6.49347
2021-07-08,UZS,10000,69.8492,0.0069849199999999995
2021-07-09,AMD,100,15.101,0.15101
2021-07-09,KGS,100,88.6452,0.886452
2021-07-09,KZT,100,17.455,0.17454999999999998
2021-07-09,TJS,10,65.9318,6.593179999999999
2021-07-09,UZS,10000,70.7717,0.00707717
2021-07-10,AMD,100,14.9488,0.149488
2021-07-10,KGS,100,87.7907,0.877907
2021-07-10,KZT,100,17.3424,0.17342400000000002
2021-07-10,TJS,10,65.2937,6.52937
2021-07-10,UZS,10000,70.0491,0.00700491
2021-07-13,AMD,100,14.9701,0.149701
2021-07-13,KGS,100,88.0666,0.880666
2021-07-13,KZT,100,17.4107,0.17410699999999998
2021-07-13,TJS,10,65.4394,6.543940000000001
2021-07-13,UZS,10000,70.2666,0.00702666
2021-07-14,AMD,100,14.8638,0.148638
2021-07-14,KGS,100,87.3276,0.873276
2021-07-14,KZT,100,17.3158,0.173158
2021-07-14,TJS,10,64.9355,6.493550000000001
2021-07-14,UZS,10000,69.7255,0.00697255
2021-07-15,AMD,100,14.8917,0.148917
2021-07-15,KGS,100,87.4482,0.874482
2021-07-15,KZT,100,17.3512,0.173512
2021-07-15,TJS,10,64.9922,6.499219999999999
2021-07-15,UZS,10000,69.6056,0.006960559999999999
2021-07-16,AMD,100,14.8991,0.148991
2021-07-16,KGS,100,87.5766,0.875766
2021-07-16,KZT,100,17.4002,0.17400200000000002
2021-07-16,TJS,10,65.0765,6.50765
2021-07-16,UZS,10000,69.6245,0.006962449999999999
2021-07-17,AMD,100,14.8972,0.148972
2021-07-17,KGS,100,87.4703,0.8747029999999999
2021-07-17,KZT,100,17.3712,0.173712
2021-07-17,TJS,10,65.029,6.5028999999999995
2021-07-17,UZS,10000,69.6347,0.006963469999999999
2021-07-20,AMD,100,14.9425,0.149425
2021-07-20,KGS,100,87.664,0.87664
2021-07-20,KZT,100,17.3647,0.173647
2021-07-20,TJS,10,65.1875,6.51875
2021-07-20,UZS,10000,69.9666,0.00699666
2021-07-21,AMD,100,15.0563,0.150563
2021-07-21,KGS,100,87.8347,0.878347
2021-07-21,KZT,100,17.3843,0.173843
2021-07-21,TJS,10,65.3143,6.53143
2021-07-21,UZS,10000,70.2834,0.00702834
2021-07-22,AMD,100,15.1674,0.151674
2021-07-22,KGS,100,87.839,0.87839
2021-07-22,KZT,100,17.4035,0.17403500000000002
2021-07-22,TJS,10,65.3176,6.53176
2021-07-22,UZS,10000,70.287,0.007028700000000001
2021-07-23,AMD,100,15.1122,0.151122
2021-07-23,KGS,100,86.9803,0.869803
2021-07-23,KZT,100,17.2852,0.172852
2021-07-23,TJS,10,64.616,6.4616
2021-07-23,UZS,10000,69.5319,0.00695319
2021-07-24,AMD,100,15.13,0.15130000000000002
2021-07-24,KGS,100,87.3889,0.873889
2021-07-24,KZT,100,17.3264,0.173264
2021-07-24,TJS,10,64.6789,6.46789
2021-07-24,UZS,10000,69.5996,0.006959959999999999
2021-07-27,AMD,100,15.2011,0.152011
2021-07-27,KGS,100,87.9092,0.879092
2021-07-27,KZT,100,17.3819,0.17381900000000003
2021-07-27,TJS,10,64.9698,6.496980000000001
2021-07-27,UZS,10000,69.6779,0.00696779
2021-07-28,AMD,100,15.1497,0.151497
2021-07-28,KGS,100,87.458,0.87458
2021-07-28,KZT,100,17.3515,0.173515
2021-07-28,TJS,10,64.7498,6.4749799999999995
2021-07-28,UZS,10000,69.2922,0.00692922
2021-07-29,AMD,100,15.0884,0.150884
2021-07-29,KGS,100,87.0251,0.870251
2021-07-29,KZT,100,17.2813,0.17281300000000002
2021-07-29,TJS,10,64.5408,6.45408
2021-07-29,UZS,10000,68.9867,0.00689867
2021-07-30,AMD,100,15.1747,0.151747
2021-07-30,KGS,100,86.4188,0.8641880000000001
2021-07-30,KZT,100,17.2093,0.172093
2021-07-30,TJS,10,64.174,6.417400000000001
2021-07-30,UZS,10000,68.7361,0.00687361
2021-07-31,AMD,100,15.0569,0.150569
2021-07-31,KGS,100,86.2352,0.862352
2021-07-31,KZT,100,17.1891,0.171891
2021-07-31,TJS,10,64.1287,6.41287
2021-07-31,UZS,10000,68.8365,0.00688365
2021-08-03,AMD,100,14.9118,0.149118
2021-08-03,KGS,100,86.1178,0.861178
2021-08-03,KZT,100,17.1925,0.171925
2021-08-03,TJS,10,64.0207,6.40207
2021-08-03,UZS,10000,68.608,0.0068608
2021-08-04,AMD,100,14.8856,0.148856
2021-08-04,KGS,100,85.9825,0.8598250000000001
2021-08-04,KZT,100,17.1747,0.171747
2021-08-04,TJS,10,63.8951,6.38951
2021-08-04,UZS,10000,68.3991,0.00683991
2021-08-05,AMD,100,14.877,0.14877
2021-08-05,KGS,100,85.9006,0.8590059999999999
2021-08-05,KZT,100,17.1482,0.171482
2021-08-05,TJS,10,63.8191,6.3819099999999995
2021-08-05,UZS,10000,68.366,0.0068366
2021-08-06,AMD,100,14.8369,0.148369
2021-08-06,KGS,100,86.3468,0.863468
2021-08-06,KZT,100,17.1937,0.171937
2021-08-06,TJS,10,64.1543,6.415430000000001
2021-08-06,UZS,10000,68.7992,0.00687992
2021-08-07,AMD,100,14.8383,0.14838300000000001
2021-08-07,KGS,100,86.3015,0.8630150000000001
2021-08-07,KZT,100,17.2254,0.17225400000000002
2021-08-07,TJS,10,64.1214,6.412139999999999
2021-08-07,UZS,10000,68.8728,0.00688728
2021-08-10,AMD,100,14.93,0.1493
2021-08-10,KGS,100,86.6859,0.866859
2021-08-10,KZT,100,17.2291,0.172291
2021-08-10,TJS,10,64.4523,6.44523
2021-08-10,UZS,10000,69.0876,0.00690876
2021-08-11,AMD,100,14.954,0.14954
2021-08-11,KGS,100,86.778,0.8677800000000001
2021-08-11,KZT,100,17.272,0.17271999999999998
2021-08-11,TJS,10,64.5298,6.452979999999999
2021-08-11,UZS,10000,69.2475,0.00692475
2021-08-12,AMD,100,15.036,0.15036
2021-08-12,KGS,100,87.2103,0.8721030000000001
2021-08-12,KZT,100,17.3597,0.173597
2021-08-12,TJS,10,65.3152,6.53152
2021-08-12,UZS,10000,69.4484,0.006944840000000001
2021-08-13,AMD,100,14.9481,0.149481
2021-08-13,KGS,100,86.7258,0.8672580000000001
2021-08-13,KZT,100,17.316,0.17315999999999998
2021-08-13,TJS,10,64.5043,6.45043
2021-08-13,UZS,10000,69.0121,0.0069012100000000005
2021-08-14,AMD,100,14.9409,0.149409
2021-08-14,KGS,100,86.4886,0.864886
2021-08-14,KZT,100,17.2774,0.172774
2021-08-14,TJS,10,64.421,6.442100000000001
2021-08-14,UZS,10000,68.8457,0.00688457
2021-08-17,AMD,100,14.9092,0.149092
2021-08-17,KGS,100,86.5276,0.865276
2021-08-17,KZT,100,17.2403,0.172403
2021-08-17,TJS,10,64.3507,6.4350700000000005
2021-08-17,UZS,10000,68.6998,0.0068699799999999995
2021-08-18,AMD,100,14.9182,0.149182
2021-08-18,KGS,100,86.6798,0.866798
2021-08-18,KZT,100,17.2802,0.172802
2021-08-18,TJS,10,64.3955,6.43955
2021-08-18,UZS,10000,68.9262,0.0068926199999999995
2021-08-19,AMD,100,14.9331,0.149331
2021-08-19,KGS,100,86.6914,0.866914
2021-08-19,KZT,100,17.2571,0.172571
2021-08-19,TJS,10,64.385,6.4385
2021-08-19,UZS,10000,68.9647,0.006896469999999999
2021-08-20,AMD,100,15.0994,0.150994
2021-08-20,KGS,100,87.6199,0.8761990000000001
2021-08-20,KZT,100,17.3573,0.17357299999999998
2021-08-20,TJS,10,64.9871,6.49871
2021-08-20,UZS,10000,69.6639,0.006966389999999999
2021-08-21,AMD,100,15.1285,0.151285
2021-08-21,KGS,100,87.8488,0.8784879999999999
2021-08-21,KZT,100,17.3992,0.173992
2021-08-21,TJS,10,65.1744,6.517440000000001
2021-08-21,UZS,10000,69.9436,0.006994360000000001
2021-08-24,AMD,100,15.0527,0.150527
2021-08-24,KGS,100,87.4758,0.874758
2021-08-24,KZT,100,17.3926,0.17392600000000003
2021-08-24,TJS,10,64.9138,6.4913799999999995
2021-08-24,UZS,10000,69.6075,0.00696075
2021-08-25,AMD,100,15.0252,0.150252
2021-08-25,KGS,100,87.3955,0.873955
2021-08-25,KZT,100,17.3849,0.17384899999999998
2021-08-25,TJS,10,64.8085,6.480849999999999
2021-08-25,UZS,10000,69.4911,0.0069491100000000005
2021-08-26,AMD,100,15.0195,0.150195
2021-08-26,KGS,100,87.0998,0.870998
2021-08-26,KZT,100,17.3125,0.173125
2021-08-26,TJS,10,64.63,6.462999999999999
2021-08-26,UZS,10000,69.344,0.006934399999999999
2021-08-27,AMD,100,15.0281,0.150281
2021-08-27,KGS,100,87.332,0.87332
2021-08-27,KZT,100,17.3402,0.173402
2021-08-27,TJS,10,64.8473,6.484730000000001
2021-08-27,UZS,10000,69.4488,0.0069448800000000005
2021-08-28,AMD,100,15.0303,0.150303
2021-08-28,KGS,100,87.3233,0.873233
2021-08-28,KZT,100,17.3048,0.173048
2021-08-28,TJS,10,64.8436,6.48436
2021-08-28,UZS,10000,69.5314,0.006953140000000001
2021-08-31,AMD,100,14.9284,0.149284
2021-08-31,KGS,100,86.8368,0.8683679999999999
2021-08-31,KZT,100,17.2184,0.172184
2021-08-31,TJS,10,64.4824,6.44824
2021-08-31,UZS,10000,69.1441,0.006914409999999999
2021-09-01,AMD,100,14.8622,0.148622
2021-09-01,KGS,100,86.4871,0.864871
2021-09-01,KZT,100,17.1752,0.17175200000000002
2021-09-01,TJS,10,64.6476,6.46476
2021-09-01,UZS,10000,68.7852,0.00687852
2021-09-02,AMD,100,14.8506,0.148506
2021-09-02,KGS,100,86.3845,0.863845
2021-09-02,KZT,100,17.1607,0.17160699999999998
2021-09-02,TJS,10,64.571,6.4571
2021-09-02,UZS,10000,68.5953,0.006859529999999999
2021-09-03,AMD,100,14.7587,0.147587
2021-09-03,KGS,100,85.9757,0.859757
2021-09-03,KZT,100,17.0905,0.17090499999999997
2021-09-03,TJS,10,64.2692,6.42692
2021-09-03,UZS,10000,68.2747,0.0068274699999999995
2021-09-04,AMD,100,14.7616,0.147616
2021-09-04,KGS,100,85.9821,0.8598210000000001
2021-09-04,KZT,100,17.1239,0.171239
2021-09-04,TJS,10,64.2484,6.4248400000000006
2021-09-04,UZS,10000,68.2794,0.006827939999999999
2021-09-07,AMD,100,14.7844,0.147844
2021-09-07,KGS,100,86.0536,0.8605360000000001
2021-09-07,KZT,100,17.1153,0.171153
2021-09-07,TJS,10,64.336,6.4336
2021-09-07,UZS,10000,68.3664,0.00683664
2021-09-08,AMD,100,14.828,0.14828
2021-09-08,KGS,100,86.3332,0.8633320000000001
2021-09-08,KZT,100,17.1669,0.171669
2021-09-08,TJS,10,64.5707,6.45707
2021-09-08,UZS,10000,68.4983,0.00684983
2021-09-09,AMD,100,14.8985,0.148985
2021-09-09,KGS,100,86.6295,0.8662949999999999
2021-09-09,KZT,100,17.1996,0.171996
2021-09-09,TJS,10,64.7923,6.479229999999999
2021-09-09,UZS,10000,68.6681,0.006866809999999999
2021-09-10,AMD,100,14.832,0.14832
2021-09-10,KGS,100,86.2094,0.862094
2021-09-10,KZT,100,17.1523,0.171523
2021-09-10,TJS,10,64.5161,6.45161
2021-09-10,UZS,10000,68.4545,0.0068454499999999995
2021-09-11,AMD,100,14.7511,0.147511
2021-09-11,KGS,100,85.7744,0.857744
2021-09-11,KZT,100,17.0638,0.170638
2021-09-11,TJS,10,64.1906,6.41906
2021-09-11,UZS,10000,68.2034,0.00682034
2021-09-14,AMD,100,14.8349,0.14834899999999998
2021-09-14,KGS,100,86.1564,0.861564
2021-09-14,KZT,100,17.1378,0.17137799999999997
2021-09-14,TJS,10,64.4765,6.44765
2021-09-14,UZS,10000,68.5072,0.006850719999999999
2021-09-15,AMD,100,14.7514,0.147514
2021-09-15,KGS,100,85.7238,0.8572379999999999
2021-09-15,KZT,100,17.0597,0.170597
2021-09-15,TJS,10,64.1527,6.41527
2021-09-15,UZS,10000,68.2681,0.00682681
2021-09-16,AMD,100,14.862,0.14862
2021-09-16,KGS,100,85.8836,0.858836
2021-09-16,KZT,100,17.0754,0.170754
2021-09-16,TJS,10,64.2717,6.427169999999999
2021-09-16,UZS,10000,68.1712,0.00681712
2021-09-17,AMD,100,14.7057,0.147057
2021-09-17,KGS,100,85.3928,0.8539279999999999
2021-09-17,KZT,100,17.029,0.17029
2021-09-17,TJS,10,63.902,6.3902
2021-09-17,UZS,10000,67.6564,0.006765640000000001
2021-09-18,AMD,100,14.7315,0.147315
2021-09-18,KGS,100,85.5429,0.855429
2021-09-18,KZT,100,17.0389,0.170389
2021-09-18,TJS,10,63.9889,6.39889
2021-09-18,UZS,10000,67.9335,0.006793349999999999
2021-09-21,AMD,100,14.9199,0.149199
2021-09-21,KGS,100,86.4713,0.864713
2021-09-21,KZT,100,17.1998,0.17199799999999998
2021-09-21,TJS,10,64.6948,6.46948
2021-09-21,UZS,10000,68.7005,0.006870050000000001
2021-09-22,AMD,100,15.0653,0.150653
2021-09-22,KGS,100,86.3025,0.8630249999999999
2021-09-22,KZT,100,17.1726,0.171726
2021-09-22,TJS,10,64.559,6.4559
2021-09-22,UZS,10000,68.5026,0.00685026
2021-09-23,AMD,100,14.9982,0.149982
2021-09-23,KGS,100,85.9165,0.859165
2021-09-23,KZT,100,17.1101,0.171101
2021-09-23,TJS,10,64.297,6.4296999999999995
2021-09-23,UZS,10000,68.1885,0.00681885
2021-09-24,AMD,100,14.7799,0.14779899999999999
2021-09-24,KGS,100,85.7325,0.857325
2021-09-24,KZT,100,17.1016,0.171016
2021-09-24,TJS,10,64.1592,6.41592
2021-09-24,UZS,10000,68.1002,0.00681002
2021-09-25,AMD,100,14.8345,0.148345
2021-09-25,KGS,100,86.0669,0.860669
2021-09-25,KZT,100,17.1683,0.17168299999999997
2021-09-25,TJS,10,64.4094,6.44094
2021-09-25,UZS,10000,68.4237,0.0068423699999999995
2021-09-28,AMD,100,14.7791,0.147791
2021-09-28,KGS,100,85.658,0.85658
2021-09-28,KZT,100,17.1008,0.171008
2021-09-28,TJS,10,64.1035,6.410349999999999
2021-09-28,UZS,10000,68.2262,0.006822620000000001
2021-09-29,AMD,100,15.0296,0.150296
2021-09-29,KGS,100,85.4782,0.854782
2021-09-29,KZT,100,17.0728,0.17072800000000002
2021-09-29,TJS,10,63.9431,6.39431
2021-09-29,UZS,10000,67.9825,0.0067982500000000005
2021-09-30,AMD,100,14.8053,0.14805300000000002
2021-09-30,KGS,100,85.7753,0.857753
2021-09-30,KZT,100,17.092,0.17092
2021-09-30,TJS,10,64.1913,6.41913
2021-09-30,UZS,10000,68.1561,0.00681561
2021-10-01,AMD,100,14.8037,0.148037
2021-10-01,KGS,100,85.6132,0.8561320000000001
2021-10-01,KZT,100,17.0653,0.170653
2021-10-01,TJS,10,64.106,6.4106
2021-10-01,UZS,10000,67.9619,0.00679619
2021-10-02,AMD,100,14.8653,0.148653
2021-10-02,KGS,100,85.9648,0.859648
2021-10-02,KZT,100,17.0997,0.17099699999999998
2021-10-02,TJS,10,64.3614,6.43614
2021-10-02,UZS,10000,68.2019,0.006820189999999999
2021-10-05,AMD,100,14.9129,0.149129
2021-10-05,KGS,100,85.9693,0.859693
2021-10-05,KZT,100,17.1324,0.171324
2021-10-05,TJS,10,64.392,6.4392
2021-10-05,UZS,10000,68.2042,0.00682042
2021-10-06,AMD,100,14.7873,0.147873
2021-10-06,KGS,100,85.5488,0.855488
2021-10-06,KZT,100,17.077,0.17077
2021-10-06,TJS,10,64.0782,6.407819999999999
2021-10-06,UZS,10000,67.963,0.006796299999999999
2021-10-07,AMD,100,14.8462,0.14846199999999998
2021-10-07,KGS,100,85.5483,0.855483
2021-10-07,KZT,100,17.0568,0.170568
2021-10-07,TJS,10,64.0779,6.40779
2021-10-07,UZS,10000,67.8965,0.00678965
2021-10-08,AMD,100,14.9134,0.149134
2021-10-08,KGS,100,85.2149,0.852149
2021-10-08,KZT,100,16.9704,0.16970400000000002
2021-10-08,TJS,10,63.8987,6.38987
2021-10-08,UZS,10000,67.7398,0.006773980000000001
2021-10-09,AMD,100,15.0289,0.150289
2021-10-09,KGS,100,84.8726,0.8487260000000001
2021-10-09,KZT,100,16.9245,0.16924499999999998
2021-10-09,TJS,10,63.5798,6.3579799999999995
2021-10-09,UZS,10000,67.418,0.006741800000000001
2021-10-12,AMD,100,14.9806,0.149806
2021-10-12,KGS,100,84.4509,0.8445090000000001
2021-10-12,KZT,100,16.8558,0.16855799999999999
2021-10-12,TJS,10,63.3678,6.33678
2021-10-12,UZS,10000,67.0738,0.006707380000000001
2021-10-13,AMD,100,15.0345,0.150345
2021-10-13,KGS,100,84.7371,0.847371
2021-10-13,KZT,100,16.8911,0.168911
2021-10-13,TJS,10,63.5011,6.35011
2021-10-13,UZS,10000,67.3918,0.00673918
2021-10-14,AMD,100,15.0298,0.150298
2021-10-14,KGS,100,84.7107,0.847107
2021-10-14,KZT,100,16.866,0.16866
2021-10-14,TJS,10,63.5347,6.35347
2021-10-14,UZS,10000,67.2572,0.00672572
2021-10-15,AMD,100,14.9989,0.149989
2021-10-15,KGS,100,84.6245,0.846245
2021-10-15,KZT,100,16.8489,0.168489
2021-10-15,TJS,10,63.47,6.3469999999999995
2021-10-15,UZS,10000,67.0882,0.00670882
2021-10-16,AMD,100,14.8503,0.148503
2021-10-16,KGS,100,83.9791,0.8397910000000001
2021-10-16,KZT,100,16.7223,0.167223
2021-10-16,TJS,10,63.0138,6.30138
2021-10-16,UZS,10000,66.5107,0.00665107
2021-10-19,AMD,100,14.8552,0.148552
2021-10-19,KGS,100,83.9016,0.839016
2021-10-19,KZT,100,16.7246,0.16724599999999998
2021-10-19,TJS,10,62.9306,6.29306
2021-10-19,UZS,10000,66.4843,0.00664843
2021-10-20,AMD,100,14.8561,0.148561
2021-10-20,KGS,100,83.665,0.8366500000000001
2021-10-20,KZT,100,16.6708,0.166708
2021-10-20,TJS,10,62.7503,6.27503
2021-10-20,UZS,10000,66.3207,0.00663207
2021-10-21,AMD,100,14.8807,0.148807
2021-10-21,KGS,100,83.7714,0.837714
2021-10-21,KZT,100,16.668,0.16668
2021-10-21,TJS,10,62.9506,6.29506
2021-10-21,UZS,10000,66.3927,0.00663927
2021-10-22,AMD,100,14.864,0.14864
2021-10-22,KGS,100,83.6951,0.836951
2021-10-22,KZT,100,16.6527,0.16652699999999998
2021-10-22,TJS,10,62.9348,6.293480000000001
2021-10-22,UZS,10000,66.4579,0.0066457899999999995
2021-10-23,AMD,100,14.8372,0.148372
2021-10-23,KGS,100,83.5372,0.835372
2021-10-23,KZT,100,16.6363,0.16636299999999998
2021-10-23,TJS,10,62.863,6.2863
2021-10-23,UZS,10000,66.276,0.0066276
2021-10-26,AMD,100,14.731,0.14731
2021-10-26,KGS,100,82.6988,0.8269880000000001
2021-10-26,KZT,100,16.4945,0.16494499999999998
2021-10-26,TJS,10,62.2311,6.22311
2021-10-26,UZS,10000,65.5278,0.00655278
2021-10-27,AMD,100,14.5782,0.145782
2021-10-27,KGS,100,81.9991,0.819991
2021-10-27,KZT,100,16.3365,0.163365
2021-10-27,TJS,10,61.7971,6.17971
2021-10-27,UZS,10000,65.0328,0.006503279999999999
2021-10-28,AMD,100,14.6353,0.146353
2021-10-28,KGS,100,82.3078,0.823078
2021-10-28,KZT,100,16.3586,0.16358599999999998
2021-10-28,TJS,10,62.0813,6.20813
2021-10-28,UZS,10000,65.343,0.006534300000000001
2021-10-29,AMD,100,14.7811,0.147811
2021-10-29,KGS,100,83.1452,0.8314520000000001
2021-10-29,KZT,100,16.4941,0.164941
2021-10-29,TJS,10,62.7408,6.27408
2021-10-29,UZS,10000,66.0554,0.006605540000000001
2021-10-30,AMD,100,14.7624,0.147624
2021-10-30,KGS,100,83.1363,0.8313630000000001
2021-10-30,KZT,100,16.494,0.16494
2021-10-30,TJS,10,62.7123,6.27123
2021-10-30,UZS,10000,66.0114,0.006601139999999999
2021-11-02,AMD,100,14.881,0.14881
2021-11-02,KGS,100,83.8013,0.838013
2021-11-02,KZT,100,16.6031,0.166031
2021-11-02,TJS,10,63.3004,6.33004
2021-11-02,UZS,10000,66.5963,0.00665963
2021-11-03,AMD,100,14.9505,0.149505
2021-11-03,KGS,100,84.2712,0.8427119999999999
2021-11-03,KZT,100,16.7123,0.167123
2021-11-03,TJS,10,63.6494,6.36494
2021-11-03,UZS,10000,66.8641,0.006686409999999999
2021-11-04,AMD,100,14.9587,0.149587
2021-11-04,KGS,100,84.2744,0.842744
2021-11-04,KZT,100,16.6852,0.16685199999999997
2021-11-04,TJS,10,63.4599,6.34599
2021-11-04,UZS,10000,66.736,0.0066736
2021-11-09,AMD,100,14.9806,0.149806
2021-11-09,KGS,100,84.1684,0.8416840000000001
2021-11-09,KZT,100,16.6292,0.166292
2021-11-09,TJS,10,63.3518,6.335179999999999
2021-11-09,UZS,10000,66.6938,0.00666938
2021-11-10,AMD,100,14.9479,0.149479
2021-11-10,KGS,100,84.0376,0.840376
2021-11-10,KZT,100,16.5995,0.165995
2021-11-10,TJS,10,63.2534,6.32534
2021-11-10,UZS,10000,66.6666,0.0066666600000000005
2021-11-11,AMD,100,14.8301,0.148301
2021-11-11,KGS,100,83.3402,0.833402
2021-11-11,KZT,100,16.4867,0.16486699999999999
2021-11-11,TJS,10,62.6451,6.26451
2021-11-11,UZS,10000,66.1933,0.00661933
2021-11-12,AMD,100,14.9698,0.149698
2021-11-12,KGS,100,83.9317,0.8393170000000001
2021-11-12,KZT,100,16.5669,0.165669
2021-11-12,TJS,10,63.0894,6.30894
2021-11-12,UZS,10000,66.4437,0.006644370000000001
2021-11-13,AMD,100,15.1024,0.151024
2021-11-13,KGS,100,84.6566,0.8465659999999999
2021-11-13,KZT,100,16.6927,0.166927
2021-11-13,TJS,10,63.6347,6.36347
2021-11-13,UZS,10000,66.9135,0.0066913499999999996
2021-11-16,AMD,100,15.1992,0.151992
2021-11-16,KGS,100,85.217,0.85217
2021-11-16,KZT,100,16.788,0.16788
2021-11-16,TJS,10,64.0429,6.4042900000000005
2021-11-16,UZS,10000,67.3112,0.00673112
2021-11-17,AMD,100,15.2491,0.15249100000000002
2021-11-17,KGS,100,85.5422,0.8554219999999999
2021-11-17,KZT,100,16.8283,0.168283
2021-11-17,TJS,10,64.2936,6.42936
2021-11-17,UZS,10000,67.6744,0.0067674400000000004
2021-11-18,AMD,100,15.2925,0.152925
2021-11-18,KGS,100,85.858,0.85858
2021-11-18,KZT,100,16.8552,0.168552
2021-11-18,TJS,10,64.502,6.4502
2021-11-18,UZS,10000,67.8002,0.00678002
2021-11-19,AMD,100,15.2398,0.152398
2021-11-19,KGS,100,85.5993,0.855993
2021-11-19,KZT,100,16.7518,0.167518
2021-11-19,TJS,10,64.3351,6.43351
2021-11-19,UZS,10000,67.5039,0.00675039
2021-11-20,AMD,100,15.2508,0.152508
2021-11-20,KGS,100,85.7764,0.857764
2021-11-20,KZT,100,16.8391,0.16839099999999999
2021-11-20,TJS,10,64.4194,6.44194
2021-11-20,UZS,10000,67.5715,0.00675715
2021-11-23,AMD,100,15.4049,0.154049
2021-11-23,KGS,100,86.6085,0.8660850000000001
2021-11-23,KZT,100,16.9456,0.169456
2021-11-23,TJS,10,65.0581,6.505809999999999
2021-11-23,UZS,10000,68.3813,0.0068381299999999996
2021-11-24,AMD,100,15.7014,0.157014
2021-11-24,KGS,100,88.2302,0.8823019999999999
2021-11-24,KZT,100,17.2465,0.172465
2021-11-24,TJS,10,66.2529,6.62529
2021-11-24,UZS,10000,69.5728,0.00695728
2021-11-25,AMD,100,15.5396,0.155396
2021-11-25,KGS,100,87.6754,0.8767539999999999
2021-11-25,KZT,100,17.188,0.17187999999999998
2021-11-25,TJS,10,65.9039,6.590389999999999
2021-11-25,UZS,10000,69.0866,0.0069086600000000005
2021-11-26,AMD,100,15.4773,0.154773
2021-11-26,KGS,100,87.944,0.87944
2021-11-26,KZT,100,17.2327,0.172327
2021-11-26,TJS,10,66.1058,6.610580000000001
2021-11-26,UZS,10000,69.4254,0.00694254
2021-11-27,AMD,100,15.6414,0.156414
2021-11-27,KGS,100,89.1074,0.891074
2021-11-27,KZT,100,17.3385,0.173385
2021-11-27,TJS,10,66.9803,6.69803
2021-11-27,UZS,10000,70.2643,0.00702643
2021-11-30,AMD,100,15.5162,0.155162
2021-11-30,KGS,100,88.42,0.8842
2021-11-30,KZT,100,17.1152,0.17115200000000003
2021-11-30,TJS,10,66.3849,6.63849
2021-11-30,UZS,10000,69.5755,0.006957550000000001
2021-12-01,AMD,100,15.3902,0.153902
2021-12-01,KGS,100,88.2884,0.882884
2021-12-01,KZT,100,17.0443,0.170443
2021-12-01,TJS,10,66.3353,6.63353
2021-12-01,UZS,10000,69.4284,0.00694284
2021-12-02,AMD,100,15.2016,0.15201599999999998
2021-12-02,KGS,100,87.2177,0.872177
2021-12-02,KZT,100,16.9569,0.169569
2021-12-02,TJS,10,65.5222,6.55222
2021-12-02,UZS,10000,68.6472,0.0068647199999999995
2021-12-03,AMD,100,15.216,0.15216
2021-12-03,KGS,100,87.3145,0.873145
2021-12-03,KZT,100,16.7926,0.167926
2021-12-03,TJS,10,65.6012,6.56012
2021-12-03,UZS,10000,68.7909,0.006879089999999999
2021-12-04,AMD,100,15.0342,0.150342
2021-12-04,KGS,100,86.9433,0.8694329999999999
2021-12-04,KZT,100,16.8113,0.16811299999999998
2021-12-04,TJS,10,65.3167,6.53167
2021-12-04,UZS,10000,68.5323,0.006853230000000001
2021-12-07,AMD,100,14.9963,0.14996299999999999
2021-12-07,KGS,100,86.852,0.8685200000000001
2021-12-07,KZT,100,16.8214,0.168214
2021-12-07,TJS,10,65.223,6.5222999999999995
2021-12-07,UZS,10000,68.3685,0.006836849999999999
2021-12-08,AMD,100,15.0921,0.150921
2021-12-08,KGS,100,87.4071,0.874071
2021-12-08,KZT,100,16.9773,0.169773
2021-12-08,TJS,10,65.6686,6.56686
2021-12-08,UZS,10000,68.8407,0.00688407
2021-12-09,AMD,100,15.0245,0.150245
2021-12-09,KGS,100,87.0568,0.870568
2021-12-09,KZT,100,16.9002,0.169002
2021-12-09,TJS,10,65.4077,6.54077
2021-12-09,UZS,10000,68.4879,0.0068487899999999996
2021-12-10,AMD,100,14.8686,0.148686
2021-12-10,KGS,100,86.7652,0.867652
2021-12-10,KZT,100,16.902,0.16902
2021-12-10,TJS,10,65.2191,6.52191
2021-12-10,UZS,10000,68.2602,0.0068260199999999995
2021-12-11,AMD,100,14.8774,0.148774
2021-12-11,KGS,100,86.8476,0.868476
2021-12-11,KZT,100,16.8531,0.16853100000000001
2021-12-11,TJS,10,65.1957,6.51957
2021-12-11,UZS,10000,68.1806,0.00681806
2021-12-14,AMD,100,14.8605,0.148605
2021-12-14,KGS,100,86.5582,0.865582
2021-12-14,KZT,100,16.8373,0.168373
2021-12-14,TJS,10,65.0228,6.502280000000001
2021-12-14,UZS,10000,67.9258,0.0067925799999999995
2021-12-15,AMD,100,14.8154,0.148154
2021-12-15,KGS,100,86.6121,0.866121
2021-12-15,KZT,100,16.7912,0.167912
2021-12-15,TJS,10,65.0751,6.507510000000001
2021-12-15,UZS,10000,67.8624,0.00678624
2021-12-16,AMD,100,14.9526,0.149526
2021-12-16,KGS,100,87.0634,0.870634
2021-12-16,KZT,100,16.8398,0.168398
2021-12-16,TJS,10,65.4128,6.54128
2021-12-16,UZS,10000,68.0968,0.00680968
2021-12-17,AMD,100,14.8899,0.148899
2021-12-17,KGS,100,86.7373,0.8673730000000001
2021-12-17,KZT,100,16.7989,0.167989
2021-12-17,TJS,10,65.1646,6.5164599999999995
2021-12-17,UZS,10000,67.9315,0.00679315
2021-12-18,AMD,100,14.9681,0.149681
2021-12-18,KGS,100,86.9322,0.8693219999999999
2021-12-18,KZT,100,16.8359,0.16835899999999998
2021-12-18,TJS,10,65.3372,6.53372
2021-12-18,UZS,10000,68.018,0.0068018
2021-12-21,AMD,100,15.0822,0.150822
2021-12-21,KGS,100,87.5842,0.875842
2021-12-21,KZT,100,16.9121,0.169121
2021-12-21,TJS,10,65.8058,6.58058
2021-12-21,UZS,10000,68.6559,0.00686559
2021-12-22,AMD,100,14.989,0.14989
2021-12-22,KGS,100,87.0262,0.870262
2021-12-22,KZT,100,16.8598,0.168598
2021-12-22,TJS,10,65.4148,6.54148
2021-12-22,UZS,10000,68.2892,0.00682892
2021-12-23,AMD,100,14.9843,0.149843
2021-12-23,KGS,100,86.9931,0.869931
2021-12-23,KZT,100,16.9146,0.169146
2021-12-23,TJS,10,65.3878,6.53878
2021-12-23,UZS,10000,68.0868,0.006808679999999999
2021-12-24,AMD,100,14.8348,0.148348
2021-12-24,KGS,100,86.4816,0.864816
2021-12-24,KZT,100,16.8137,0.168137
2021-12-24,TJS,10,65.0051,6.50051
2021-12-24,UZS,10000,67.6202,0.00676202
2021-12-25,AMD,100,14.8606,0.148606
2021-12-25,KGS,100,86.2885,0.862885
2021-12-25,KZT,100,16.9007,0.16900700000000002
2021-12-25,TJS,10,64.826,6.4826
2021-12-25,UZS,10000,67.7218,0.00677218
2021-12-28,AMD,100,14.8696,0.148696
2021-12-28,KGS,100,86.3407,0.863407
2021-12-28,KZT,100,16.8993,0.168993
2021-12-28,TJS,10,64.894,6.489400000000001
2021-12-28,UZS,10000,67.8194,0.00678194
2021-12-29,AMD,100,14.923,0.14923
2021-12-29,KGS,100,86.6419,0.866419
2021-12-29,KZT,100,16.9248,0.169248
2021-12-29,TJS,10,65.0982,6.50982
2021-12-29,UZS,10000,67.9879,0.00679879
2021-12-30,AMD,100,14.9576,0.149576
2021-12-30,KGS,100,86.8252,0.8682519999999999
2021-12-30,KZT,100,16.9158,0.169158
2021-12-30,TJS,10,65.236,6.5236
2021-12-30,UZS,10000,68.1313,0.00681313
2021-12-31,AMD,100,15.5164,0.155164
2021-12-31,KGS,100,87.5906,0.875906
2021-12-31,KZT,100,16.9,0.16899999999999998
2021-12-31,TJS,10,65.8039,6.5803899999999995
2021-12-31,UZS,10000,68.5504,0.00685504
2022-01-11,AMD,100,15.5311,0.155311
2022-01-11,KGS,100,88.5701,0.885701
2022-01-11,KZT,100,17.2328,0.172328
2022-01-11,TJS,10,66.5175,6.65175
2022-01-11,UZS,10000,69.4501,0.006945010000000001
2022-01-12,AMD,100,15.5019,0.155019
2022-01-12,KGS,100,88.2211,0.8822110000000001
2022-01-12,KZT,100,17.1858,0.171858
2022-01-12,TJS,10,66.2554,6.625539999999999
2022-01-12,UZS,10000,69.1765,0.00691765
2022-01-13,AMD,100,15.4943,0.154943
2022-01-13,KGS,100,87.8703,0.878703
2022-01-13,KZT,100,17.1367,0.17136700000000002
2022-01-13,TJS,10,65.9829,6.59829
2022-01-13,UZS,10000,68.892,0.0068892
2022-01-14,AMD,100,15.4466,0.154466
2022-01-14,KGS,100,87.9191,0.8791910000000001
2022-01-14,KZT,100,17.1442,0.171442
2022-01-14,TJS,10,66.0776,6.607760000000001
2022-01-14,UZS,10000,68.9298,0.00689298
2022-01-15,AMD,100,15.6948,0.156948
2022-01-15,KGS,100,89.3193,0.893193
2022-01-15,KZT,100,17.3677,0.173677
2022-01-15,TJS,10,67.0799,6.70799
2022-01-15,UZS,10000,70.0374,0.0070037400000000005
2022-01-18,AMD,100,15.776,0.15776
2022-01-18,KGS,100,89.6625,0.8966249999999999
2022-01-18,KZT,100,17.4625,0.17462499999999997
2022-01-18,TJS,10,67.3222,6.73222
2022-01-18,UZS,10000,70.1482,0.007014820000000001
2022-01-19,AMD,100,15.8601,0.158601
2022-01-19,KGS,100,90.0097,0.9000969999999999
2022-01-19,KZT,100,17.52,0.1752
2022-01-19,TJS,10,67.5827,6.75827
2022-01-19,UZS,10000,70.4197,0.007041970000000001
2022-01-20,AMD,100,15.9912,0.159912
2022-01-20,KGS,100,90.6315,0.906315
2022-01-20,KZT,100,17.5964,0.17596399999999998
2022-01-20,TJS,10,68.0564,6.8056399999999995
2022-01-20,UZS,10000,71.0569,0.00710569
2022-01-21,AMD,100,15.8954,0.158954
2022-01-21,KGS,100,90.116,0.90116
2022-01-21,KZT,100,17.5323,0.175323
2022-01-21,TJS,10,67.6767,6.76767
2022-01-21,UZS,10000,70.6656,0.0070665599999999995
2022-01-22,AMD,100,15.9539,0.15953900000000001
2022-01-22,KGS,100,90.427,0.90427
2022-01-22,KZT,100,17.5815,0.17581499999999997
2022-01-22,TJS,10,67.8976,6.789759999999999
2022-01-22,UZS,10000,70.7797,0.00707797
2022-01-25,AMD,100,16.1009,0.16100899999999999
2022-01-25,KGS,100,91.2069,0.912069
2022-01-25,KZT,100,17.7402,0.177402
2022-01-25,TJS,10,68.4948,6.84948
2022-01-25,UZS,10000,71.5146,0.00715146
2022-01-26,AMD,100,16.3667,0.163667
2022-01-26,KGS,100,92.7155,0.9271550000000001
2022-01-26,KZT,100,18.0165,0.18016500000000002
2022-01-26,TJS,10,69.6257,6.9625699999999995
2022-01-26,UZS,10000,72.6487,0.0072648700000000005
2022-01-27,AMD,100,16.3445,0.163445
2022-01-27,KGS,100,93.0709,0.9307089999999999
2022-01-27,KZT,100,18.1167,0.18116700000000002
2022-01-27,TJS,10,69.8926,6.98926
2022-01-27,UZS,10000,72.9744,0.0072974400000000005
2022-01-28,AMD,100,16.3536,0.16353600000000001
2022-01-28,KGS,100,93.0749,0.930749
2022-01-28,KZT,100,18.1675,0.181675
2022-01-28,TJS,10,69.8955,6.9895499999999995
2022-01-28,UZS,10000,73.0722,0.00730722
2022-01-29,AMD,100,16.1113,0.161113
2022-01-29,KGS,100,91.7386,0.917386
2022-01-29,KZT,100,17.8808,0.178808
2022-01-29,TJS,10,68.8954,6.889539999999999
2022-01-29,UZS,10000,71.9329,0.007193290000000001
2022-02-01,AMD,100,16.0394,0.160394
2022-02-01,KGS,100,91.3279,0.913279
2022-02-01,KZT,100,17.8379,0.178379
2022-02-01,TJS,10,68.588,6.8588
2022-02-01,UZS,10000,71.6311,0.00716311
2022-02-02,AMD,100,15.969,0.15969
2022-02-02,KGS,100,90.929,0.90929
2022-02-02,KZT,100,17.7719,0.177719
2022-02-02,TJS,10,68.287,6.8287
2022-02-02,UZS,10000,71.3847,0.007138469999999999
2022-02-03,AMD,100,15.8354,0.158354
2022-02-03,KGS,100,90.1694,0.901694
2022-02-03,KZT,100,17.6253,0.176253
2022-02-03,TJS,10,67.7157,6.77157
2022-02-03,UZS,10000,70.7342,0.00707342
2022-02-04,AMD,100,15.8597,0.158597
2022-02-04,KGS,100,90.3672,0.9036719999999999
2022-02-04,KZT,100,17.6308,0.17630800000000002
2022-02-04,TJS,10,67.892,6.789199999999999
2022-02-04,UZS,10000,70.8079,0.00708079
2022-02-05,AMD,100,15.7537,0.157537
2022-02-05,KGS,100,89.6774,0.8967740000000001
2022-02-05,KZT,100,17.5942,0.17594200000000002
2022-02-05,TJS,10,67.3613,6.73613
2022-02-05,UZS,10000,70.1887,0.00701887
2022-02-08,AMD,100,15.6786,0.15678599999999998
2022-02-08,KGS,100,89.2174,0.892174
2022-02-08,KZT,100,17.5695,0.17569500000000002
2022-02-08,TJS,10,67.0036,6.700360000000001
2022-02-08,UZS,10000,69.7323,0.0069732299999999995
2022-02-09,AMD,100,15.599,0.15599
2022-02-09,KGS,100,88.7745,0.887745
2022-02-09,KZT,100,17.5965,0.17596499999999998
2022-02-09,TJS,10,66.6704,6.66704
2022-02-09,UZS,10000,69.3855,0.006938549999999999
2022-02-10,AMD,100,15.5918,0.155918
2022-02-10,KGS,100,88.1899,0.881899
2022-02-10,KZT,100,17.559,0.17559000000000002
2022-02-10,TJS,10,66.2253,6.62253
2022-02-10,UZS,10000,69.0044,0.006900440000000001
2022-02-11,AMD,100,15.5481,0.155481
2022-02-11,KGS,100,88.0898,0.880898
2022-02-11,KZT,100,17.5018,0.175018
2022-02-11,TJS,10,66.1568,6.61568
2022-02-11,UZS,10000,68.9655,0.00689655
2022-02-12,AMD,100,15.6125,0.156125
2022-02-12,KGS,100,88.3994,0.883994
2022-02-12,KZT,100,17.4631,0.174631
2022-02-12,TJS,10,66.3893,6.63893
2022-02-12,UZS,10000,69.1043,0.0069104299999999995
2022-02-15,AMD,100,15.97,0.1597
2022-02-15,KGS,100,90.2896,0.9028959999999999
2022-02-15,KZT,100,17.765,0.17765
2022-02-15,TJS,10,67.8566,6.78566
2022-02-15,UZS,10000,70.508,0.007050799999999999
2022-02-16,AMD,100,15.8679,0.15867900000000001
2022-02-16,KGS,100,89.7958,0.897958
2022-02-16,KZT,100,17.6945,0.17694500000000002
2022-02-16,TJS,10,67.4931,6.7493099999999995
2022-02-16,UZS,10000,70.2378,0.007023779999999999
2022-02-17,AMD,100,15.6198,0.156198
2022-02-17,KGS,100,88.4373,0.884373
2022-02-17,KZT,100,17.5533,0.175533
2022-02-17,TJS,10,66.4724,6.647239999999999
2022-02-17,UZS,10000,69.2193,0.006921930000000001
2022-02-18,AMD,100,15.7818,0.157818
2022-02-18,KGS,100,89.3039,0.893039
2022-02-18,KZT,100,17.6786,0.176786
2022-02-18,TJS,10,67.1269,6.71269
2022-02-18,UZS,10000,69.8498,0.00698498
2022-02-19,AMD,100,15.8465,0.158465
2022-02-19,KGS,100,89.3132,0.8931319999999999
2022-02-19,KZT,100,17.6931,0.176931
2022-02-19,TJS,10,67.135,6.713500000000001
2022-02-19,UZS,10000,69.7854,0.006978539999999999
2022-02-22,AMD,100,15.9931,0.159931
2022-02-22,KGS,100,90.4982,0.904982
2022-02-22,KZT,100,17.953,0.17953
2022-02-22,TJS,10,68.0258,6.802580000000001
2022-02-22,UZS,10000,70.8104,0.00708104
2022-02-23,AMD,100,16.6638,0.16663799999999998
2022-02-23,KGS,100,94.8038,0.9480379999999999
2022-02-23,KZT,100,18.4681,0.18468099999999998
2022-02-23,TJS,10,71.2622,7.126220000000001
2022-02-23,UZS,10000,74.1793,0.00741793
2022-02-25,AMD,100,18.1102,0.18110199999999999
2022-02-25,KGS,10,10.2478,1.02478
2022-02-25,KZT,100,18.5306,0.185306
2022-02-25,TJS,10,77.0304,7.70304
2022-02-25,UZS,10000,80.1905,0.00801905
2022-02-26,AMD,100,17.4059,0.174059
2022-02-26,KGS,100,98.4926,0.984926
2022-02-26,KZT,100,18.0019,0.18001899999999998
2022-02-26,TJS,10,73.94,7.394
2022-02-26,UZS,10000,77.0723,0.00770723
2022-03-01,AMD,100,19.524,0.19524
2022-03-01,KGS,10,11.0069,1.10069
2022-03-01,KZT,100,18.8393,0.188393
2022-03-01,TJS,10,82.8688,8.28688
2022-03-01,UZS,10000,86.3067,0.00863067
2022-03-02,AMD,100,18.8196,0.188196
2022-03-02,KGS,10,10.7936,1.0793599999999999
2022-03-02,KZT,100,18.6621,0.18662099999999998
2022-03-02,TJS,10,81.2988,8.12988
2022-03-02,UZS,10000,84.384,0.0084384
2022-03-03,AMD,100,21.1143,0.211143
2022-03-03,KGS,10,10.8736,1.0873599999999999
2022-03-03,KZT,100,20.9806,0.209806
2022-03-03,TJS,10,91.3705,9.13705
2022-03-03,UZS,10000,94.964,0.0094964
2022-03-04,AMD,100,22.7494,0.227494
2022-03-04,KGS,10,11.6802,1.1680199999999998
2022-03-04,KZT,100,22.5809,0.225809
2022-03-04,TJS,10,99.0309,9.90309
2022-03-04,UZS,1000,10.2643,0.0102643
2022-03-05,AMD,100,21.0112,0.210112
2022-03-05,KGS,10,10.9465,1.0946500000000001
2022-03-05,KZT,100,21.0524,0.210524
2022-03-05,TJS,10,93.6393,9.36393
2022-03-05,UZS,10000,97.0734,0.00970734
2022-03-06,AMD,100,21.0329,0.21032900000000002
2022-03-06,KGS,10,10.8333,1.08333
2022-03-06,KZT,100,20.7345,0.207345
2022-03-06,TJS,10,93.6393,9.36393
2022-03-06,UZS,10000,96.9828,0.00969828
2022-03-10,AMD,100,22.7537,0.227537
2022-03-10,KGS,10,11.8824,1.18824
2022-03-10,KZT,100,23.0647,0.230647
2022-03-10,TJS,10,89.2959,8.929590000000001
2022-03-10,UZS,1000,10.6526,0.0106526
2022-03-11,AMD,100,23.362,0.23362
2022-03-11,KGS,10,12.3281,1.23281
2022-03-11,KZT,100,23.1488,0.23148800000000003
2022-03-11,TJS,1,10.6719,10.6719
2022-03-11,UZS,1000,11.0589,0.0110589
2022-03-12,AMD,100,22.5229,0.225229
2022-03-12,KGS,10,11.9527,1.19527
2022-03-12,KZT,100,22.8376,0.228376
2022-03-12,TJS,1,10.3551,10.3551
2022-03-12,UZS,1000,10.7062,0.0107062
2022-03-15,AMD,100,22.3221,0.223221
2022-03-15,KGS,10,11.0309,1.1030900000000001
2022-03-15,KZT,100,22.4903,0.22490300000000002
2022-03-15,TJS,10,95.0614,9.50614
2022-03-15,UZS,1000,10.5423,0.0105423
2022-03-16,AMD,100,22.4085,0.224085
2022-03-16,KGS,10,10.8235,1.08235
2022-03-16,KZT,100,21.7075,0.217075
2022-03-16,TJS,10,98.9107,9.891070000000001
2022-03-16,UZS,1000,10.1649,0.0101649
2022-03-17,AMD,100,22.071,0.22071000000000002
2022-03-17,KGS,10,10.3915,1.03915
2022-03-17,KZT,100,21.2006,0.21200600000000003
2022-03-17,TJS,10,89.1262,8.91262
2022-03-17,UZS,10000,98.5216,0.00985216
2022-03-18,AMD,100,21.5142,0.215142
2022-03-18,KGS,10,10.0406,1.00406
2022-03-18,KZT,100,20.6141,0.20614100000000002
2022-03-18,TJS,10,91.432,9.1432
2022-03-18,UZS,10000,92.535,0.0092535
2022-03-19,AMD,100,21.2771,0.21277100000000002
2022-03-19,KGS,10,10.0979,1.00979
2022-03-19,KZT,100,20.4893,0.204893
2022-03-19,TJS,10,89.0209,8.90209
2022-03-19,UZS,10000,91.7873,0.00917873
2022-03-22,AMD,100,21.4019,0.21401900000000001
2022-03-22,KGS,10,10.1687,1.01687
2022-03-22,KZT,100,20.6331,0.206331
2022-03-22,TJS,10,89.6456,8.96456
2022-03-22,UZS,10000,91.105,0.0091105
2022-03-23,AMD,100,21.2872,0.21287199999999998
2022-03-23,KGS,10,10.2599,1.02599
2022-03-23,KZT,100,20.5133,0.205133
2022-03-23,TJS,10,89.1648,8.91648
2022-03-23,UZS,10000,90.2096,0.00902096
2022-03-24,AMD,100,21.0442,0.210442
2022-03-24,KGS,10,10.1916,1.0191599999999998
2022-03-24,KZT,100,20.3014,0.203014
2022-03-24,TJS,10,85.233,8.5233
2022-03-24,UZS,10000,89.4243,0.00894243
2022-03-25,AMD,100,19.572,0.19572
2022-03-25,KGS,100,97.1747,0.971747
2022-03-25,KZT,100,19.4515,0.194515
2022-03-25,TJS,10,79.3537,7.935370000000001
2022-03-25,UZS,10000,83.391,0.0083391
2022-03-26,AMD,100,19.4805,0.194805
2022-03-26,KGS,100,96.5109,0.9651090000000001
2022-03-26,KZT,100,19.3977,0.193977
2022-03-26,TJS,10,76.3517,7.63517
2022-03-26,UZS,10000,83.2809,0.00832809
2022-03-29,AMD,100,19.125,0.19125
2022-03-29,KGS,100,95.0403,0.950403
2022-03-29,KZT,100,19.4731,0.194731
2022-03-29,TJS,10,80.2849,8.02849
2022-03-29,UZS,10000,81.619,0.0081619
2022-03-30,AMD,100,17.6948,0.176948
2022-03-30,KGS,100,90.3741,0.903741
2022-03-30,KZT,100,18.4763,0.18476299999999998
2022-03-30,TJS,10,71.3205,7.13205
2022-03-30,UZS,10000,75.2379,0.00752379
2022-03-31,AMD,100,17.3193,0.17319299999999999
2022-03-31,KGS,100,88.0706,0.880706
2022-03-31,KZT,100,18.0649,0.180649
2022-03-31,TJS,10,74.6031,7.46031
2022-03-31,UZS,10000,75.4671,0.00754671
2022-04-01,AMD,100,17.2311,0.17231100000000002
2022-04-01,KGS,100,87.3632,0.8736320000000001
2022-04-01,KZT,100,17.7349,0.177349
2022-04-01,TJS,10,64.3593,6.435930000000001
2022-04-01,UZS,10000,74.9024,0.0074902400000000004
2022-04-02,AMD,100,17.2972,0.17297200000000001
2022-04-02,KGS,100,97.0099,0.970099
2022-04-02,KZT,100,17.5449,0.175449
2022-04-02,TJS,10,64.4007,6.44007
2022-04-02,UZS,10000,73.1867,0.00731867
2022-04-05,AMD,100,17.3017,0.173017
2022-04-05,KGS,100,97.4658,0.974658
2022-04-05,KZT,100,17.6894,0.176894
2022-04-05,TJS,10,66.8746,6.68746
2022-04-05,UZS,10000,73.2977,0.00732977
2022-04-06,AMD,100,17.3077,0.173077
2022-04-06,KGS,100,97.2602,0.972602
2022-04-06,KZT,100,17.6309,0.176309
2022-04-06,TJS,10,66.6816,6.66816
2022-04-06,UZS,10000,73.0613,0.00730613
2022-04-07,AMD,100,17.2298,0.172298
2022-04-07,KGS,100,90.8094,0.908094
2022-04-07,KZT,100,17.8428,0.178428
2022-04-07,TJS,10,66.077,6.6076999999999995
2022-04-07,UZS,10000,72.5478,0.00725478
2022-04-08,AMD,100,15.989,0.15989
2022-04-08,KGS,100,83.8373,0.838373
2022-04-08,KZT,100,16.4975,0.16497499999999998
2022-04-08,TJS,10,61.0038,6.1003799999999995
2022-04-08,UZS,10000,67.0633,0.00670633
2022-04-09,AMD,100,15.7351,0.157351
2022-04-09,KGS,100,80.7754,0.8077540000000001
2022-04-09,KZT,100,16.3118,0.163118
2022-04-09,TJS,10,59.8801,5.98801
2022-04-09,UZS,10000,65.8746,0.00658746
2022-04-12,AMD,100,16.6708,0.166708
2022-04-12,KGS,100,91.8935,0.9189350000000001
2022-04-12,KZT,100,17.7134,0.177134
2022-04-12,TJS,10,63.3277,6.33277
2022-04-12,UZS,10000,69.7768,0.006977679999999999
2022-04-13,AMD,100,16.8299,0.16829899999999998
2022-04-13,KGS,100,92.5685,0.925685
2022-04-13,KZT,100,17.7135,0.177135
2022-04-13,TJS,10,63.7019,6.37019
2022-04-13,UZS,10000,70.284,0.007028400000000001
2022-04-14,AMD,100,16.9014,0.169014
2022-04-14,KGS,100,95.6224,0.956224
2022-04-14,KZT,100,17.7541,0.177541
2022-04-14,TJS,10,63.9549,6.395490000000001
2022-04-14,UZS,10000,70.5675,0.00705675
2022-04-15,AMD,100,17.2399,0.172399
2022-04-15,KGS,100,99.8255,0.998255
2022-04-15,KZT,100,18.0572,0.180572
2022-04-15,TJS,10,64.9914,6.49914
2022-04-15,UZS,10000,71.708,0.0071708
2022-04-16,AMD,100,16.9786,0.169786
2022-04-16,KGS,100,98.335,0.98335
2022-04-16,KZT,100,17.8593,0.178593
2022-04-16,TJS,10,64.0283,6.40283
2022-04-16,UZS,10000,70.71,0.007070999999999999
2022-04-19,AMD,100,16.8565,0.168565
2022-04-19,KGS,100,98.7637,0.987637
2022-04-19,KZT,100,17.4902,0.174902
2022-04-19,TJS,10,63.5242,6.35242
2022-04-19,UZS,10000,70.3159,0.00703159
2022-04-20,AMD,100,16.785,0.16785
2022-04-20,KGS,100,97.5491,0.975491
2022-04-20,KZT,100,17.5678,0.17567799999999997
2022-04-20,TJS,10,63.185,6.3185
2022-04-20,UZS,10000,70.0732,0.00700732
2022-04-21,AMD,100,16.4278,0.164278
2022-04-21,KGS,100,93.3663,0.9336629999999999
2022-04-21,KZT,100,17.3774,0.173774
2022-04-21,TJS,10,61.6277,6.16277
2022-04-21,UZS,10000,68.4593,0.00684593
2022-04-22,AMD,100,16.0333,0.160333
2022-04-22,KGS,100,93.324,0.93324
2022-04-22,KZT,100,16.8905,0.168905
2022-04-22,TJS,10,59.9632,5.99632
2022-04-22,UZS,10000,66.4779,0.006647790000000001
2022-04-23,AMD,100,15.7304,0.157304
2022-04-23,KGS,100,90.8983,0.9089830000000001
2022-04-23,KZT,100,16.5537,0.165537
2022-04-23,TJS,10,58.7687,5.87687
2022-04-23,UZS,10000,65.0367,0.00650367
2022-04-26,AMD,100,15.7252,0.157252
2022-04-26,KGS,100,88.2912,0.882912
2022-04-26,KZT,100,16.5231,0.165231
2022-04-26,TJS,10,58.6537,5.86537
2022-04-26,UZS,10000,65.1503,0.00651503
2022-04-27,AMD,100,15.6991,0.156991
2022-04-27,KGS,100,86.3552,0.863552
2022-04-27,KZT,100,16.2203,0.162203
2022-04-27,TJS,10,58.1322,5.813219999999999
2022-04-27,UZS,10000,64.6479,0.006464790000000001
2022-04-28,AMD,100,15.8434,0.15843400000000002
2022-04-28,KGS,100,86.6234,0.8662340000000001
2022-04-28,KZT,100,16.0687,0.160687
2022-04-28,TJS,10,58.3244,5.83244
2022-04-28,UZS,10000,64.9414,0.00649414
2022-04-29,AMD,100,15.831,0.15831
2022-04-29,KGS,100,87.4491,0.874491
2022-04-29,KZT,100,16.0817,0.16081700000000002
2022-04-29,TJS,10,57.8594,5.78594
2022-04-29,UZS,10000,64.549,0.0064549
2022-04-30,AMD,100,15.6695,0.156695
2022-04-30,KGS,100,86.5073,0.865073
2022-04-30,KZT,100,15.8362,0.158362
2022-04-30,TJS,10,56.8417,5.68417
2022-04-30,UZS,10000,63.5286,0.00635286
2022-05-05,AMD,100,15.2687,0.15268700000000002
2022-05-05,KGS,100,84.6537,0.846537
2022-05-05,KZT,100,15.7178,0.157178
2022-05-05,TJS,10,55.555,5.5555
2022-05-05,UZS,10000,62.0906,0.006209060000000001
2022-05-06,AMD,100,14.5696,0.145696
2022-05-06,KGS,100,80.7778,0.807778
2022-05-06,KZT,100,15.1626,0.15162599999999998
2022-05-06,TJS,10,53.0114,5.30114
2022-05-06,UZS,10000,59.3424,0.0059342399999999995
2022-05-07,AMD,100,14.2047,0.142047
2022-05-07,KGS,100,82.176,0.82176
2022-05-07,KZT,100,15.7514,0.15751400000000002
2022-05-07,TJS,10,53.929,5.3929
2022-05-07,UZS,10000,60.529,0.0060529
2022-05-12,AMD,100,14.7448,0.147448
2022-05-12,KGS,100,83.2817,0.832817
2022-05-12,KZT,100,15.8443,0.158443
2022-05-12,TJS,10,55.0932,5.509320000000001
2022-05-12,UZS,10000,61.6724,0.00616724
2022-05-13,AMD,100,14.0921,0.140921
2022-05-13,KGS,100,79.5795,0.7957949999999999
2022-05-13,KZT,100,14.8645,0.148645
2022-05-13,TJS,10,52.6543,5.26543
2022-05-13,UZS,10000,58.8232,0.00588232
2022-05-14,AMD,100,13.9887,0.13988699999999998
2022-05-14,KGS,100,76.8094,0.7680939999999999
2022-05-14,KZT,100,14.6701,0.146701
2022-05-14,TJS,10,51.0443,5.10443
2022-05-14,UZS,10000,57.1201,0.00571201
2022-05-17,AMD,100,13.9442,0.139442
2022-05-17,KGS,100,77.0114,0.770114
2022-05-17,KZT,100,14.829,0.14829
2022-05-17,TJS,10,50.7759,5.07759
2022-05-17,UZS,10000,56.9002,0.00569002
2022-05-18,AMD,100,13.9697,0.139697
2022-05-18,KGS,100,77.2269,0.772269
2022-05-18,KZT,100,14.7922,0.147922
2022-05-18,TJS,10,50.8546,5.085459999999999
2022-05-18,UZS,10000,56.9132,0.005691320000000001
2022-05-19,AMD,100,13.8941,0.138941
2022-05-19,KGS,100,79.1807,0.791807
2022-05-19,KZT,100,14.6871,0.146871
2022-05-19,TJS,10,50.8718,5.08718
2022-05-19,UZS,10000,57.0328,0.00570328
2022-05-20,AMD,100,13.5836,0.135836
2022-05-20,KGS,100,77.9942,0.779942
2022-05-20,KZT,100,14.4221,0.14422100000000002
2022-05-20,TJS,10,49.9425,4.99425
2022-05-20,UZS,10000,56.0646,0.00560646
2022-05-21,AMD,100,12.8298,0.128298
2022-05-21,KGS,100,73.7279,0.737279
2022-05-21,KZT,100,13.6497,0.13649699999999998
2022-05-21,TJS,10,47.2982,4.72982
2022-05-21,UZS,10000,53.1071,0.005310710000000001
2022-05-24,AMD,100,12.7726,0.127726
2022-05-24,KGS,100,73.2185,0.7321850000000001
2022-05-24,KZT,100,13.6955,0.136955
2022-05-24,TJS,10,48.1064,4.81064
2022-05-24,UZS,10000,52.4635,0.00524635
2022-05-25,AMD,100,12.5843,0.125843
2022-05-25,KGS,100,71.6591,0.716591
2022-05-25,KZT,100,13.4095,0.134095
2022-05-25,TJS,10,48.2788,4.8278799999999995
2022-05-25,UZS,10000,51.3933,0.00513933
2022-05-26,AMD,100,12.4913,0.12491300000000001
2022-05-26,KGS,100,70.8171,0.708171
2022-05-26,KZT,100,13.504,0.13504
2022-05-26,TJS,10,49.3856,4.93856
2022-05-26,UZS,10000,50.8352,0.00508352
2022-05-27,AMD,100,13.876,0.13876
2022-05-27,KGS,100,78.0497,0.780497
2022-05-27,KZT,100,14.9474,0.149474
2022-05-27,TJS,10,54.4294,5.44294
2022-05-27,UZS,10000,56.0874,0.00560874
2022-05-28,AMD,100,14.8161,0.14816100000000001
2022-05-28,KGS,100,82.2086,0.8220860000000001
2022-05-28,KZT,100,15.7349,0.157349
2022-05-28,TJS,10,58.2482,5.82482
2022-05-28,UZS,10000,60.119,0.0060119
2022-05-31,AMD,100,14.0354,0.14035399999999998
2022-05-31,KGS,100,76.4188,0.7641880000000001
2022-05-31,KZT,100,14.5621,0.145621
2022-05-31,TJS,10,55.3487,5.53487
2022-05-31,UZS,10000,57.1838,0.0057183799999999995
2022-06-01,AMD,100,13.7518,0.137518
2022-06-01,KGS,100,75.582,0.7558199999999999
2022-06-01,KZT,100,14.4147,0.144147
2022-06-01,TJS,10,54.0411,5.40411
2022-06-01,UZS,10000,55.9509,0.00559509
2022-06-02,AMD,100,13.7944,0.13794399999999998
2022-06-02,KGS,100,77.2785,0.7727849999999999
2022-06-02,KZT,100,14.8246,0.148246
2022-06-02,TJS,10,53.9239,5.392390000000001
2022-06-02,UZS,10000,55.9571,0.005595709999999999
2022-06-03,AMD,100,13.8914,0.138914
2022-06-03,KGS,100,77.4528,0.774528
2022-06-03,KZT,100,14.5012,0.145012
2022-06-03,TJS,10,54.0132,5.40132
2022-06-03,UZS,10000,56.0791,0.00560791
2022-06-04,AMD,100,14.0784,0.140784
2022-06-04,KGS,100,77.9445,0.779445
2022-06-04,KZT,100,14.3181,0.143181
2022-06-04,TJS,10,54.3561,5.43561
2022-06-04,UZS,10000,56.3599,0.0056359900000000004
2022-06-07,AMD,100,13.964,0.13964000000000001
2022-06-07,KGS,100,76.8672,0.768672
2022-06-07,KZT,100,14.1473,0.141473
2022-06-07,TJS,10,53.6047,5.36047
2022-06-07,UZS,10000,55.4932,0.00554932
2022-06-08,AMD,100,14.0495,0.140495
2022-06-08,KGS,100,76.6748,0.7667480000000001
2022-06-08,KZT,100,14.1142,0.141142
2022-06-08,TJS,10,53.4706,5.34706
2022-06-08,UZS,10000,55.2558,0.00552558
2022-06-09,AMD,100,13.9809,0.139809
2022-06-09,KGS,100,75.7498,0.7574979999999999
2022-06-09,KZT,100,14.0258,0.140258
2022-06-09,TJS,10,53.2993,5.32993
2022-06-09,UZS,10000,54.5203,0.00545203
2022-06-10,AMD,100,13.6792,0.136792
2022-06-10,KGS,100,73.437,0.73437
2022-06-10,KZT,100,13.4709,0.134709
2022-06-10,TJS,10,51.6721,5.16721
2022-06-10,UZS,10000,52.8892,0.00528892
2022-06-11,AMD,100,13.6931,0.136931
2022-06-11,KGS,100,72.6755,0.726755
2022-06-11,KZT,100,13.2973,0.132973
2022-06-11,TJS,10,51.131,5.1131
2022-06-11,UZS,10000,52.4245,0.00524245
2022-06-15,AMD,100,13.6055,0.13605499999999998
2022-06-15,KGS,100,71.8137,0.718137
2022-06-15,KZT,100,13.0892,0.130892
2022-06-15,TJS,10,51.211,5.1211
2022-06-15,UZS,10000,51.9392,0.00519392
2022-06-16,AMD,100,13.3505,0.133505
2022-06-16,KGS,100,71.2726,0.712726
2022-06-16,KZT,100,12.9983,0.12998300000000002
2022-06-16,TJS,10,51.3819,5.13819
2022-06-16,UZS,10000,51.6285,0.00516285
2022-06-17,AMD,100,13.3018,0.133018
2022-06-17,KGS,100,71.5326,0.715326
2022-06-17,KZT,100,12.9711,0.129711
2022-06-17,TJS,10,51.6114,5.1611400000000005
2022-06-17,UZS,10000,51.8873,0.00518873
2022-06-18,AMD,100,13.3341,0.133341
2022-06-18,KGS,100,71.3325,0.713325
2022-06-18,KZT,100,12.8254,0.128254
2022-06-18,TJS,10,52.0166,5.2016599999999995
2022-06-18,UZS,10000,51.6981,0.0051698099999999995
2022-06-21,AMD,100,13.3417,0.133417
2022-06-21,KGS,100,70.6575,0.706575
2022-06-21,KZT,100,12.5703,0.125703
2022-06-21,TJS,10,52.0648,5.20648
2022-06-21,UZS,10000,51.2991,0.0051299100000000005
2022-06-22,AMD,100,13.1191,0.131191
2022-06-22,KGS,100,68.8109,0.6881090000000001
2022-06-22,KZT,100,12.3422,0.123422
2022-06-22,TJS,10,51.5963,5.15963
2022-06-22,UZS,10000,50.0618,0.00500618
2022-06-23,AMD,100,12.9123,0.129123
2022-06-23,KGS,100,67.0174,0.6701739999999999
2022-06-23,KZT,100,11.8944,0.118944
2022-06-23,TJS,10,50.2531,5.02531
2022-06-23,UZS,10000,48.8976,0.00488976
2022-06-24,AMD,100,12.9881,0.129881
2022-06-24,KGS,100,67.1131,0.671131
2022-06-24,KZT,100,11.75,0.1175
2022-06-24,TJS,10,50.4213,5.04213
2022-06-24,UZS,10000,49.1909,0.00491909
2022-06-25,AMD,100,13.0515,0.13051500000000002
2022-06-25,KGS,100,67.0723,0.670723
2022-06-25,KZT,100,11.4721,0.11472099999999999
2022-06-25,TJS,10,50.4799,5.04799
2022-06-25,UZS,10000,49.236,0.004923599999999999
2022-06-28,AMD,100,13.0271,0.130271
2022-06-28,KGS,100,67.1244,0.671244
2022-06-28,KZT,100,11.3324,0.113324
2022-06-28,TJS,10,50.5088,5.05088
2022-06-28,UZS,10000,49.2293,0.00492293
2022-06-29,AMD,100,12.9704,0.12970399999999999
2022-06-29,KGS,100,66.6288,0.666288
2022-06-29,KZT,100,11.4915,0.114915
2022-06-29,TJS,10,50.1357,5.01357
2022-06-29,UZS,10000,48.9396,0.00489396
2022-06-30,AMD,100,12.5292,0.125292
2022-06-30,KGS,100,64.3497,0.643497
2022-06-30,KZT,100,11.2176,0.112176
2022-06-30,TJS,10,48.4754,4.84754
2022-06-30,UZS,10000,47.3661,0.0047366100000000005
2022-07-01,AMD,100,12.8956,0.128956
2022-07-01,KGS,100,66.0532,0.660532
2022-07-01,KZT,100,11.291,0.11291000000000001
2022-07-01,TJS,10,49.7379,4.97379
2022-07-01,UZS,10000,48.3528,0.00483528
2022-07-02,AMD,100,13.1799,0.131799
2022-07-02,KGS,100,67.6322,0.676322
2022-07-02,KZT,100,11.4316,0.114316
2022-07-02,TJS,10,50.8859,5.08859
2022-07-02,UZS,10000,49.4827,0.00494827
2022-07-05,AMD,100,13.5173,0.13517300000000002
2022-07-05,KGS,100,69.2903,0.692903
2022-07-05,KZT,100,11.8098,0.118098
2022-07-05,TJS,10,52.3789,5.23789
2022-07-05,UZS,10000,50.7699,0.00507699
2022-07-06,AMD,100,14.358,0.14358
2022-07-06,KGS,100,73.5997,0.735997
2022-07-06,KZT,100,12.606,0.12606
2022-07-06,TJS,10,55.9632,5.59632
2022-07-06,UZS,10000,53.9942,0.00539942
2022-07-07,AMD,100,15.4118,0.154118
2022-07-07,KGS,100,79.1333,0.7913330000000001
2022-07-07,KZT,100,13.4064,0.134064
2022-07-07,TJS,10,60.1708,6.01708
2022-07-07,UZS,10000,57.9284,0.0057928400000000005
2022-07-08,AMD,100,15.4686,0.154686
2022-07-08,KGS,100,76.6527,0.766527
2022-07-08,KZT,100,13.4558,0.134558
2022-07-08,TJS,10,59.6846,5.96846
2022-07-08,UZS,10000,57.9936,0.00579936
2022-07-09,AMD,100,14.9186,0.14918599999999999
2022-07-09,KGS,100,74.1317,0.741317
2022-07-09,KZT,100,12.8376,0.128376
2022-07-09,TJS,10,57.9154,5.7915399999999995
2022-07-09,UZS,10000,56.1444,0.00561444
2022-07-12,AMD,100,14.9174,0.149174
2022-07-12,KGS,100,74.1778,0.741778
2022-07-12,KZT,100,12.9084,0.129084
2022-07-12,TJS,10,58.2953,5.82953
2022-07-12,UZS,10000,56.1793,0.00561793
2022-07-13,AMD,100,14.3183,0.143183
2022-07-13,KGS,100,71.7983,0.7179829999999999
2022-07-13,KZT,100,12.6609,0.126609
2022-07-13,TJS,10,55.9652,5.59652
2022-07-13,UZS,10000,53.9337,0.00539337
2022-07-14,AMD,100,14.2124,0.142124
2022-07-14,KGS,100,72.2874,0.722874
2022-07-14,KZT,100,12.3647,0.12364699999999999
2022-07-14,TJS,10,55.7992,5.5799199999999995
2022-07-14,UZS,10000,53.5995,0.00535995
2022-07-15,AMD,100,14.1184,0.141184
2022-07-15,KGS,100,71.8333,0.7183329999999999
2022-07-15,KZT,100,12.2411,0.12241099999999999
2022-07-15,TJS,10,55.5424,5.55424
2022-07-15,UZS,10000,53.2746,0.00532746
2022-07-16,AMD,100,13.9888,0.13988799999999998
2022-07-16,KGS,100,71.4249,0.7142489999999999
2022-07-16,KZT,100,12.0889,0.12088900000000001
2022-07-16,TJS,10,55.4395,5.543950000000001
2022-07-16,UZS,10000,52.8135,0.00528135
2022-07-19,AMD,100,13.6277,0.136277
2022-07-19,KGS,100,70.6304,0.7063039999999999
2022-07-19,KZT,100,11.7746,0.11774599999999999
2022-07-19,TJS,10,54.3506,5.43506
2022-07-19,UZS,10000,51.5594,0.0051559399999999995
2022-07-20,AMD,100,13.3471,0.133471
2022-07-20,KGS,100,69.6319,0.696319
2022-07-20,KZT,100,11.4497,0.114497
2022-07-20,TJS,10,53.4085,5.34085
2022-07-20,UZS,10000,50.6278,0.00506278
2022-07-21,AMD,100,13.1976,0.13197599999999998
2022-07-21,KGS,100,68.9678,0.689678
2022-07-21,KZT,100,11.4183,0.114183
2022-07-21,TJS,10,52.9994,5.29994
2022-07-21,UZS,10000,50.2026,0.0050202599999999995
2022-07-22,AMD,100,13.6145,0.136145
2022-07-22,KGS,100,70.8817,0.7088169999999999
2022-07-22,KZT,100,11.737,0.11737
2022-07-22,TJS,10,54.9812,5.49812
2022-07-22,UZS,10000,51.777,0.0051777
2022-07-23,AMD,100,13.8929,0.138929
2022-07-23,KGS,100,71.9561,0.7195610000000001
2022-07-23,KZT,100,11.906,0.11906
2022-07-23,TJS,10,55.8774,5.58774
2022-07-23,UZS,10000,52.6537,0.00526537
2022-07-26,AMD,100,14.048,0.14048
2022-07-26,KGS,100,71.8489,0.718489
2022-07-26,KZT,100,11.9414,0.11941399999999999
2022-07-26,TJS,10,56.2685,5.62685
2022-07-26,UZS,10000,52.9141,0.00529141
2022-07-27,AMD,100,14.3274,0.143274
2022-07-27,KGS,100,72.4558,0.7245579999999999
2022-07-27,KZT,100,12.3257,0.12325699999999999
2022-07-27,TJS,10,57.1294,5.71294
2022-07-27,UZS,10000,53.4879,0.00534879
2022-07-28,AMD,100,14.7652,0.147652
2022-07-28,KGS,100,73.1103,0.731103
2022-07-28,KZT,100,12.5502,0.125502
2022-07-28,TJS,10,58.6537,5.86537
2022-07-28,UZS,10000,54.9442,0.00549442
2022-07-29,AMD,100,14.8032,0.148032
2022-07-29,KGS,100,72.4723,0.724723
2022-07-29,KZT,100,12.5381,0.125381
2022-07-29,TJS,10,58.6409,5.86409
2022-07-29,UZS,10000,55.0182,0.00550182
2022-07-30,AMD,100,15.0377,0.15037699999999998
2022-07-30,KGS,100,73.7131,0.737131
2022-07-30,KZT,100,12.8055,0.128055
2022-07-30,TJS,10,59.7192,5.97192
2022-07-30,UZS,10000,56.206,0.0056206
2022-08-02,AMD,100,15.226,0.15226
2022-08-02,KGS,100,74.7737,0.7477370000000001
2022-08-02,KZT,100,13.0061,0.130061
2022-08-02,TJS,10,60.4405,6.04405
2022-08-02,UZS,10000,56.8627,0.005686269999999999
2022-08-03,AMD,100,14.7823,0.14782299999999998
2022-08-03,KGS,100,72.3601,0.723601
2022-08-03,KZT,100,12.546,0.12546
2022-08-03,TJS,10,58.6047,5.86047
2022-08-03,UZS,10000,54.985,0.0054985
2022-08-04,AMD,100,14.8215,0.148215
2022-08-04,KGS,100,72.4551,0.7245510000000001
2022-08-04,KZT,100,12.6605,0.126605
2022-08-04,TJS,10,58.688,5.8688
2022-08-04,UZS,10000,54.9605,0.005496050000000001
2022-08-05,AMD,100,14.8437,0.148437
2022-08-05,KGS,100,72.5843,0.725843
2022-08-05,KZT,100,12.6521,0.126521
2022-08-05,TJS,10,58.7167,5.87167
2022-08-05,UZS,10000,55.0675,0.00550675
2022-08-06,AMD,100,14.8642,0.148642
2022-08-06,KGS,100,72.7382,0.7273820000000001
2022-08-06,KZT,100,12.6779,0.126779
2022-08-06,TJS,10,58.834,5.8834
2022-08-06,UZS,10000,55.2841,0.00552841
2022-08-09,AMD,100,14.834,0.14834
2022-08-09,KGS,100,72.6704,0.726704
2022-08-09,KZT,100,12.619,0.12619
2022-08-09,TJS,10,58.7879,5.87879
2022-08-09,UZS,10000,55.4073,0.00554073
2022-08-10,AMD,100,14.862,0.14862
2022-08-10,KGS,100,72.8987,0.728987
2022-08-10,KZT,100,12.6687,0.126687
2022-08-10,TJS,10,58.853,5.8853
2022-08-10,UZS,10000,55.5212,0.00555212
2022-08-11,AMD,100,14.8983,0.148983
2022-08-11,KGS,100,73.5182,0.7351819999999999
2022-08-11,KZT,100,12.637,0.12637
2022-08-11,TJS,10,58.9239,5.892390000000001
2022-08-11,UZS,10000,55.563,0.0055563
2022-08-12,AMD,100,14.9284,0.149284
2022-08-12,KGS,100,73.6972,0.736972
2022-08-12,KZT,100,12.6823,0.126823
2022-08-12,TJS,10,59.0941,5.909409999999999
2022-08-12,UZS,10000,55.5955,0.00555955
2022-08-13,AMD,100,15.0032,0.150032
2022-08-13,KGS,100,74.2635,0.7426349999999999
2022-08-13,KZT,100,12.7492,0.127492
2022-08-13,TJS,10,59.3618,5.93618
2022-08-13,UZS,10000,55.7582,0.00557582
2022-08-16,AMD,100,15.1099,0.15109899999999998
2022-08-16,KGS,100,74.5065,0.745065
2022-08-16,KZT,100,12.8936,0.128936
2022-08-16,TJS,10,59.8375,5.98375
2022-08-16,UZS,10000,56.2502,0.00562502
2022-08-17,AMD,100,15.1259,0.151259
2022-08-17,KGS,100,75.6382,0.756382
2022-08-17,KZT,100,12.8995,0.128995
2022-08-17,TJS,10,59.8734,5.98734
2022-08-17,UZS,10000,56.1616,0.00561616
2022-08-18,AMD,100,14.9658,0.14965799999999999
2022-08-18,KGS,100,75.0237,0.750237
2022-08-18,KZT,100,12.7482,0.127482
2022-08-18,TJS,10,59.2225,5.92225
2022-08-18,UZS,10000,55.383,0.0055383
2022-08-19,AMD,100,14.7754,0.147754
2022-08-19,KGS,100,73.8375,0.738375
2022-08-19,KZT,100,12.5907,0.125907
2022-08-19,TJS,10,58.4462,5.84462
2022-08-19,UZS,10000,54.7787,0.00547787
2022-08-20,AMD,100,14.5951,0.145951
2022-08-20,KGS,100,73.0206,0.730206
2022-08-20,KZT,100,12.4243,0.124243
2022-08-20,TJS,10,57.6645,5.76645
2022-08-20,UZS,10000,54.0761,0.005407609999999999
2022-08-23,AMD,100,14.7344,0.147344
2022-08-23,KGS,100,73.9838,0.739838
2022-08-23,KZT,100,12.5395,0.125395
2022-08-23,TJS,10,58.2694,5.82694
2022-08-23,UZS,10000,54.7236,0.00547236
2022-08-24,AMD,100,14.7918,0.147918
2022-08-24,KGS,100,74.5638,0.745638
2022-08-24,KZT,100,12.6366,0.126366
2022-08-24,TJS,10,58.4297,5.842969999999999
2022-08-24,UZS,10000,54.9469,0.00549469
2022-08-25,AMD,100,14.8189,0.148189
2022-08-25,KGS,100,74.7222,0.747222
2022-08-25,KZT,100,12.7532,0.127532
2022-08-25,TJS,10,58.5283,5.85283
2022-08-25,UZS,10000,55.1026,0.00551026
2022-08-26,AMD,100,14.7602,0.14760199999999998
2022-08-26,KGS,100,74.3582,0.743582
2022-08-26,KZT,100,12.9378,0.129378
2022-08-26,TJS,10,58.3121,5.8312100000000004
2022-08-26,UZS,10000,54.8209,0.00548209
2022-08-27,AMD,100,14.8442,0.14844200000000002
2022-08-27,KGS,100,74.4789,0.7447889999999999
2022-08-27,KZT,100,12.9217,0.129217
2022-08-27,TJS,10,58.6267,5.86267
2022-08-27,UZS,10000,55.0516,0.00550516
2022-08-30,AMD,100,14.9002,0.149002
2022-08-30,KGS,100,74.8,0.748
2022-08-30,KZT,100,12.8954,0.128954
2022-08-30,TJS,10,58.8913,5.88913
2022-08-30,UZS,10000,55.2169,0.00552169
2022-08-31,AMD,100,14.9141,0.149141
2022-08-31,KGS,100,74.806,0.74806
2022-08-31,KZT,100,12.8963,0.128963
2022-08-31,TJS,10,58.8999,5.88999
2022-08-31,UZS,10000,55.3799,0.00553799
2022-09-01,AMD,100,14.8822,0.14882199999999998
2022-09-01,KGS,100,74.646,0.74646
2022-09-01,KZT,100,12.8687,0.128687
2022-09-01,TJS,10,58.774,5.8774
2022-09-01,UZS,10000,55.113,0.0055113
2022-09-02,AMD,100,14.8829,0.148829
2022-09-02,KGS,100,74.5669,0.745669
2022-09-02,KZT,100,12.7564,0.12756399999999998
2022-09-02,TJS,10,58.7793,5.87793
2022-09-02,UZS,10000,55.1116,0.00551116
2022-09-03,AMD,100,14.9216,0.149216
2022-09-03,KGS,100,74.6274,0.746274
2022-09-03,KZT,100,12.806,0.12805999999999998
2022-09-03,TJS,10,58.9103,5.89103
2022-09-03,UZS,10000,55.2344,0.00552344
2022-09-06,AMD,100,15.0475,0.150475
2022-09-06,KGS,100,75.2168,0.7521680000000001
2022-09-06,KZT,100,12.8904,0.128904
2022-09-06,TJS,10,59.4434,5.9443399999999995
2022-09-06,UZS,10000,55.5788,0.00555788
2022-09-07,AMD,100,15.0332,0.15033200000000002
2022-09-07,KGS,100,75.0813,0.750813
2022-09-07,KZT,100,12.8757,0.128757
2022-09-07,TJS,10,59.3956,5.93956
2022-09-07,UZS,10000,55.4197,0.00554197
2022-09-08,AMD,100,15.1102,0.15110200000000001
2022-09-08,KGS,100,75.2203,0.752203
2022-09-08,KZT,100,12.9493,0.129493
2022-09-08,TJS,10,59.7253,5.97253
2022-09-08,UZS,10000,55.7654,0.00557654
2022-09-09,AMD,100,15.0085,0.150085
2022-09-09,KGS,100,74.2492,0.742492
2022-09-09,KZT,100,12.8516,0.128516
2022-09-09,TJS,10,59.3615,5.93615
2022-09-09,UZS,10000,55.2856,0.00552856
2022-09-10,AMD,100,14.919,0.14919000000000002
2022-09-10,KGS,100,73.6774,0.736774
2022-09-10,KZT,100,12.6649,0.12664899999999998
2022-09-10,TJS,10,59.0379,5.90379
2022-09-10,UZS,10000,55.0845,0.00550845
2022-09-13,AMD,100,14.9103,0.14910299999999999
2022-09-13,KGS,100,73.7449,0.737449
2022-09-13,KZT,100,12.7721,0.127721
2022-09-13,TJS,10,59.0254,5.90254
2022-09-13,UZS,10000,55.186,0.0055186
2022-09-14,AMD,100,14.8143,0.148143
2022-09-14,KGS,100,73.3621,0.733621
2022-09-14,KZT,100,12.7265,0.127265
2022-09-14,TJS,10,58.65,5.865
2022-09-14,UZS,10000,54.8548,0.00548548
2022-09-15,AMD,100,14.6965,0.146965
2022-09-15,KGS,100,73.135,0.7313500000000001
2022-09-15,KZT,100,12.6254,0.126254
2022-09-15,TJS,10,58.3644,5.8364400000000005
2022-09-15,UZS,10000,54.6388,0.00546388
2022-09-16,AMD,100,14.5124,0.145124
2022-09-16,KGS,100,73.6201,0.7362009999999999
2022-09-16,KZT,100,12.5902,0.125902
2022-09-16,TJS,10,58.2679,5.82679
2022-09-16,UZS,10000,54.6138,0.00546138
2022-09-17,AMD,100,14.4317,0.144317
2022-09-17,KGS,100,74.0662,0.7406619999999999
2022-09-17,KZT,100,12.6598,0.12659800000000002
2022-09-17,TJS,10,58.6303,5.86303
2022-09-17,UZS,10000,54.823,0.0054823
2022-09-20,AMD,100,14.3835,0.143835
2022-09-20,KGS,100,74.2342,0.7423420000000001
2022-09-20,KZT,100,12.6103,0.126103
2022-09-20,TJS,10,58.775,5.8774999999999995
2022-09-20,UZS,10000,54.8827,0.00548827
2022-09-21,AMD,100,14.3606,0.143606
2022-09-21,KGS,100,73.9732,0.7397320000000001
2022-09-21,KZT,100,12.5677,0.125677
2022-09-21,TJS,10,58.6281,5.8628100000000005
2022-09-21,UZS,10000,54.6627,0.0054662700000000005
2022-09-22,AMD,100,14.5646,0.145646
2022-09-22,KGS,100,74.9668,0.7496680000000001
2022-09-22,KZT,100,12.7271,0.127271
2022-09-22,TJS,10,59.4645,5.9464500000000005
2022-09-22,UZS,10000,55.5853,0.00555853
2022-09-23,AMD,100,14.3125,0.143125
2022-09-23,KGS,100,73.3794,0.7337940000000001
2022-09-23,KZT,100,12.5242,0.125242
2022-09-23,TJS,10,58.4518,5.84518
2022-09-23,UZS,10000,54.4916,0.00544916
2022-09-24,AMD,100,13.9574,0.139574
2022-09-24,KGS,100,71.2317,0.7123170000000001
2022-09-24,KZT,100,12.0718,0.12071799999999999
2022-09-24,TJS,10,56.7605,5.67605
2022-09-24,UZS,10000,52.7692,0.00527692
2022-09-27,AMD,100,14.0413,0.140413
2022-09-27,KGS,100,71.1866,0.711866
2022-09-27,KZT,100,12.0977,0.120977
2022-09-27,TJS,10,56.6989,5.6698900000000005
2022-09-27,UZS,10000,52.5823,0.00525823
2022-09-28,AMD,100,14.1954,0.141954
2022-09-28,KGS,100,72.2618,0.722618
2022-09-28,KZT,100,12.1867,0.121867
2022-09-28,TJS,10,56.8993,5.6899299999999995
2022-09-28,UZS,10000,52.6558,0.00526558
2022-09-29,AMD,100,14.3242,0.14324199999999998
2022-09-29,KGS,100,72.8177,0.7281770000000001
2022-09-29,KZT,100,12.2047,0.122047
2022-09-29,TJS,10,57.1819,5.71819
2022-09-29,UZS,10000,53.0149,0.00530149
2022-09-30,AMD,100,14.1436,0.141436
2022-09-30,KGS,100,71.6025,0.716025
2022-09-30,KZT,100,11.9763,0.11976300000000001
2022-09-30,TJS,10,56.1689,5.61689
2022-09-30,UZS,10000,52.1947,0.0052194699999999995
2022-10-01,AMD,100,13.6321,0.136321
2022-10-01,KGS,100,68.9707,0.689707
2022-10-01,KZT,100,11.5957,0.115957
2022-10-01,TJS,10,54.1083,5.41083
2022-10-01,UZS,10000,50.2076,0.00502076
2022-10-04,AMD,100,14.1712,0.141712
2022-10-04,KGS,100,71.7998,0.717998
2022-10-04,KZT,100,12.0758,0.12075799999999999
2022-10-04,TJS,10,56.3272,5.63272
2022-10-04,UZS,10000,52.3096,0.005230960000000001
2022-10-05,AMD,100,14.4632,0.144632
2022-10-05,KGS,100,73.2498,0.732498
2022-10-05,KZT,100,12.3638,0.123638
2022-10-05,TJS,10,57.5257,5.75257
2022-10-05,UZS,10000,53.5089,0.00535089
2022-10-06,AMD,100,14.6424,0.146424
2022-10-06,KGS,100,73.9507,0.739507
2022-10-06,KZT,100,12.5676,0.125676
2022-10-06,TJS,10,58.1255,5.81255
2022-10-06,UZS,10000,53.9527,0.00539527
2022-10-07,AMD,100,14.8605,0.148605
2022-10-07,KGS,100,74.8699,0.748699
2022-10-07,KZT,100,12.8182,0.128182
2022-10-07,TJS,10,58.9564,5.89564
2022-10-07,UZS,10000,54.636,0.0054636
2022-10-08,AMD,100,15.1393,0.151393
2022-10-08,KGS,100,75.3203,0.7532030000000001
2022-10-08,KZT,100,13.0661,0.130661
2022-10-08,TJS,10,59.9349,5.9934899999999995
2022-10-08,UZS,10000,55.3622,0.0055362200000000006
2022-10-11,AMD,100,15.4125,0.15412499999999998
2022-10-11,KGS,100,76.5584,0.765584
2022-10-11,KZT,100,13.2007,0.13200699999999999
2022-10-11,TJS,10,60.9772,6.097720000000001
2022-10-11,UZS,10000,56.385,0.005638499999999999
2022-10-12,AMD,100,15.7626,0.15762600000000002
2022-10-12,KGS,100,77.3337,0.7733369999999999
2022-10-12,KZT,100,13.453,0.13452999999999998
2022-10-12,TJS,10,62.3192,6.231920000000001
2022-10-12,UZS,10000,57.5293,0.00575293
2022-10-13,AMD,100,15.7917,0.157917
2022-10-13,KGS,100,76.5033,0.765033
2022-10-13,KZT,100,13.4237,0.134237
2022-10-13,TJS,10,62.3896,6.2389600000000005
2022-10-13,UZS,10000,57.5203,0.00575203
2022-10-14,AMD,100,15.7193,0.157193
2022-10-14,KGS,100,75.9606,0.759606
2022-10-14,KZT,100,13.2858,0.132858
2022-10-14,TJS,10,62.131,6.2131
2022-10-14,UZS,10000,57.2239,0.00572239
2022-10-15,AMD,100,15.6102,0.15610200000000002
2022-10-15,KGS,100,75.4467,0.7544670000000001
2022-10-15,KZT,100,13.1553,0.131553
2022-10-15,TJS,10,61.7045,6.170450000000001
2022-10-15,UZS,10000,56.7648,0.00567648
2022-10-18,AMD,100,15.2831,0.152831
2022-10-18,KGS,100,74.6677,0.7466769999999999
2022-10-18,KZT,100,12.9513,0.129513
2022-10-18,TJS,10,60.4427,6.04427
2022-10-18,UZS,10000,55.4855,0.00554855
2022-10-19,AMD,100,15.2746,0.152746
2022-10-19,KGS,100,75.1188,0.751188
2022-10-19,KZT,100,13.0473,0.130473
2022-10-19,TJS,10,60.3868,6.03868
2022-10-19,UZS,10000,55.3726,0.00553726
2022-10-20,AMD,100,15.2456,0.152456
2022-10-20,KGS,100,74.8737,0.748737
2022-10-20,KZT,100,13.0246,0.130246
2022-10-20,TJS,10,60.2806,6.02806
2022-10-20,UZS,10000,55.2013,0.005520130000000001
2022-10-21,AMD,100,15.2387,0.152387
2022-10-21,KGS,100,74.6746,0.746746
2022-10-21,KZT,100,13.0819,0.130819
2022-10-21,TJS,10,60.1991,6.01991
2022-10-21,UZS,10000,55.1636,0.0055163600000000005
2022-10-22,AMD,100,15.1847,0.15184699999999998
2022-10-22,KGS,100,74.0749,0.740749
2022-10-22,KZT,100,13.0685,0.130685
2022-10-22,TJS,10,59.8996,5.98996
2022-10-22,UZS,10000,54.9511,0.00549511
2022-10-25,AMD,100,15.2022,0.152022
2022-10-25,KGS,100,74.0195,0.7401949999999999
2022-10-25,KZT,100,12.9328,0.129328
2022-10-25,TJS,10,59.8703,5.98703
2022-10-25,UZS,10000,54.9779,0.00549779
2022-10-26,AMD,100,15.2983,0.15298299999999998
2022-10-26,KGS,100,74.2023,0.742023
2022-10-26,KZT,100,12.9686,0.129686
2022-10-26,TJS,10,60.0388,6.0038800000000005
2022-10-26,UZS,10000,55.1901,0.00551901
2022-10-27,AMD,100,15.3808,0.153808
2022-10-27,KGS,100,74.2604,0.742604
2022-10-27,KZT,100,12.9888,0.129888
2022-10-27,TJS,10,60.133,6.0133
2022-10-27,UZS,10000,55.1976,0.00551976
2022-10-28,AMD,100,15.4673,0.154673
2022-10-28,KGS,100,73.9878,0.7398779999999999
2022-10-28,KZT,100,13.0185,0.130185
2022-10-28,TJS,10,60.0657,6.00657
2022-10-28,UZS,10000,55.0051,0.00550051
2022-10-29,AMD,100,15.5574,0.155574
2022-10-29,KGS,100,73.9168,0.7391679999999999
2022-10-29,KZT,100,13.2229,0.13222899999999999
2022-10-29,TJS,10,60.2374,6.02374
2022-10-29,UZS,10000,55.0823,0.005508229999999999
2022-11-01,AMD,100,15.585,0.15585000000000002
2022-11-01,KGS,100,73.796,0.7379600000000001
2022-11-01,KZT,100,13.1955,0.131955
2022-11-01,TJS,10,60.3271,6.03271
2022-11-01,UZS,10000,55.1165,0.00551165
2022-11-02,AMD,100,15.5438,0.155438
2022-11-02,KGS,100,73.5697,0.7356969999999999
2022-11-02,KZT,100,13.1157,0.131157
2022-11-02,TJS,10,60.1358,6.01358
2022-11-02,UZS,10000,54.9963,0.00549963
2022-11-03,AMD,100,15.5848,0.155848
2022-11-03,KGS,100,73.7825,0.737825
2022-11-03,KZT,100,13.2164,0.132164
2022-11-03,TJS,10,60.3236,6.03236
2022-11-03,UZS,10000,55.3619,0.00553619
2022-11-04,AMD,100,15.7069,0.157069
2022-11-04,KGS,100,74.1615,0.741615
2022-11-04,KZT,100,13.4826,0.134826
2022-11-04,TJS,10,60.7915,6.07915
2022-11-04,UZS,10000,55.9015,0.0055901499999999995
2022-11-08,AMD,100,15.4662,0.154662
2022-11-08,KGS,100,72.9025,0.729025
2022-11-08,KZT,100,13.1848,0.131848
2022-11-08,TJS,10,59.9596,5.99596
2022-11-08,UZS,10000,55.0076,0.0055007599999999995
2022-11-09,AMD,100,15.3902,0.153902
2022-11-09,KGS,100,72.5938,0.725938
2022-11-09,KZT,100,13.1304,0.131304
2022-11-09,TJS,10,59.7057,5.97057
2022-11-09,UZS,10000,54.5852,0.00545852
2022-11-10,AMD,100,15.4718,0.154718
2022-11-10,KGS,100,72.5619,0.7256189999999999
2022-11-10,KZT,100,13.1594,0.131594
2022-11-10,TJS,10,59.79,5.979
2022-11-10,UZS,10000,54.7288,0.00547288
2022-11-11,AMD,100,15.4941,0.154941
2022-11-11,KGS,100,72.7207,0.7272069999999999
2022-11-11,KZT,100,13.1542,0.131542
2022-11-11,TJS,10,59.9714,5.99714
2022-11-11,UZS,10000,54.8315,0.00548315
2022-11-12,AMD,100,15.2019,0.15201900000000002
2022-11-12,KGS,100,71.4323,0.7143229999999999
2022-11-12,KZT,100,12.8281,0.12828099999999998
2022-11-12,TJS,10,58.9672,5.89672
2022-11-12,UZS,10000,53.7907,0.00537907
2022-11-15,AMD,100,15.2548,0.152548
2022-11-15,KGS,100,71.5774,0.715774
2022-11-15,KZT,100,13.0729,0.130729
2022-11-15,TJS,10,59.1461,5.91461
2022-11-15,UZS,10000,53.8938,0.00538938
2022-11-16,AMD,100,15.2367,0.152367
2022-11-16,KGS,100,71.4755,0.7147549999999999
2022-11-16,KZT,100,13.1186,0.131186
2022-11-16,TJS,10,59.0642,5.90642
2022-11-16,UZS,10000,53.8975,0.0053897500000000004
2022-11-17,AMD,100,15.2723,0.152723
2022-11-17,KGS,100,71.4845,0.714845
2022-11-17,KZT,100,13.091,0.13091
2022-11-17,TJS,10,59.1025,5.91025
2022-11-17,UZS,10000,54.0241,0.00540241
2022-11-18,AMD,100,15.268,0.15268
2022-11-18,KGS,100,71.5091,0.715091
2022-11-18,KZT,100,13.1467,0.131467
2022-11-18,TJS,10,59.1427,5.91427
2022-11-18,UZS,10000,53.9926,0.00539926
2022-11-19,AMD,100,15.2772,0.15277200000000002
2022-11-19,KGS,100,71.4966,0.714966
2022-11-19,KZT,100,13.152,0.13152
2022-11-19,TJS,10,59.1277,5.91277
2022-11-19,UZS,10000,53.8661,0.00538661
2022-11-22,AMD,100,15.3697,0.153697
2022-11-22,KGS,100,71.9533,0.719533
2022-11-22,KZT,100,13.2315,0.13231500000000002
2022-11-22,TJS,10,59.4886,5.94886
2022-11-22,UZS,10000,54.174,0.0054174
2022-11-23,AMD,100,15.3643,0.153643
2022-11-23,KGS,100,71.8413,0.7184130000000001
2022-11-23,KZT,100,13.0852,0.130852
2022-11-23,TJS,10,59.409,5.9409
2022-11-23,UZS,10000,54.1448,0.005414479999999999
2022-11-24,AMD,100,15.3203,0.153203
2022-11-24,KGS,100,71.66,0.7166
2022-11-24,KZT,100,13.0749,0.130749
2022-11-24,TJS,10,59.2598,5.92598
2022-11-24,UZS,10000,53.9788,0.00539788
2022-11-25,AMD,100,15.2765,0.152765
2022-11-25,KGS,100,71.519,0.7151900000000001
2022-11-25,KZT,100,13.0523,0.130523
2022-11-25,TJS,10,59.1446,5.91446
2022-11-25,UZS,10000,53.808,0.0053808
2022-11-26,AMD,100,15.3094,0.153094
2022-11-26,KGS,100,71.616,0.71616
2022-11-26,KZT,100,12.9799,0.129799
2022-11-26,TJS,10,59.2357,5.92357
2022-11-26,UZS,10000,53.8536,0.00538536
2022-11-29,AMD,100,15.3445,0.153445
2022-11-29,KGS,100,71.9518,0.7195180000000001
2022-11-29,KZT,100,13.0543,0.130543
2022-11-29,TJS,10,59.5024,5.95024
2022-11-29,UZS,10000,54.0205,0.00540205
2022-11-30,AMD,100,15.4571,0.15457100000000001
2022-11-30,KGS,100,72.3221,0.7232210000000001
2022-11-30,KZT,100,13.0503,0.130503
2022-11-30,TJS,10,59.818,5.9818
2022-11-30,UZS,10000,54.3831,0.00543831
2022-12-01,AMD,100,15.4178,0.154178
2022-12-01,KGS,100,72.0919,0.720919
2022-12-01,KZT,100,12.9967,0.129967
2022-12-01,TJS,10,59.6281,5.96281
2022-12-01,UZS,10000,54.2945,0.00542945
2022-12-02,AMD,100,15.4668,0.154668
2022-12-02,KGS,100,72.4072,0.724072
2022-12-02,KZT,100,13.0407,0.130407
2022-12-02,TJS,10,59.8902,5.98902
2022-12-02,UZS,10000,54.5811,0.0054581099999999995
2022-12-03,AMD,100,15.6313,0.156313
2022-12-03,KGS,100,73.1497,0.731497
2022-12-03,KZT,100,13.1871,0.131871
2022-12-03,TJS,10,60.5043,6.05043
2022-12-03,UZS,10000,55.0182,0.00550182
2022-12-06,AMD,100,15.7068,0.15706799999999999
2022-12-06,KGS,100,73.6352,0.736352
2022-12-06,KZT,100,13.2596,0.13259600000000002
2022-12-06,TJS,10,60.9059,6.090590000000001
2022-12-06,UZS,10000,55.2405,0.00552405
2022-12-07,AMD,100,15.9029,0.159029
2022-12-07,KGS,100,74.0857,0.740857
2022-12-07,KZT,100,13.4088,0.13408799999999998
2022-12-07,TJS,10,61.6164,6.16164
2022-12-07,UZS,10000,55.7958,0.00557958
2022-12-08,AMD,100,15.9045,0.159045
2022-12-08,KGS,100,74.0873,0.740873
2022-12-08,KZT,100,13.3248,0.133248
2022-12-08,TJS,10,61.6638,6.16638
2022-12-08,UZS,10000,55.7712,0.00557712
2022-12-09,AMD,100,15.835,0.15835000000000002
2022-12-09,KGS,100,73.6585,0.736585
2022-12-09,KZT,100,13.2137,0.132137
2022-12-09,TJS,10,61.308,6.1308
2022-12-09,UZS,10000,55.4477,0.00554477
2022-12-10,AMD,100,15.7807,0.157807
2022-12-10,KGS,100,73.433,0.73433
2022-12-10,KZT,100,13.2116,0.132116
2022-12-10,TJS,10,61.118,6.111800000000001
2022-12-10,UZS,10000,55.3984,0.00553984
2022-12-13,AMD,100,15.8692,0.158692
2022-12-13,KGS,100,73.8875,0.7388750000000001
2022-12-13,KZT,100,13.2942,0.132942
2022-12-13,TJS,10,61.4933,6.14933
2022-12-13,UZS,10000,55.7833,0.005578329999999999
2022-12-14,AMD,100,16.0002,0.160002
2022-12-14,KGS,100,74.4108,0.744108
2022-12-14,KZT,100,13.4514,0.134514
2022-12-14,TJS,10,61.9307,6.1930700000000005
2022-12-14,UZS,10000,56.0825,0.00560825
2022-12-15,AMD,100,16.0757,0.160757
2022-12-15,KGS,100,74.5839,0.745839
2022-12-15,KZT,100,13.4993,0.134993
2022-12-15,TJS,10,62.0759,6.20759
2022-12-15,UZS,10000,56.1443,0.00561443
2022-12-16,AMD,100,16.3094,0.163094
2022-12-16,KGS,100,75.6933,0.756933
2022-12-16,KZT,100,13.7244,0.137244
2022-12-16,TJS,10,63.0129,6.30129
2022-12-16,UZS,10000,57.1254,0.00571254
2022-12-17,AMD,100,16.3792,0.16379200000000002
2022-12-17,KGS,100,76.0539,0.760539
2022-12-17,KZT,100,13.7886,0.137886
2022-12-17,TJS,10,63.3149,6.3314900000000005
2022-12-17,UZS,10000,57.5255,0.00575255
2022-12-20,AMD,100,16.8271,0.168271
2022-12-20,KGS,100,78.1017,0.781017
2022-12-20,KZT,100,14.1599,0.141599
2022-12-20,TJS,10,65.0197,6.50197
2022-12-20,UZS,10000,58.8971,0.00588971
2022-12-21,AMD,100,17.5256,0.175256
2022-12-21,KGS,100,80.5459,0.805459
2022-12-21,KZT,100,14.7368,0.147368
2022-12-21,TJS,10,67.603,6.760299999999999
2022-12-21,UZS,10000,61.14,0.006114
2022-12-22,AMD,100,17.9013,0.17901299999999998
2022-12-22,KGS,100,82.3129,0.823129
2022-12-22,KZT,100,15.0317,0.150317
2022-12-22,TJS,10,69.0852,6.90852
2022-12-22,UZS,10000,62.5347,0.00625347
2022-12-23,AMD,100,18.304,0.18303999999999998
2022-12-23,KGS,100,84.186,0.84186
2022-12-23,KZT,100,15.3378,0.153378
2022-12-23,TJS,10,70.6512,7.06512
2022-12-23,UZS,10000,64.0871,0.006408710000000001
2022-12-24,AMD,100,17.4389,0.17438900000000002
2022-12-24,KGS,100,80.1541,0.801541
2022-12-24,KZT,100,14.7064,0.147064
2022-12-24,TJS,10,67.278,6.7278
2022-12-24,UZS,10000,61.1797,0.0061179699999999995
2022-12-27,AMD,100,17.3512,0.173512
2022-12-27,KGS,100,79.8888,0.798888
2022-12-27,KZT,100,14.8167,0.14816700000000002
2022-12-27,TJS,10,67.0711,6.70711
2022-12-27,UZS,10000,61.0816,0.0061081600000000005
2022-12-28,AMD,100,17.7679,0.177679
2022-12-28,KGS,100,81.623,0.81623
2022-12-28,KZT,100,15.1669,0.151669
2022-12-28,TJS,10,68.558,6.8558
2022-12-28,UZS,10000,62.474,0.006247399999999999
2022-12-29,AMD,100,18.1367,0.181367
2022-12-29,KGS,100,83.2471,0.8324710000000001
2022-12-29,KZT,100,15.4848,0.15484799999999999
2022-12-29,TJS,10,69.8645,6.9864500000000005
2022-12-29,UZS,10000,63.855,0.0063855
2022-12-30,AMD,100,18.2959,0.18295899999999998
2022-12-30,KGS,100,84.0077,0.840077
2022-12-30,KZT,100,15.6056,0.156056
2022-12-30,TJS,10,70.5582,7.05582
2022-12-30,UZS,10000,64.2913,0.006429130000000001
2022-12-31,AMD,100,17.8717,0.17871700000000001
2022-12-31,KGS,100,82.0933,0.820933
2022-12-31,KZT,100,15.2583,0.152583
2022-12-31,TJS,10,68.9421,6.894209999999999
2022-12-31,UZS,10000,62.6589,0.0062658900000000005
2023-01-10,AMD,100,17.8007,0.178007
2023-01-10,KGS,100,82.0497,0.820497
2023-01-10,KZT,100,15.1735,0.151735
2023-01-10,TJS,10,68.8179,6.88179
2023-01-10,UZS,10000,62.2125,0.00622125
2023-01-11,AMD,100,17.6168,0.17616800000000002
2023-01-11,KGS,100,81.2435,0.812435
2023-01-11,KZT,100,15.051,0.15051
2023-01-11,TJS,10,68.075,6.8075
2023-01-11,UZS,10000,61.6845,0.00616845
2023-01-12,AMD,100,17.4311,0.174311
2023-01-12,KGS,100,80.5558,0.805558
2023-01-12,KZT,100,14.9446,0.149446
2023-01-12,TJS,10,67.4671,6.74671
2023-01-12,UZS,10000,61.0513,0.006105129999999999
2023-01-13,AMD,100,17.1021,0.171021
2023-01-13,KGS,100,79.1054,0.791054
2023-01-13,KZT,100,14.6641,0.146641
2023-01-13,TJS,10,66.2122,6.621219999999999
2023-01-13,UZS,10000,59.863,0.0059863
2023-01-14,AMD,100,17.0401,0.170401
2023-01-14,KGS,100,78.8683,0.788683
2023-01-14,KZT,100,14.6082,0.146082
2023-01-14,TJS,10,65.9874,6.598739999999999
2023-01-14,UZS,10000,59.7983,0.005979829999999999
2023-01-17,AMD,100,17.21,0.1721
2023-01-17,KGS,100,79.7026,0.797026
2023-01-17,KZT,100,14.7719,0.14771900000000002
2023-01-17,TJS,10,66.6789,6.66789
2023-01-17,UZS,10000,60.3415,0.00603415
2023-01-18,AMD,100,17.3028,0.17302800000000002
2023-01-18,KGS,100,80.1405,0.801405
2023-01-18,KZT,100,14.8403,0.14840299999999998
2023-01-18,TJS,10,66.9707,6.697069999999999
2023-01-18,UZS,10000,60.5392,0.00605392
2023-01-19,AMD,100,17.3763,0.173763
2023-01-19,KGS,100,80.3838,0.8038379999999999
2023-01-19,KZT,100,14.8404,0.148404
2023-01-19,TJS,10,67.1196,6.71196
2023-01-19,UZS,10000,60.8485,0.00608485
2023-01-20,AMD,100,17.3693,0.173693
2023-01-20,KGS,100,80.1579,0.8015789999999999
2023-01-20,KZT,100,14.8268,0.148268
2023-01-20,TJS,10,67.0942,6.70942
2023-01-20,UZS,10000,60.9747,0.00609747
2023-01-21,AMD,100,17.3289,0.173289
2023-01-21,KGS,100,79.7696,0.797696
2023-01-21,KZT,100,14.838,0.14837999999999998
2023-01-21,TJS,10,66.9021,6.69021
2023-01-21,UZS,10000,60.8468,0.00608468
2023-01-24,AMD,100,17.3017,0.173017
2023-01-24,KGS,100,79.6721,0.796721
2023-01-24,KZT,100,14.8371,0.148371
2023-01-24,TJS,10,66.8486,6.6848600000000005
2023-01-24,UZS,10000,60.6801,0.00606801
2023-01-25,AMD,100,17.3443,0.173443
2023-01-25,KGS,100,79.8988,0.7989879999999999
2023-01-25,KZT,100,14.8803,0.148803
2023-01-25,TJS,10,66.9376,6.69376
2023-01-25,UZS,10000,60.8957,0.00608957
2023-01-26,AMD,100,17.4126,0.174126
2023-01-26,KGS,100,80.0985,0.8009850000000001
2023-01-26,KZT,100,14.9297,0.149297
2023-01-26,TJS,10,67.1366,6.71366
2023-01-26,UZS,10000,61.1829,0.006118289999999999
2023-01-27,AMD,100,17.4716,0.17471599999999998
2023-01-27,KGS,100,80.2651,0.802651
2023-01-27,KZT,100,14.9815,0.149815
2023-01-27,TJS,10,67.2415,6.72415
2023-01-27,UZS,10000,61.2133,0.0061213299999999995
2023-01-28,AMD,100,17.5085,0.17508500000000002
2023-01-28,KGS,100,80.4843,0.8048430000000001
2023-01-28,KZT,100,15.0285,0.150285
2023-01-28,TJS,10,67.429,6.742900000000001
2023-01-28,UZS,10000,61.2518,0.00612518
2023-01-31,AMD,100,17.5792,0.175792
2023-01-31,KGS,100,80.7808,0.807808
2023-01-31,KZT,100,15.1147,0.151147
2023-01-31,TJS,10,67.6616,6.766160000000001
2023-01-31,UZS,10000,61.3965,0.00613965
2023-02-01,AMD,100,17.8223,0.178223
2023-02-01,KGS,100,81.8542,0.8185420000000001
2023-02-01,KZT,100,15.3325,0.153325
2023-02-01,TJS,10,68.5167,6.85167
2023-02-01,UZS,10000,62.396,0.0062396
2023-02-02,AMD,100,17.7191,0.17719100000000002
2023-02-02,KGS,100,81.3949,0.813949
2023-02-02,KZT,100,15.227,0.15227000000000002
2023-02-02,TJS,10,68.076,6.807599999999999
2023-02-02,UZS,10000,62.2208,0.00622208
2023-02-03,AMD,100,17.6854,0.176854
2023-02-03,KGS,100,81.2351,0.812351
2023-02-03,KZT,100,15.1976,0.151976
2023-02-03,TJS,10,67.967,6.7966999999999995
2023-02-03,UZS,10000,62.077,0.0062077
2023-02-04,AMD,100,17.7524,0.17752400000000002
2023-02-04,KGS,100,81.6054,0.8160540000000001
2023-02-04,KZT,100,15.3037,0.15303699999999998
2023-02-04,TJS,10,68.2651,6.826510000000001
2023-02-04,UZS,10000,62.3136,0.00623136
2023-02-07,AMD,100,17.8002,0.178002
2023-02-07,KGS,100,81.854,0.81854
2023-02-07,KZT,100,15.3915,0.153915
2023-02-07,TJS,10,68.4425,6.84425
2023-02-07,UZS,10000,62.3829,0.00623829
2023-02-08,AMD,100,17.9075,0.17907499999999998
2023-02-08,KGS,100,81.7075,0.817075
2023-02-08,KZT,100,15.4888,0.154888
2023-02-08,TJS,10,68.6722,6.8672200000000005
2023-02-08,UZS,10000,62.5011,0.00625011
2023-02-09,AMD,100,18.0794,0.180794
2023-02-09,KGS,100,82.4897,0.824897
2023-02-09,KZT,100,15.6629,0.15662900000000002
2023-02-09,TJS,10,69.2515,6.9251499999999995
2023-02-09,UZS,10000,63.0618,0.00630618
2023-02-10,AMD,100,18.4115,0.184115
2023-02-10,KGS,100,84.0093,0.840093
2023-02-10,KZT,100,15.998,0.15997999999999998
2023-02-10,TJS,10,70.3388,7.033880000000001
2023-02-10,UZS,10000,64.111,0.0064111
2023-02-11,AMD,100,18.4172,0.184172
2023-02-11,KGS,100,83.8953,0.8389530000000001
2023-02-11,KZT,100,16.0906,0.160906
2023-02-11,TJS,10,70.1194,7.01194
2023-02-11,UZS,10000,64.1335,0.00641335
2023-02-14,AMD,100,18.6553,0.186553
2023-02-14,KGS,100,84.8573,0.8485729999999999
2023-02-14,KZT,100,16.3337,0.163337
2023-02-14,TJS,10,70.8376,7.08376
2023-02-14,UZS,10000,64.9403,0.00649403
2023-02-15,AMD,100,18.7426,0.18742599999999998
2023-02-15,KGS,100,84.9318,0.8493179999999999
2023-02-15,KZT,100,16.3262,0.163262
2023-02-15,TJS,10,70.9185,7.091849999999999
2023-02-15,UZS,10000,65.1935,0.00651935
2023-02-16,AMD,100,18.8584,0.188584
2023-02-16,KGS,100,85.3256,0.8532559999999999
2023-02-16,KZT,100,16.4478,0.164478
2023-02-16,TJS,10,71.1224,7.11224
2023-02-16,UZS,10000,65.3231,0.0065323099999999995
2023-02-17,AMD,100,18.9987,0.189987
2023-02-17,KGS,100,85.5226,0.8552259999999999
2023-02-17,KZT,100,16.7148,0.167148
2023-02-17,TJS,10,71.4179,7.14179
2023-02-17,UZS,10000,65.7612,0.00657612
2023-02-18,AMD,100,19.0279,0.19027899999999998
2023-02-18,KGS,100,85.5168,0.855168
2023-02-18,KZT,100,16.8342,0.168342
2023-02-18,TJS,10,71.0662,7.1066199999999995
2023-02-18,UZS,10000,65.8439,0.006584390000000001
2023-02-21,AMD,100,18.8717,0.188717
2023-02-21,KGS,100,84.6982,0.846982
2023-02-21,KZT,100,16.6678,0.166678
2023-02-21,TJS,10,69.8119,6.98119
2023-02-21,UZS,10000,65.2823,0.00652823
2023-02-22,AMD,100,19.1124,0.19112400000000002
2023-02-22,KGS,100,85.634,0.85634
2023-02-22,KZT,100,16.7217,0.16721699999999998
2023-02-22,TJS,10,70.0683,7.006829999999999
2023-02-22,UZS,10000,66.1299,0.006612990000000001
2023-02-23,AMD,100,19.1325,0.191325
2023-02-23,KGS,100,85.4595,0.8545950000000001
2023-02-23,KZT,100,16.764,0.16763999999999998
2023-02-23,TJS,10,69.2908,6.929080000000001
2023-02-23,UZS,10000,66.0995,0.006609950000000001
2023-02-28,AMD,100,19.3883,0.193883
2023-02-28,KGS,100,86.2902,0.862902
2023-02-28,KZT,100,16.8477,0.168477
2023-02-28,TJS,10,69.1551,6.91551
2023-02-28,UZS,10000,66.4602,0.00664602
2023-03-01,AMD,100,19.2359,0.192359
2023-03-01,KGS,100,85.6706,0.856706
2023-03-01,KZT,100,16.6748,0.166748
2023-03-01,TJS,10,68.6093,6.860930000000001
2023-03-01,UZS,10000,66.16,0.0066159999999999995
2023-03-02,AMD,100,19.3443,0.193443
2023-03-02,KGS,100,86.0841,0.8608410000000001
2023-03-02,KZT,100,16.8793,0.168793
2023-03-02,TJS,10,68.943,6.894299999999999
2023-03-02,UZS,10000,66.3824,0.00663824
2023-03-03,AMD,100,19.4043,0.194043
2023-03-03,KGS,100,86.3347,0.863347
2023-03-03,KZT,100,17.0711,0.170711
2023-03-03,TJS,10,69.1492,6.9149199999999995
2023-03-03,UZS,10000,66.496,0.0066495999999999994
2023-03-04,AMD,100,19.4397,0.194397
2023-03-04,KGS,100,86.318,0.86318
2023-03-04,KZT,100,17.3195,0.17319500000000002
2023-03-04,TJS,10,69.1379,6.9137900000000005
2023-03-04,UZS,10000,66.402,0.0066402
2023-03-07,AMD,100,19.4272,0.194272
2023-03-07,KGS,100,86.3336,0.863336
2023-03-07,KZT,100,17.5078,0.17507799999999998
2023-03-07,TJS,10,69.1523,6.915229999999999
2023-03-07,UZS,10000,66.3491,0.006634910000000001
2023-03-08,AMD,100,19.4178,0.194178
2023-03-08,KGS,100,86.3163,0.863163
2023-03-08,KZT,100,17.4336,0.174336
2023-03-08,TJS,10,69.1397,6.913970000000001
2023-03-08,UZS,10000,66.4941,0.0066494100000000006
2023-03-10,AMD,100,19.5379,0.195379
2023-03-10,KGS,100,86.8254,0.868254
2023-03-10,KZT,100,17.3069,0.173069
2023-03-10,TJS,10,69.5526,6.95526
2023-03-10,UZS,10000,66.6691,0.00666691
2023-03-11,AMD,100,19.5632,0.19563199999999997
2023-03-11,KGS,100,86.8687,0.868687
2023-03-11,KZT,100,17.2154,0.172154
2023-03-11,TJS,10,69.5841,6.958410000000001
2023-03-11,UZS,10000,66.5731,0.00665731
2023-03-14,AMD,100,19.4267,0.194267
2023-03-14,KGS,100,86.3199,0.863199
2023-03-14,KZT,100,16.9202,0.16920200000000002
2023-03-14,TJS,10,69.1464,6.91464
2023-03-14,UZS,10000,66.1815,0.00661815
2023-03-15,AMD,100,19.3402,0.193402
2023-03-15,KGS,100,86.0133,0.860133
2023-03-15,KZT,100,16.4658,0.16465800000000003
2023-03-15,TJS,10,68.8975,6.889749999999999
2023-03-15,UZS,10000,65.8415,0.0065841499999999996
2023-03-16,AMD,100,19.502,0.19502
2023-03-16,KGS,100,86.648,0.8664799999999999
2023-03-16,KZT,100,16.5304,0.165304
2023-03-16,TJS,10,69.4081,6.940810000000001
2023-03-16,UZS,10000,66.1763,0.006617629999999999
2023-03-17,AMD,100,19.6612,0.196612
2023-03-17,KGS,100,87.4051,0.874051
2023-03-17,KZT,100,16.4396,0.164396
2023-03-17,TJS,10,70.0176,7.00176
2023-03-17,UZS,10000,66.7355,0.00667355
2023-03-18,AMD,100,19.7292,0.197292
2023-03-18,KGS,100,87.628,0.87628
2023-03-18,KZT,100,16.4334,0.16433399999999998
2023-03-18,TJS,10,70.1975,7.01975
2023-03-18,UZS,10000,67.091,0.006709099999999999
2023-03-21,AMD,100,19.8832,0.19883199999999998
2023-03-21,KGS,100,88.3576,0.883576
2023-03-21,KZT,100,16.763,0.16763000000000003
2023-03-21,TJS,10,70.7787,7.07787
2023-03-21,UZS,10000,67.6496,0.00676496
2023-03-22,AMD,100,19.7856,0.19785599999999998
2023-03-22,KGS,100,87.8944,0.8789440000000001
2023-03-22,KZT,100,16.6185,0.166185
2023-03-22,TJS,10,70.4077,7.04077
2023-03-22,UZS,10000,67.295,0.0067295
2023-03-23,AMD,100,19.8254,0.19825399999999999
2023-03-23,KGS,100,88.0303,0.880303
2023-03-23,KZT,100,16.6442,0.166442
2023-03-23,TJS,10,70.5165,7.0516499999999995
2023-03-23,UZS,10000,67.399,0.0067399
2023-03-24,AMD,100,19.6501,0.19650099999999998
2023-03-24,KGS,100,87.288,0.87288
2023-03-24,KZT,100,16.5038,0.165038
2023-03-24,TJS,10,69.92,6.992
2023-03-24,UZS,10000,67.083,0.0067082999999999995
2023-03-25,AMD,100,19.6995,0.196995
2023-03-25,KGS,100,87.449,0.87449
2023-03-25,KZT,100,16.5343,0.16534300000000002
2023-03-25,TJS,10,70.0489,7.0048900000000005
2023-03-25,UZS,10000,67.1112,0.006711119999999999
2023-03-28,AMD,100,19.7066,0.19706600000000002
2023-03-28,KGS,100,87.5843,0.875843
2023-03-28,KZT,100,16.7435,0.167435
2023-03-28,TJS,10,70.156,7.015600000000001
2023-03-28,UZS,10000,66.9866,0.0066986599999999995
2023-03-29,AMD,100,19.726,0.19726
2023-03-29,KGS,100,87.616,0.87616
2023-03-29,KZT,100,16.6919,0.166919
2023-03-29,TJS,10,70.1834,7.01834
2023-03-29,UZS,10000,67.1553,0.00671553
2023-03-30,AMD,100,19.829,0.19829
2023-03-30,KGS,100,88.0555,0.880555
2023-03-30,KZT,100,16.9183,0.16918299999999997
2023-03-30,TJS,10,70.536,7.0536
2023-03-30,UZS,10000,67.5724,0.00675724
2023-03-31,AMD,100,19.8523,0.198523
2023-03-31,KGS,100,88.1792,0.8817919999999999
2023-03-31,KZT,100,17.1918,0.17191800000000002
2023-03-31,TJS,10,70.6332,7.06332
2023-03-31,UZS,10000,67.5304,0.00675304
2023-04-01,AMD,100,19.9041,0.199041
2023-04-01,KGS,100,88.4504,0.8845040000000001
2023-04-01,KZT,100,17.2577,0.172577
2023-04-01,TJS,10,70.8504,7.085039999999999
2023-04-01,UZS,10000,67.6304,0.00676304
2023-04-04,AMD,100,20.0656,0.200656
2023-04-04,KGS,100,89.1684,0.891684
2023-04-04,KZT,100,17.2569,0.17256900000000003
2023-04-04,TJS,10,71.4236,7.142359999999999
2023-04-04,UZS,10000,68.3502,0.00683502
2023-04-05,AMD,100,20.4448,0.20444800000000002
2023-04-05,KGS,100,90.7759,0.907759
2023-04-05,KZT,100,17.6023,0.17602299999999999
2023-04-05,TJS,10,72.7119,7.27119
2023-04-05,UZS,10000,69.6369,0.00696369
2023-04-06,AMD,100,20.4718,0.204718
2023-04-06,KGS,100,90.9358,0.909358
2023-04-06,KZT,100,17.6898,0.17689800000000003
2023-04-06,TJS,10,72.84,7.284000000000001
2023-04-06,UZS,10000,69.8486,0.006984860000000001
2023-04-07,AMD,100,20.7803,0.20780300000000002
2023-04-07,KGS,100,92.2801,0.9228010000000001
2023-04-07,KZT,100,18.0558,0.18055800000000002
2023-04-07,TJS,10,73.9161,7.39161
2023-04-07,UZS,10000,70.9806,0.00709806
2023-04-08,AMD,100,21.2133,0.21213300000000002
2023-04-08,KGS,100,94.2562,0.9425620000000001
2023-04-08,KZT,100,18.421,0.18420999999999998
2023-04-08,TJS,10,75.4969,7.54969
2023-04-08,UZS,10000,72.4449,0.00724449
2023-04-11,AMD,100,21.055,0.21055
2023-04-11,KGS,100,93.5073,0.935073
2023-04-11,KZT,100,18.369,0.18369
2023-04-11,TJS,10,74.8991,7.48991
2023-04-11,UZS,10000,71.724,0.007172400000000001
2023-04-12,AMD,100,21.1706,0.211706
2023-04-12,KGS,100,94.0058,0.940058
2023-04-12,KZT,100,18.4969,0.184969
2023-04-12,TJS,10,75.2998,7.52998
2023-04-12,UZS,10000,72.0234,0.00720234
2023-04-13,AMD,100,21.1466,0.211466
2023-04-13,KGS,100,93.9069,0.9390689999999999
2023-04-13,KZT,100,18.2909,0.18290900000000002
2023-04-13,TJS,10,75.2198,7.521980000000001
2023-04-13,UZS,10000,71.8975,0.007189749999999999
2023-04-14,AMD,100,21.0521,0.21052099999999999
2023-04-14,KGS,100,93.3291,0.933291
2023-04-14,KZT,100,18.0312,0.18031199999999997
2023-04-14,TJS,10,74.8365,7.48365
2023-04-14,UZS,10000,71.4568,0.00714568
2023-04-15,AMD,100,20.9955,0.209955
2023-04-15,KGS,100,93.1267,0.931267
2023-04-15,KZT,100,18.1177,0.181177
2023-04-15,TJS,10,74.6809,7.468089999999999
2023-04-15,UZS,10000,71.3637,0.0071363699999999995
2023-04-18,AMD,100,21.0414,0.210414
2023-04-18,KGS,100,93.2698,0.932698
2023-04-18,KZT,100,18.1295,0.181295
2023-04-18,TJS,10,74.794,7.4794
2023-04-18,UZS,10000,71.3408,0.00713408
2023-04-19,AMD,100,21.0436,0.210436
2023-04-19,KGS,100,93.2458,0.932458
2023-04-19,KZT,100,18.1983,0.181983
2023-04-19,TJS,10,74.7696,7.47696
2023-04-19,UZS,10000,71.2377,0.007123770000000001
2023-04-20,AMD,100,21.0635,0.21063500000000002
2023-04-20,KGS,100,93.2986,0.932986
2023-04-20,KZT,100,18.1053,0.181053
2023-04-20,TJS,10,74.8173,7.481730000000001
2023-04-20,UZS,10000,71.4017,0.00714017
2023-04-21,AMD,100,21.0787,0.210787
2023-04-21,KGS,100,93.2573,0.932573
2023-04-21,KZT,100,17.9354,0.179354
2023-04-21,TJS,10,74.7815,7.478149999999999
2023-04-21,UZS,10000,71.494,0.0071494
2023-04-22,AMD,100,21.0304,0.210304
2023-04-22,KGS,100,93.1059,0.9310590000000001
2023-04-22,KZT,100,17.8843,0.178843
2023-04-22,TJS,10,74.6588,7.46588
2023-04-22,UZS,10000,71.378,0.0071378
2023-04-25,AMD,100,20.9757,0.209757
2023-04-25,KGS,100,92.8639,0.928639
2023-04-25,KZT,100,17.7579,0.177579
2023-04-25,TJS,10,74.4647,7.44647
2023-04-25,UZS,10000,71.1924,0.007119240000000001
2023-04-26,AMD,100,21.1138,0.21113800000000002
2023-04-26,KGS,100,93.1786,0.931786
2023-04-26,KZT,100,17.8704,0.178704
2023-04-26,TJS,10,74.717,7.4717
2023-04-26,UZS,10000,71.3793,0.00713793
2023-04-27,AMD,100,21.0744,0.21074400000000001
2023-04-27,KGS,100,93.2671,0.932671
2023-04-27,KZT,100,17.9385,0.17938500000000002
2023-04-27,TJS,10,74.7894,7.47894
2023-04-27,UZS,10000,71.5904,0.00715904
2023-04-28,AMD,100,21.106,0.21106000000000003
2023-04-28,KGS,100,93.1902,0.931902
2023-04-28,KZT,100,17.9676,0.179676
2023-04-28,TJS,10,74.7271,7.472709999999999
2023-04-28,UZS,10000,71.6879,0.0071687899999999995
2023-04-29,AMD,100,20.8228,0.208228
2023-04-29,KGS,100,91.9896,0.9198959999999999
2023-04-29,KZT,100,17.6474,0.17647400000000002
2023-04-29,TJS,10,73.7629,7.37629
2023-04-29,UZS,10000,70.6827,0.00706827
2023-05-03,AMD,100,20.6697,0.206697
2023-05-03,KGS,100,91.363,0.9136299999999999
2023-05-03,KZT,100,17.6362,0.176362
2023-05-03,TJS,10,73.2632,7.32632
2023-05-03,UZS,10000,70.0182,0.007001819999999999
2023-05-04,AMD,100,20.4938,0.204938
2023-05-04,KGS,100,90.616,0.90616
2023-05-04,KZT,100,17.6572,0.176572
2023-05-04,TJS,10,72.6621,7.266209999999999
2023-05-04,UZS,10000,69.3364,0.00693364
2023-05-05,AMD,100,20.2974,0.202974
2023-05-05,KGS,100,90.0441,0.900441
2023-05-05,KZT,100,17.7651,0.177651
2023-05-05,TJS,10,72.0283,7.2028300000000005
2023-05-05,UZS,10000,68.6017,0.00686017
2023-05-06,AMD,100,19.8837,0.198837
2023-05-06,KGS,100,87.9902,0.879902
2023-05-06,KZT,100,17.2518,0.172518
2023-05-06,TJS,10,70.3886,7.03886
2023-05-06,UZS,10000,67.1214,0.006712139999999999
2023-05-11,AMD,100,19.8481,0.198481
2023-05-11,KGS,100,87.8498,0.878498
2023-05-11,KZT,100,17.2235,0.17223500000000003
2023-05-11,TJS,10,70.2734,7.02734
2023-05-11,UZS,10000,67.08,0.0067079999999999996
2023-05-12,AMD,100,19.6424,0.196424
2023-05-12,KGS,100,86.9198,0.8691979999999999
2023-05-12,KZT,100,17.085,0.17085
2023-05-12,TJS,10,69.5315,6.953149999999999
2023-05-12,UZS,10000,66.257,0.006625700000000001
2023-05-13,AMD,100,19.9814,0.19981400000000002
2023-05-13,KGS,100,88.4354,0.884354
2023-05-13,KZT,100,17.3797,0.173797
2023-05-13,TJS,10,70.7425,7.074250000000001
2023-05-13,UZS,10000,67.3389,0.006733889999999999
2023-05-16,AMD,100,20.4272,0.20427199999999998
2023-05-16,KGS,100,90.5508,0.905508
2023-05-16,KZT,100,17.7359,0.17735900000000002
2023-05-16,TJS,10,72.4774,7.24774
2023-05-16,UZS,10000,69.1859,0.0069185900000000005
2023-05-17,AMD,100,20.7014,0.207014
2023-05-17,KGS,100,91.4246,0.914246
2023-05-17,KZT,100,17.7544,0.177544
2023-05-17,TJS,10,73.2859,7.32859
2023-05-17,UZS,10000,70.0522,0.0070052199999999995
2023-05-18,AMD,100,20.9066,0.209066
2023-05-18,KGS,100,92.2829,0.922829
2023-05-18,KZT,100,17.9824,0.17982399999999998
2023-05-18,TJS,10,74.0012,7.400119999999999
2023-05-18,UZS,10000,70.7215,0.007072150000000001
2023-05-19,AMD,100,20.6797,0.206797
2023-05-19,KGS,100,91.451,0.9145099999999999
2023-05-19,KZT,100,17.7982,0.177982
2023-05-19,TJS,10,73.3346,7.33346
2023-05-19,UZS,10000,69.8216,0.00698216
2023-05-20,AMD,100,20.6794,0.206794
2023-05-20,KGS,100,91.304,0.9130400000000001
2023-05-20,KZT,100,17.7896,0.177896
2023-05-20,TJS,10,73.2146,7.32146
2023-05-20,UZS,10000,69.5581,0.00695581
2023-05-23,AMD,100,20.6606,0.20660599999999998
2023-05-23,KGS,100,91.3367,0.9133669999999999
2023-05-23,KZT,100,17.8309,0.178309
2023-05-23,TJS,10,73.2448,7.324479999999999
2023-05-23,UZS,10000,69.6435,0.00696435
2023-05-24,AMD,100,20.7551,0.20755099999999999
2023-05-24,KGS,100,91.5979,0.915979
2023-05-24,KZT,100,18.0101,0.180101
2023-05-24,TJS,10,73.4549,7.34549
2023-05-24,UZS,10000,70.0142,0.00700142
2023-05-25,AMD,100,20.72,0.2072
2023-05-25,KGS,100,91.3699,0.913699
2023-05-25,KZT,100,18.1027,0.181027
2023-05-25,TJS,10,73.272,7.3272
2023-05-25,UZS,10000,69.9617,0.0069961699999999995
2023-05-26,AMD,100,20.6998,0.206998
2023-05-26,KGS,100,91.3165,0.913165
2023-05-26,KZT,100,17.9966,0.17996600000000001
2023-05-26,TJS,10,73.2865,7.3286500000000006
2023-05-26,UZS,10000,70.0509,0.00700509
2023-05-27,AMD,100,20.6889,0.206889
2023-05-27,KGS,100,91.2966,0.9129659999999999
2023-05-27,KZT,100,17.9037,0.179037
2023-05-27,TJS,10,73.2685,7.32685
2023-05-27,UZS,10000,69.9918,0.00699918
2023-05-30,AMD,100,20.7306,0.207306
2023-05-30,KGS,100,91.398,0.91398
2023-05-30,KZT,100,17.9626,0.17962599999999998
2023-05-30,TJS,10,73.3478,7.33478
2023-05-30,UZS,10000,70.1318,0.00701318
2023-05-31,AMD,100,20.8753,0.208753
2023-05-31,KGS,100,92.1192,0.921192
2023-05-31,KZT,100,18.1544,0.18154399999999998
2023-05-31,TJS,10,73.9293,7.39293
2023-05-31,UZS,10000,70.6531,0.007065309999999999
2023-06-01,AMD,100,20.9493,0.209493
2023-06-01,KGS,100,92.4697,0.924697
2023-06-01,KZT,100,18.1163,0.181163
2023-06-01,TJS,10,74.2133,7.42133
2023-06-01,UZS,10000,71.0112,0.00710112
2023-06-02,AMD,100,20.9225,0.209225
2023-06-02,KGS,100,92.4405,0.924405
2023-06-02,KZT,100,18.0675,0.180675
2023-06-02,TJS,10,74.1879,7.4187899999999996
2023-06-02,UZS,10000,71.0215,0.007102150000000001
2023-06-03,AMD,100,20.8862,0.208862
2023-06-03,KGS,100,92.3343,0.923343
2023-06-03,KZT,100,18.0236,0.18023599999999998
2023-06-03,TJS,10,74.1053,7.41053
2023-06-03,UZS,10000,70.8856,0.00708856
2023-06-06,AMD,100,21.0002,0.210002
2023-06-06,KGS,100,92.9713,0.929713
2023-06-06,KZT,100,18.1579,0.18157900000000002
2023-06-06,TJS,10,74.5252,7.45252
2023-06-06,UZS,10000,71.1729,0.00711729
2023-06-07,AMD,100,20.9927,0.209927
2023-06-07,KGS,100,92.9621,0.929621
2023-06-07,KZT,100,18.1075,0.181075
2023-06-07,TJS,10,74.452,7.4452
2023-06-07,UZS,10000,70.9662,0.00709662
2023-06-08,AMD,100,21.0622,0.210622
2023-06-08,KGS,100,93.2176,0.932176
2023-06-08,KZT,100,18.1944,0.18194400000000002
2023-06-08,TJS,10,74.6425,7.46425
2023-06-08,UZS,10000,71.0666,0.007106659999999999
2023-06-09,AMD,100,21.2105,0.212105
2023-06-09,KGS,100,93.8099,0.938099
2023-06-09,KZT,100,18.3797,0.183797
2023-06-09,TJS,10,75.2263,7.5226299999999995
2023-06-09,UZS,10000,71.6781,0.00716781
2023-06-10,AMD,100,21.3998,0.213998
2023-06-10,KGS,100,94.3618,0.9436180000000001
2023-06-10,KZT,100,18.5774,0.185774
2023-06-10,TJS,10,75.7312,7.57312
2023-06-10,UZS,10000,72.271,0.0072271
2023-06-14,AMD,100,21.6008,0.216008
2023-06-14,KGS,100,95.4909,0.954909
2023-06-14,KZT,100,18.6981,0.186981
2023-06-14,TJS,10,76.636,7.6636
2023-06-14,UZS,10000,73.0969,0.007309690000000001
2023-06-15,AMD,100,21.8119,0.218119
2023-06-15,KGS,100,96.2723,0.962723
2023-06-15,KZT,100,18.7965,0.18796500000000002
2023-06-15,TJS,10,77.2631,7.72631
2023-06-15,UZS,10000,73.5493,0.00735493
2023-06-16,AMD,100,21.7212,0.217212
2023-06-16,KGS,100,95.8569,0.958569
2023-06-16,KZT,100,18.6514,0.18651399999999999
2023-06-16,TJS,10,76.9332,7.69332
2023-06-16,UZS,10000,73.1497,0.00731497
2023-06-17,AMD,100,21.6407,0.216407
2023-06-17,KGS,100,95.5015,0.955015
2023-06-17,KZT,100,18.514,0.18514
2023-06-17,TJS,10,76.648,7.6648
2023-06-17,UZS,10000,72.9923,0.00729923
2023-06-20,AMD,100,21.743,0.21742999999999998
2023-06-20,KGS,100,96.0106,0.960106
2023-06-20,KZT,100,18.6227,0.18622699999999998
2023-06-20,TJS,10,76.9587,7.695869999999999
2023-06-20,UZS,10000,73.2674,0.007326739999999999
2023-06-21,AMD,100,21.7613,0.21761299999999997
2023-06-21,KGS,100,96.4422,0.964422
2023-06-21,KZT,100,18.8379,0.18837900000000002
2023-06-21,TJS,10,77.1836,7.71836
2023-06-21,UZS,10000,73.3934,0.00733934
2023-06-22,AMD,100,21.8165,0.21816500000000003
2023-06-22,KGS,100,96.4979,0.964979
2023-06-22,KZT,100,18.7925,0.187925
2023-06-22,TJS,10,77.1942,7.7194199999999995
2023-06-22,UZS,10000,73.3218,0.00733218
2023-06-23,AMD,100,21.6522,0.216522
2023-06-23,KGS,100,95.7706,0.9577060000000001
2023-06-23,KZT,100,18.6875,0.186875
2023-06-23,TJS,10,76.6087,7.66087
2023-06-23,UZS,10000,72.7023,0.007270229999999999
2023-06-24,AMD,100,21.7203,0.217203
2023-06-24,KGS,100,96.3125,0.963125
2023-06-24,KZT,100,18.7836,0.187836
2023-06-24,TJS,10,77.043,7.704300000000001
2023-06-24,UZS,10000,73.2253,0.007322530000000001
2023-06-27,AMD,100,21.9025,0.219025
2023-06-27,KGS,100,96.9551,0.969551
2023-06-27,KZT,100,18.9384,0.18938400000000002
2023-06-27,TJS,10,77.5761,7.75761
2023-06-27,UZS,10000,73.8164,0.00738164
2023-06-28,AMD,100,21.9933,0.21993300000000002
2023-06-28,KGS,100,97.412,0.9741200000000001
2023-06-28,KZT,100,18.8976,0.188976
2023-06-28,TJS,10,77.9299,7.7929900000000005
2023-06-28,UZS,10000,74.0333,0.00740333
2023-06-29,AMD,100,22.1507,0.221507
2023-06-29,KGS,100,98.0635,0.980635
2023-06-29,KZT,100,19.0113,0.19011299999999998
2023-06-29,TJS,10,78.4511,7.84511
2023-06-29,UZS,10000,74.5285,0.00745285
2023-06-30,AMD,100,22.529,0.22529
2023-06-30,KGS,100,99.7792,0.997792
2023-06-30,KZT,100,19.3255,0.193255
2023-06-30,TJS,10,79.7476,7.974760000000001
2023-06-30,UZS,10000,75.7601,0.007576009999999999
2023-07-01,AMD,100,22.894,0.22893999999999998
2023-07-01,KGS,10,10.1357,1.01357
2023-07-01,KZT,100,19.4624,0.194624
2023-07-01,TJS,10,80.9826,8.09826
2023-07-01,UZS,10000,76.9355,0.00769355
2023-07-04,AMD,100,23.0827,0.230827
2023-07-04,KGS,10,10.2308,1.02308
2023-07-04,KZT,100,19.8797,0.198797
2023-07-04,TJS,10,81.8486,8.18486
2023-07-04,UZS,10000,77.5252,0.00775252
2023-07-05,AMD,100,23.1832,0.23183199999999998
2023-07-05,KGS,10,10.2419,1.02419
2023-07-05,KZT,100,19.9819,0.199819
2023-07-05,TJS,10,82.0122,8.201220000000001
2023-07-05,UZS,10000,77.629,0.0077629000000000005
2023-07-06,AMD,100,23.3885,0.233885
2023-07-06,KGS,10,10.3158,1.03158
2023-07-06,KZT,100,20.2193,0.202193
2023-07-06,TJS,10,82.7286,8.27286
2023-07-06,UZS,10000,78.2757,0.00782757
2023-07-07,AMD,100,23.9644,0.23964400000000002
2023-07-07,KGS,10,10.5685,1.05685
2023-07-07,KZT,100,20.8565,0.208565
2023-07-07,TJS,10,84.7628,8.47628
2023-07-07,UZS,10000,80.2825,0.00802825
2023-07-08,AMD,100,23.7417,0.23741700000000002
2023-07-08,KGS,10,10.45,1.045
2023-07-08,KZT,100,20.6579,0.206579
2023-07-08,TJS,10,83.9594,8.39594
2023-07-08,UZS,10000,79.3624,0.007936239999999999
2023-07-11,AMD,100,23.6361,0.236361
2023-07-11,KGS,10,10.428,1.0428000000000002
2023-07-11,KZT,100,20.614,0.20614000000000002
2023-07-11,TJS,10,83.7849,8.37849
2023-07-11,UZS,10000,79.0773,0.00790773
2023-07-12,AMD,100,23.3759,0.23375900000000002
2023-07-12,KGS,10,10.3151,1.03151
2023-07-12,KZT,100,20.3431,0.203431
2023-07-12,TJS,10,82.8682,8.28682
2023-07-12,UZS,10000,78.321,0.0078321
2023-07-13,AMD,100,23.4623,0.234623
2023-07-13,KGS,10,10.3142,1.03142
2023-07-13,KZT,100,20.5448,0.205448
2023-07-13,TJS,10,82.975,8.2975
2023-07-13,UZS,10000,78.2999,0.00782999
2023-07-14,AMD,100,23.2952,0.23295200000000002
2023-07-14,KGS,10,10.2624,1.02624
2023-07-14,KZT,100,20.4689,0.204689
2023-07-14,TJS,10,82.5709,8.25709
2023-07-14,UZS,10000,77.7845,0.007778449999999999
2023-07-15,AMD,100,23.3463,0.233463
2023-07-15,KGS,10,10.2559,1.02559
2023-07-15,KZT,100,20.3245,0.203245
2023-07-15,TJS,10,82.5152,8.25152
2023-07-15,UZS,10000,77.8086,0.00778086
2023-07-18,AMD,100,23.4168,0.234168
2023-07-18,KGS,10,10.2905,1.02905
2023-07-18,KZT,100,20.2521,0.20252099999999998
2023-07-18,TJS,10,82.8038,8.28038
2023-07-18,UZS,10000,78.1002,0.00781002
2023-07-19,AMD,100,23.4773,0.234773
2023-07-19,KGS,10,10.321,1.0321
2023-07-19,KZT,100,20.3187,0.203187
2023-07-19,TJS,10,83.0348,8.30348
2023-07-19,UZS,10000,78.2547,0.00782547
2023-07-20,AMD,100,23.55,0.23550000000000001
2023-07-20,KGS,10,10.3795,1.03795
2023-07-20,KZT,100,20.5346,0.205346
2023-07-20,TJS,10,83.5092,8.35092
2023-07-20,UZS,10000,78.5703,0.007857030000000001
2023-07-21,AMD,100,23.5198,0.235198
2023-07-21,KGS,10,10.3396,1.03396
2023-07-21,KZT,100,20.5237,0.205237
2023-07-21,TJS,10,83.1887,8.31887
2023-07-21,UZS,10000,78.3221,0.007832210000000001
2023-07-22,AMD,100,23.3866,0.23386600000000002
2023-07-22,KGS,10,10.2862,1.0286199999999999
2023-07-22,KZT,100,20.3574,0.20357399999999998
2023-07-22,TJS,10,82.7774,8.27774
2023-07-22,UZS,10000,77.9649,0.00779649
2023-07-25,AMD,100,23.3767,0.233767
2023-07-25,KGS,10,10.2992,1.0299200000000002
2023-07-25,KZT,100,20.3433,0.203433
2023-07-25,TJS,10,82.8692,8.28692
2023-07-25,UZS,10000,77.9404,0.0077940399999999995
2023-07-26,AMD,100,23.2959,0.232959
2023-07-26,KGS,10,10.2552,1.02552
2023-07-26,KZT,100,20.235,0.20235
2023-07-26,TJS,10,82.5003,8.250029999999999
2023-07-26,UZS,10000,77.701,0.007770099999999999
2023-07-27,AMD,100,23.304,0.23304
2023-07-27,KGS,10,10.2739,1.02739
2023-07-27,KZT,100,20.2325,0.202325
2023-07-27,TJS,10,82.4604,8.24604
2023-07-27,UZS,10000,77.5393,0.00775393
2023-07-28,AMD,100,23.3002,0.23300200000000001
2023-07-28,KGS,10,10.2765,1.02765
2023-07-28,KZT,100,20.2621,0.202621
2023-07-28,TJS,10,82.442,8.2442
2023-07-28,UZS,10000,77.4392,0.00774392
2023-07-29,AMD,100,23.5561,0.23556100000000002
2023-07-29,KGS,10,10.381,1.0381
2023-07-29,KZT,100,20.4574,0.204574
2023-07-29,TJS,10,83.315,8.3315
2023-07-29,UZS,10000,78.4286,0.00784286
2023-08-01,AMD,100,23.72,0.2372
2023-08-01,KGS,10,10.443,1.0443
2023-08-01,KZT,100,20.5511,0.20551100000000003
2023-08-01,TJS,10,83.8788,8.38788
2023-08-01,UZS,10000,78.9577,0.00789577
2023-08-02,AMD,100,23.765,0.23765
2023-08-02,KGS,10,10.4549,1.04549
2023-08-02,KZT,100,20.5742,0.205742
2023-08-02,TJS,10,84.0127,8.40127
2023-08-02,UZS,10000,78.9932,0.00789932
2023-08-03,AMD,100,23.9986,0.239986
2023-08-03,KGS,10,10.5793,1.05793
2023-08-03,KZT,100,20.8613,0.208613
2023-08-03,TJS,10,84.9881,8.49881
2023-08-03,UZS,10000,79.8075,0.00798075
2023-08-04,AMD,100,24.2838,0.242838
2023-08-04,KGS,10,10.6846,1.06846
2023-08-04,KZT,100,21.1376,0.21137599999999998
2023-08-04,TJS,10,85.821,8.5821
2023-08-04,UZS,10000,80.4626,0.00804626
2023-08-05,AMD,100,24.5457,0.245457
2023-08-05,KGS,10,10.794,1.0794000000000001
2023-08-05,KZT,100,21.3046,0.213046
2023-08-05,TJS,10,86.7502,8.67502
2023-08-05,UZS,10000,81.3954,0.008139539999999999
2023-08-08,AMD,100,25.0115,0.25011500000000003
2023-08-08,KGS,10,10.9897,1.09897
2023-08-08,KZT,100,21.6863,0.216863
2023-08-08,TJS,10,88.3454,8.83454
2023-08-08,UZS,10000,82.8187,0.00828187
2023-08-09,AMD,100,24.8604,0.248604
2023-08-09,KGS,10,10.9338,1.09338
2023-08-09,KZT,100,21.5242,0.21524200000000002
2023-08-09,TJS,10,87.8742,8.787420000000001
2023-08-09,UZS,10000,82.2916,0.008229160000000001
2023-08-10,AMD,100,25.2286,0.252286
2023-08-10,KGS,10,11.0845,1.10845
2023-08-10,KZT,100,21.8444,0.218444
2023-08-10,TJS,10,89.053,8.9053
2023-08-10,UZS,10000,83.4986,0.008349859999999999
2023-08-11,AMD,100,25.1987,0.25198699999999996
2023-08-11,KGS,10,11.0708,1.10708
2023-08-11,KZT,100,21.7959,0.21795899999999999
2023-08-11,TJS,10,88.9241,8.89241
2023-08-11,UZS,10000,83.38,0.008338
2023-08-12,AMD,100,25.4421,0.254421
2023-08-12,KGS,10,11.1573,1.1157299999999999
2023-08-12,KZT,100,22.0674,0.22067399999999998
2023-08-12,TJS,10,89.747,8.9747
2023-08-12,UZS,10000,81.3303,0.00813303
2023-08-15,AMD,100,26.1348,0.26134799999999997
2023-08-15,KGS,10,11.4467,1.14467
2023-08-15,KZT,100,22.6643,0.226643
2023-08-15,TJS,10,92.2638,9.22638
2023-08-15,UZS,10000,83.9071,0.00839071
2023-08-16,AMD,100,25.1957,0.251957
2023-08-16,KGS,10,11.0368,1.10368
2023-08-16,KZT,100,21.7193,0.217193
2023-08-16,TJS,10,88.8811,8.888110000000001
2023-08-16,UZS,10000,80.7672,0.00807672
2023-08-17,AMD,100,25.0549,0.250549
2023-08-17,KGS,10,10.9555,1.09555
2023-08-17,KZT,100,21.5296,0.215296
2023-08-17,TJS,10,88.23,8.823
2023-08-17,UZS,10000,80.0866,0.00800866
2023-08-18,AMD,100,24.2771,0.24277100000000001
2023-08-18,KGS,10,10.6204,1.06204
2023-08-18,KZT,100,20.6353,0.206353
2023-08-18,TJS,10,85.5347,8.55347
2023-08-18,UZS,10000,77.5465,0.007754649999999999
2023-08-19,AMD,100,24.19,0.2419
2023-08-19,KGS,10,10.5817,1.05817
2023-08-19,KZT,100,20.1655,0.20165500000000003
2023-08-19,TJS,10,85.2264,8.522639999999999
2023-08-19,UZS,10000,77.4103,0.00774103
2023-08-22,AMD,100,24.381,0.24381
2023-08-22,KGS,10,10.6653,1.06653
2023-08-22,KZT,100,20.3899,0.203899
2023-08-22,TJS,10,85.8964,8.58964
2023-08-22,UZS,10000,77.9453,0.00779453
2023-08-23,AMD,100,24.3963,0.243963
2023-08-23,KGS,10,10.6771,1.06771
2023-08-23,KZT,100,20.807,0.20806999999999998
2023-08-23,TJS,10,85.8722,8.58722
2023-08-23,UZS,10000,77.7838,0.00777838
2023-08-24,AMD,100,24.4163,0.244163
2023-08-24,KGS,10,10.7112,1.07112
2023-08-24,KZT,100,20.8422,0.208422
2023-08-24,TJS,10,86.1745,8.61745
2023-08-24,UZS,10000,78.1163,0.00781163
2023-08-25,AMD,100,24.4587,0.244587
2023-08-25,KGS,10,10.6997,1.06997
2023-08-25,KZT,100,20.6057,0.206057
2023-08-25,TJS,10,86.1297,8.61297
2023-08-25,UZS,10000,78.2269,0.00782269
2023-08-26,AMD,100,24.538,0.24538000000000001
2023-08-26,KGS,10,10.7359,1.07359
2023-08-26,KZT,100,20.4986,0.204986
2023-08-26,TJS,10,86.4079,8.640789999999999
2023-08-26,UZS,10000,78.6053,0.00786053
2023-08-29,AMD,100,24.7342,0.247342
2023-08-29,KGS,10,10.8185,1.08185
2023-08-29,KZT,100,20.7471,0.207471
2023-08-29,TJS,10,87.0989,8.70989
2023-08-29,UZS,10000,79.0977,0.00790977
2023-08-30,AMD,100,24.7849,0.247849
2023-08-30,KGS,10,10.8453,1.08453
2023-08-30,KZT,100,20.6243,0.206243
2023-08-30,TJS,10,87.3112,8.73112
2023-08-30,UZS,10000,79.2788,0.00792788
2023-08-31,AMD,100,24.8532,0.248532
2023-08-31,KGS,10,10.8696,1.08696
2023-08-31,KZT,100,20.7889,0.20788900000000002
2023-08-31,TJS,10,87.5186,8.75186
2023-08-31,UZS,10000,79.379,0.007937900000000001
2023-09-01,AMD,100,24.9713,0.249713
2023-09-01,KGS,10,10.9156,1.0915599999999999
2023-09-01,KZT,100,20.8769,0.20876899999999998
2023-09-01,TJS,10,87.8771,8.78771
2023-09-01,UZS,10000,79.6813,0.007968129999999999
2023-09-02,AMD,100,24.9653,0.24965299999999999
2023-09-02,KGS,10,10.9158,1.09158
2023-09-02,KZT,100,20.9578,0.209578
2023-09-02,TJS,10,87.8848,8.78848
2023-09-02,UZS,10000,79.6868,0.00796868
2023-09-05,AMD,100,25.0447,0.250447
2023-09-05,KGS,10,10.9479,1.0947900000000002
2023-09-05,KZT,100,21.1705,0.211705
2023-09-05,TJS,10,88.1295,8.812949999999999
2023-09-05,UZS,10000,79.838,0.0079838
2023-09-06,AMD,100,25.2814,0.25281400000000004
2023-09-06,KGS,10,11.05,1.105
2023-09-06,KZT,100,21.2261,0.21226099999999998
2023-09-06,TJS,10,88.9721,8.89721
2023-09-06,UZS,10000,80.49,0.008048999999999999
2023-09-07,AMD,100,25.3593,0.253593
2023-09-07,KGS,10,11.0846,1.10846
2023-09-07,KZT,100,21.2718,0.212718
2023-09-07,TJS,10,89.2598,8.92598
2023-09-07,UZS,10000,80.6628,0.00806628
2023-09-08,AMD,100,25.4506,0.254506
2023-09-08,KGS,10,11.1104,1.11104
2023-09-08,KZT,100,21.2817,0.212817
2023-09-08,TJS,10,89.5909,8.95909
2023-09-08,UZS,10000,80.8724,0.00808724
2023-09-09,AMD,100,25.3801,0.253801
2023-09-09,KGS,10,11.0801,1.10801
2023-09-09,KZT,100,21.0825,0.21082499999999998
2023-09-09,TJS,10,89.3362,8.933620000000001
2023-09-09,UZS,10000,80.6812,0.00806812
2023-09-12,AMD,100,25.0132,0.250132
2023-09-12,KGS,10,10.9185,1.09185
2023-09-12,KZT,100,20.6971,0.206971
2023-09-12,TJS,10,88.0526,8.80526
2023-09-12,UZS,10000,79.4487,0.00794487
2023-09-13,AMD,100,24.5454,0.245454
2023-09-13,KGS,10,10.7143,1.0714299999999999
2023-09-13,KZT,100,20.4596,0.20459599999999997
2023-09-13,TJS,10,86.4059,8.64059
2023-09-13,UZS,10000,77.8586,0.0077858599999999995
2023-09-14,AMD,100,24.8503,0.248503
2023-09-14,KGS,10,10.8586,1.0858599999999998
2023-09-14,KZT,100,20.8424,0.20842400000000003
2023-09-14,TJS,10,87.5541,8.755410000000001
2023-09-14,UZS,10000,78.8008,0.00788008
2023-09-15,AMD,100,24.9096,0.249096
2023-09-15,KGS,10,10.8444,1.08444
2023-09-15,KZT,100,20.7252,0.20725200000000002
2023-09-15,TJS,10,87.7292,8.772920000000001
2023-09-15,UZS,10000,79.0664,0.00790664
2023-09-16,AMD,100,25.012,0.25012
2023-09-16,KGS,10,10.8932,1.08932
2023-09-16,KZT,100,20.7289,0.207289
2023-09-16,TJS,10,88.1655,8.81655
2023-09-16,UZS,10000,79.5077,0.00795077
2023-09-19,AMD,100,25.0505,0.250505
2023-09-19,KGS,10,10.8947,1.08947
2023-09-19,KZT,100,20.6825,0.206825
2023-09-19,TJS,10,88.1737,8.81737
2023-09-19,UZS,10000,79.3817,0.00793817
2023-09-20,AMD,100,24.9194,0.249194
2023-09-20,KGS,10,10.847,1.0847
2023-09-20,KZT,100,20.5032,0.205032
2023-09-20,TJS,10,87.7904,8.77904
2023-09-20,UZS,10000,79.1287,0.007912869999999999
2023-09-21,AMD,100,25.0077,0.250077
2023-09-21,KGS,10,10.8914,1.08914
2023-09-21,KZT,100,20.4936,0.204936
2023-09-21,TJS,10,88.1455,8.81455
2023-09-21,UZS,10000,79.4024,0.00794024
2023-09-22,AMD,100,24.8677,0.24867699999999998
2023-09-22,KGS,10,10.8304,1.08304
2023-09-22,KZT,100,20.3026,0.203026
2023-09-22,TJS,10,87.652,8.7652
2023-09-22,UZS,10000,78.8926,0.00788926
2023-09-23,AMD,100,24.8016,0.24801600000000001
2023-09-23,KGS,10,10.8265,1.08265
2023-09-23,KZT,100,20.1786,0.201786
2023-09-23,TJS,10,87.6255,8.762550000000001
2023-09-23,UZS,10000,78.7874,0.00787874
2023-09-26,AMD,100,24.8118,0.248118
2023-09-26,KGS,10,10.8382,1.08382
2023-09-26,KZT,100,20.2305,0.20230499999999998
2023-09-26,TJS,10,87.7177,8.77177
2023-09-26,UZS,10000,78.73,0.007873
2023-09-27,AMD,100,24.8221,0.248221
2023-09-27,KGS,10,10.8486,1.08486
2023-09-27,KZT,100,20.3042,0.20304200000000003
2023-09-27,TJS,10,87.8002,8.78002
2023-09-27,UZS,10000,78.8438,0.00788438
2023-09-28,AMD,100,24.8334,0.248334
2023-09-28,KGS,10,10.8781,1.08781
2023-09-28,KZT,100,20.2353,0.20235299999999998
2023-09-28,TJS,10,88.0482,8.80482
2023-09-28,UZS,10000,79.1301,0.00791301
2023-09-29,AMD,100,24.8163,0.248163
2023-09-29,KGS,10,10.9347,1.09347
2023-09-29,KZT,100,20.0928,0.200928
2023-09-29,TJS,10,88.5182,8.85182
2023-09-29,UZS,10000,79.6206,0.00796206
2023-09-30,AMD,100,24.7623,0.247623
2023-09-30,KGS,10,10.9813,1.0981299999999998
2023-09-30,KZT,100,20.398,0.20398
2023-09-30,TJS,10,88.9072,8.89072
2023-09-30,UZS,10000,80.0116,0.00800116
2023-10-03,AMD,100,24.4843,0.244843
2023-10-03,KGS,10,11.1012,1.11012
2023-10-03,KZT,100,20.7555,0.20755500000000002
2023-10-03,TJS,10,89.8674,8.986740000000001
2023-10-03,UZS,10000,80.8854,0.00808854
2023-10-04,AMD,100,24.0096,0.24009599999999998
2023-10-04,KGS,10,11.1901,1.1190099999999998
2023-10-04,KZT,100,20.7521,0.20752099999999998
2023-10-04,TJS,10,90.5645,9.05645
2023-10-04,UZS,10000,81.3662,0.00813662
2023-10-05,AMD,100,23.1755,0.231755
2023-10-05,KGS,10,11.2113,1.12113
2023-10-05,KZT,100,20.8393,0.20839300000000002
2023-10-05,TJS,10,90.7267,9.072669999999999
2023-10-05,UZS,10000,81.4141,0.00814141
2023-10-06,AMD,100,23.8164,0.23816400000000001
2023-10-06,KGS,10,11.2362,1.12362
2023-10-06,KZT,100,20.9145,0.209145
2023-10-06,TJS,10,90.9247,9.09247
2023-10-06,UZS,10000,81.6488,0.00816488
2023-10-07,AMD,100,24.5029,0.245029
2023-10-07,KGS,10,11.3013,1.1301299999999999
2023-10-07,KZT,100,21.0479,0.21047899999999997
2023-10-07,TJS,10,91.6446,9.16446
2023-10-07,UZS,10000,82.3824,0.00823824
2023-10-10,AMD,100,25.0829,0.25082899999999997
2023-10-10,KGS,10,11.399,1.1399
2023-10-10,KZT,100,21.1859,0.211859
2023-10-10,TJS,10,92.447,9.2447
2023-10-10,UZS,10000,83.1513,0.00831513
2023-10-11,AMD,100,25.1396,0.251396
2023-10-11,KGS,10,11.2387,1.12387
2023-10-11,KZT,100,20.9498,0.209498
2023-10-11,TJS,10,91.095,9.1095
2023-10-11,UZS,10000,82.048,0.0082048
2023-10-12,AMD,100,25.2975,0.252975
2023-10-12,KGS,10,11.2439,1.12439
2023-10-12,KZT,100,20.9511,0.209511
2023-10-12,TJS,10,91.2042,9.12042
2023-10-12,UZS,10000,81.95,0.008195000000000001
2023-10-13,AMD,100,24.3883,0.24388300000000002
2023-10-13,KGS,10,10.8775,1.08775
2023-10-13,KZT,100,20.3437,0.20343699999999998
2023-10-13,TJS,10,88.4957,8.84957
2023-10-13,UZS,10000,79.3992,0.00793992
2023-10-14,AMD,100,24.1932,0.241932
2023-10-14,KGS,10,10.9126,1.09126
2023-10-14,KZT,100,20.4522,0.204522
2023-10-14,TJS,10,88.781,8.8781
2023-10-14,UZS,10000,79.571,0.0079571
2023-10-17,AMD,100,24.2477,0.24247699999999997
2023-10-17,KGS,10,10.9088,1.0908799999999998
2023-10-17,KZT,100,20.3963,0.203963
2023-10-17,TJS,10,88.7602,8.87602
2023-10-17,UZS,10000,79.6265,0.00796265
2023-10-18,AMD,100,24.2377,0.242377
2023-10-18,KGS,10,10.8985,1.08985
2023-10-18,KZT,100,20.4233,0.204233
2023-10-18,TJS,10,88.7892,8.878919999999999
2023-10-18,UZS,10000,79.7848,0.00797848
2023-10-19,AMD,100,24.2419,0.24241900000000002
2023-10-19,KGS,10,10.9015,1.09015
2023-10-19,KZT,100,20.4084,0.20408400000000002
2023-10-19,TJS,10,88.8475,8.88475
2023-10-19,UZS,10000,79.8457,0.00798457
2023-10-20,AMD,100,24.2167,0.242167
2023-10-20,KGS,10,10.8942,1.08942
2023-10-20,KZT,100,20.3576,0.203576
2023-10-20,TJS,10,88.7898,8.87898
2023-10-20,UZS,10000,79.7149,0.00797149
2023-10-21,AMD,100,23.8891,0.238891
2023-10-21,KGS,10,10.7373,1.0737299999999999
2023-10-21,KZT,100,20.0053,0.20005299999999998
2023-10-21,TJS,10,87.5056,8.75056
2023-10-21,UZS,10000,78.4116,0.007841160000000002
2023-10-24,AMD,100,23.5469,0.235469
2023-10-24,KGS,10,10.6032,1.06032
2023-10-24,KZT,100,19.7696,0.197696
2023-10-24,TJS,10,86.3849,8.638490000000001
2023-10-24,UZS,10000,77.566,0.007756600000000001
2023-10-25,AMD,100,23.2435,0.232435
2023-10-25,KGS,10,10.4705,1.04705
2023-10-25,KZT,100,19.5339,0.19533899999999998
2023-10-25,TJS,10,85.3369,8.53369
2023-10-25,UZS,10000,76.5445,0.00765445
2023-10-26,AMD,100,23.1488,0.23148800000000003
2023-10-26,KGS,10,10.4289,1.04289
2023-10-26,KZT,100,19.5752,0.19575199999999998
2023-10-26,TJS,10,85.0171,8.50171
2023-10-26,UZS,10000,76.3535,0.00763535
2023-10-27,AMD,100,23.2463,0.232463
2023-10-27,KGS,10,10.4749,1.04749
2023-10-27,KZT,100,19.6616,0.196616
2023-10-27,TJS,10,85.3781,8.53781
2023-10-27,UZS,10000,76.7205,0.00767205
2023-10-28,AMD,100,23.1567,0.231567
2023-10-28,KGS,10,10.4363,1.0436299999999998
2023-10-28,KZT,100,19.572,0.19572
2023-10-28,TJS,10,85.064,8.5064
2023-10-28,UZS,10000,76.3446,0.00763446
2023-10-31,AMD,100,23.1799,0.231799
2023-10-31,KGS,10,10.4393,1.04393
2023-10-31,KZT,100,19.8264,0.198264
2023-10-31,TJS,10,85.1018,8.51018
2023-10-31,UZS,10000,76.2538,0.00762538
2023-11-01,AMD,100,22.8344,0.228344
2023-11-01,KGS,10,10.3027,1.03027
2023-11-01,KZT,100,19.5017,0.195017
2023-11-01,TJS,10,83.9898,8.39898
2023-11-01,UZS,10000,75.3097,0.0075309700000000005
2023-11-02,AMD,100,23.1815,0.231815
2023-11-02,KGS,10,10.4434,1.04434
2023-11-02,KZT,100,19.8608,0.198608
2023-11-02,TJS,10,85.1663,8.516630000000001
2023-11-02,UZS,10000,76.244,0.0076244
2023-11-03,AMD,100,23.1561,0.231561
2023-11-03,KGS,10,10.4314,1.04314
2023-11-03,KZT,100,19.8202,0.198202
2023-11-03,TJS,10,85.0514,8.50514
2023-11-03,UZS,10000,76.0658,0.00760658
2023-11-04,AMD,100,23.1304,0.231304
2023-11-04,KGS,10,10.4159,1.04159
2023-11-04,KZT,100,19.8738,0.198738
2023-11-04,TJS,10,84.9256,8.492560000000001
2023-11-04,UZS,10000,76.009,0.0076009
2023-11-08,AMD,100,22.9511,0.229511
2023-11-08,KGS,10,10.3465,1.03465
2023-11-08,KZT,100,19.9834,0.19983399999999998
2023-11-08,TJS,10,84.3719,8.43719
2023-11-08,UZS,10000,75.3179,0.007531789999999999
2023-11-09,AMD,100,22.9056,0.229056
2023-11-09,KGS,10,10.3221,1.03221
2023-11-09,KZT,100,19.8491,0.198491
2023-11-09,TJS,10,84.1731,8.41731
2023-11-09,UZS,10000,75.0787,0.00750787
2023-11-10,AMD,100,22.8287,0.22828700000000002
2023-11-10,KGS,10,10.2918,1.02918
2023-11-10,KZT,100,19.6934,0.196934
2023-11-10,TJS,10,83.9175,8.39175
2023-11-10,UZS,10000,74.7552,0.00747552
2023-11-11,AMD,100,22.8653,0.22865300000000002
2023-11-11,KGS,10,10.306,1.0306
2023-11-11,KZT,100,19.6675,0.19667500000000002
2023-11-11,TJS,10,84.0334,8.40334
2023-11-11,UZS,10000,74.9131,0.00749131
2023-11-14,AMD,100,22.8588,0.22858799999999999
2023-11-14,KGS,10,10.3133,1.03133
2023-11-14,KZT,100,19.6876,0.196876
2023-11-14,TJS,10,84.1096,8.41096
2023-11-14,UZS,10000,75.0755,0.007507550000000001
2023-11-15,AMD,100,22.6337,0.226337
2023-11-15,KGS,10,10.2169,1.02169
2023-11-15,KZT,100,19.5877,0.19587700000000002
2023-11-15,TJS,10,83.2979,8.32979
2023-11-15,UZS,10000,74.3066,0.00743066
2023-11-16,AMD,100,22.2021,0.22202100000000002
2023-11-16,KGS,10,10.0165,1.0016500000000002
2023-11-16,KZT,100,19.294,0.19294
2023-11-16,TJS,10,81.6686,8.16686
2023-11-16,UZS,10000,72.7882,0.00727882
2023-11-17,AMD,100,22.0865,0.220865
2023-11-17,KGS,100,99.6347,0.996347
2023-11-17,KZT,100,19.2721,0.19272099999999998
2023-11-17,TJS,10,81.1957,8.11957
2023-11-17,UZS,10000,72.4203,0.00724203
2023-11-18,AMD,100,22.1475,0.221475
2023-11-18,KGS,100,99.9976,0.9999760000000001
2023-11-18,KZT,100,19.3097,0.193097
2023-11-18,TJS,10,81.3729,8.13729
2023-11-18,UZS,10000,72.6349,0.00726349
2023-11-21,AMD,100,22.0028,0.220028
2023-11-21,KGS,100,99.3016,0.9930159999999999
2023-11-21,KZT,100,19.1222,0.191222
2023-11-21,TJS,10,80.803,8.0803
2023-11-21,UZS,10000,72.0647,0.00720647
2023-11-22,AMD,100,21.8278,0.218278
2023-11-22,KGS,100,98.7194,0.9871939999999999
2023-11-22,KZT,100,18.9965,0.18996500000000002
2023-11-22,TJS,10,80.2357,8.02357
2023-11-22,UZS,10000,71.5705,0.00715705
2023-11-23,AMD,100,21.9092,0.21909199999999998
2023-11-23,KGS,100,99.1378,0.991378
2023-11-23,KZT,100,19.2063,0.19206299999999998
2023-11-23,TJS,10,80.5099,8.05099
2023-11-23,UZS,10000,71.8535,0.00718535
2023-11-24,AMD,100,21.9069,0.219069
2023-11-24,KGS,100,99.2152,0.9921519999999999
2023-11-24,KZT,100,19.2896,0.192896
2023-11-24,TJS,10,80.4563,8.04563
2023-11-24,UZS,10000,71.7503,0.00717503
2023-11-25,AMD,100,22.083,0.22082999999999997
2023-11-25,KGS,10,10.021,1.0021
2023-11-25,KZT,100,19.2583,0.19258299999999998
2023-11-25,TJS,10,81.0769,8.10769
2023-11-25,UZS,10000,72.1767,0.00721767
2023-11-28,AMD,100,22.0488,0.220488
2023-11-28,KGS,100,99.8362,0.9983620000000001
2023-11-28,KZT,100,19.1549,0.19154900000000002
2023-11-28,TJS,10,80.9821,8.09821
2023-11-28,UZS,10000,72.14,0.007214
2023-11-29,AMD,100,22.0264,0.220264
2023-11-29,KGS,100,99.6525,0.996525
2023-11-29,KZT,100,19.2895,0.192895
2023-11-29,TJS,10,80.9041,8.09041
2023-11-29,UZS,10000,71.9821,0.00719821
2023-11-30,AMD,100,22.083,0.22082999999999997
2023-11-30,KGS,100,99.828,0.9982800000000001
2023-11-30,KZT,100,19.363,0.19363
2023-11-30,TJS,10,81.1608,8.11608
2023-11-30,UZS,10000,72.1755,0.00721755
2023-12-01,AMD,100,21.9997,0.219997
2023-12-01,KGS,100,99.3468,0.993468
2023-12-01,KZT,100,19.2964,0.192964
2023-12-01,TJS,10,80.8834,8.088339999999999
2023-12-01,UZS,10000,72.135,0.0072135
2023-12-02,AMD,100,22.2801,0.222801
2023-12-02,KGS,10,10.0646,1.0064600000000001
2023-12-02,KZT,100,19.597,0.19597
2023-12-02,TJS,10,81.9631,8.19631
2023-12-02,UZS,10000,73.096,0.0073096
2023-12-05,AMD,100,22.4967,0.224967
2023-12-05,KGS,10,10.1537,1.01537
2023-12-05,KZT,100,19.7051,0.197051
2023-12-05,TJS,10,82.7934,8.279340000000001
2023-12-05,UZS,10000,73.7172,0.007371720000000001
2023-12-06,AMD,100,22.728,0.22728
2023-12-06,KGS,10,10.2539,1.02539
2023-12-06,KZT,100,19.8518,0.198518
2023-12-06,TJS,10,83.5841,8.358410000000001
2023-12-06,UZS,10000,74.627,0.007462699999999999
2023-12-07,AMD,100,23.0173,0.230173
2023-12-07,KGS,10,10.3877,1.03877
2023-12-07,KZT,100,20.1242,0.20124199999999998
2023-12-07,TJS,10,84.6425,8.46425
2023-12-07,UZS,10000,75.4981,0.00754981
2023-12-08,AMD,100,22.9446,0.229446
2023-12-08,KGS,10,10.3633,1.03633
2023-12-08,KZT,100,20.1466,0.201466
2023-12-08,TJS,10,84.4444,8.44444
2023-12-08,UZS,10000,75.2248,0.00752248
2023-12-09,AMD,100,22.726,0.22726
2023-12-09,KGS,10,10.2598,1.0259800000000001
2023-12-09,KZT,100,19.9257,0.199257
2023-12-09,TJS,10,83.5859,8.35859
2023-12-09,UZS,10000,74.4729,0.00744729
2023-12-12,AMD,100,22.5466,0.22546600000000003
2023-12-12,KGS,10,10.1864,1.01864
2023-12-12,KZT,100,19.8826,0.198826
2023-12-12,TJS,10,83.0417,8.304170000000001
2023-12-12,UZS,10000,73.8992,0.0073899199999999995
2023-12-13,AMD,100,22.3533,0.223533
2023-12-13,KGS,10,10.1003,1.01003
2023-12-13,KZT,100,19.6767,0.196767
2023-12-13,TJS,10,82.2724,8.22724
2023-12-13,UZS,10000,73.1855,0.00731855
2023-12-14,AMD,100,22.244,0.22244
2023-12-14,KGS,10,10.0776,1.00776
2023-12-14,KZT,100,19.6908,0.196908
2023-12-14,TJS,10,81.9934,8.19934
2023-12-14,UZS,10000,72.7934,0.0072793400000000005
2023-12-15,AMD,100,22.1647,0.221647
2023-12-15,KGS,10,10.0668,1.00668
2023-12-15,KZT,100,19.6788,0.196788
2023-12-15,TJS,10,81.7941,8.17941
2023-12-15,UZS,10000,72.5108,0.00725108
2023-12-16,AMD,100,22.1309,0.221309
2023-12-16,KGS,10,10.0745,1.00745
2023-12-16,KZT,100,19.6863,0.19686299999999998
2023-12-16,TJS,10,81.8811,8.18811
2023-12-16,UZS,10000,72.5816,0.00725816
2023-12-19,AMD,100,22.2727,0.222727
2023-12-19,KGS,10,10.1534,1.01534
2023-12-19,KZT,100,19.7657,0.197657
2023-12-19,TJS,10,82.4875,8.24875
2023-12-19,UZS,10000,73.0489,0.0073048900000000005
2023-12-20,AMD,100,22.1993,0.221993
2023-12-20,KGS,10,10.1202,1.0120200000000001
2023-12-20,KZT,100,19.6937,0.196937
2023-12-20,TJS,10,82.2007,8.22007
2023-12-20,UZS,10000,72.7289,0.00727289
2023-12-21,AMD,100,22.2926,0.222926
2023-12-21,KGS,10,10.1733,1.0173299999999998
2023-12-21,KZT,100,19.7392,0.197392
2023-12-21,TJS,10,82.5253,8.25253
2023-12-21,UZS,10000,73.0745,0.00730745
2023-12-22,AMD,100,22.6089,0.22608899999999998
2023-12-22,KGS,10,10.3174,1.0317399999999999
2023-12-22,KZT,100,20.1031,0.20103100000000002
2023-12-22,TJS,10,83.7125,8.37125
2023-12-22,UZS,10000,74.0165,0.007401649999999999
2023-12-23,AMD,100,22.6663,0.226663
2023-12-23,KGS,10,10.3042,1.03042
2023-12-23,KZT,100,20.1184,0.201184
2023-12-23,TJS,10,83.9111,8.391110000000001
2023-12-23,UZS,10000,74.3251,0.007432510000000001
2023-12-26,AMD,100,22.6899,0.22689900000000002
2023-12-26,KGS,10,10.3146,1.03146
2023-12-26,KZT,100,20.0067,0.200067
2023-12-26,TJS,10,83.9217,8.39217
2023-12-26,UZS,10000,74.426,0.007442600000000001
2023-12-27,AMD,100,22.6325,0.226325
2023-12-27,KGS,10,10.3034,1.03034
2023-12-27,KZT,100,20.0395,0.200395
2023-12-27,TJS,10,83.6826,8.36826
2023-12-27,UZS,10000,74.2709,0.00742709
2023-12-28,AMD,100,22.6332,0.22633199999999998
2023-12-28,KGS,10,10.3006,1.03006
2023-12-28,KZT,100,20.1011,0.201011
2023-12-28,TJS,10,83.6664,8.36664
2023-12-28,UZS,10000,74.2261,0.0074226100000000005
2023-12-29,AMD,100,22.2891,0.222891
2023-12-29,KGS,10,10.1394,1.01394
2023-12-29,KZT,100,19.8253,0.19825299999999998
2023-12-29,TJS,10,82.4326,8.24326
2023-12-29,UZS,10000,73.1198,0.00731198
2023-12-30,AMD,100,22.1567,0.22156700000000001
2023-12-30,KGS,10,10.0677,1.00677
2023-12-30,KZT,100,19.7708,0.19770800000000002
2023-12-30,TJS,10,81.8712,8.18712
2023-12-30,UZS,10000,72.6882,0.00726882
2024-01-10,AMD,100,22.2884,0.222884
2024-01-10,KGS,10,10.1257,1.01257
2024-01-10,KZT,100,19.9391,0.19939099999999998
2024-01-10,TJS,10,82.4914,8.24914
2024-01-10,UZS,10000,72.9648,0.007296479999999999
2024-01-11,AMD,100,22.0464,0.220464
2024-01-11,KGS,10,10.0086,1.0008599999999999
2024-01-11,KZT,100,19.7255,0.197255
2024-01-11,TJS,10,81.6174,8.16174
2024-01-11,UZS,10000,72.1091,0.00721091
2024-01-12,AMD,100,21.9209,0.219209
2024-01-12,KGS,100,99.3974,0.993974
2024-01-12,KZT,100,19.5839,0.19583899999999999
2024-01-12,TJS,10,81.0497,8.10497
2024-01-12,UZS,10000,71.4943,0.007149429999999999
2024-01-13,AMD,100,21.7423,0.217423
2024-01-13,KGS,100,98.6704,0.986704
2024-01-13,KZT,100,19.4501,0.19450099999999998
2024-01-13,TJS,10,80.4759,8.04759
2024-01-13,UZS,10000,70.9829,0.00709829
2024-01-16,AMD,100,21.6225,0.216225
2024-01-16,KGS,100,98.1608,0.9816079999999999
2024-01-16,KZT,100,19.4264,0.19426400000000002
2024-01-16,TJS,10,80.0603,8.006029999999999
2024-01-16,UZS,10000,70.6967,0.007069670000000001
2024-01-17,AMD,100,21.6084,0.216084
2024-01-17,KGS,100,98.1295,0.9812949999999999
2024-01-17,KZT,100,19.4177,0.194177
2024-01-17,TJS,10,80.0352,8.00352
2024-01-17,UZS,10000,70.6307,0.00706307
2024-01-18,AMD,100,21.7894,0.217894
2024-01-18,KGS,100,98.9479,0.989479
2024-01-18,KZT,100,19.5798,0.195798
2024-01-18,TJS,10,80.6849,8.06849
2024-01-18,UZS,10000,71.1668,0.007116679999999999
2024-01-19,AMD,100,21.8781,0.218781
2024-01-19,KGS,100,99.2821,0.992821
2024-01-19,KZT,100,19.5741,0.19574100000000003
2024-01-19,TJS,10,80.9689,8.09689
2024-01-19,UZS,10000,71.3455,0.00713455
2024-01-20,AMD,100,21.8513,0.21851299999999999
2024-01-20,KGS,100,99.185,0.99185
2024-01-20,KZT,100,19.6081,0.196081
2024-01-20,TJS,10,80.8653,8.08653
2024-01-20,UZS,10000,71.3273,0.0071327299999999995
2024-01-23,AMD,100,21.7135,0.217135
2024-01-23,KGS,100,98.5052,0.985052
2024-01-23,KZT,100,19.5477,0.19547699999999998
2024-01-23,TJS,10,80.302,8.0302
2024-01-23,UZS,10000,70.9055,0.00709055
2024-01-24,AMD,100,21.7022,0.21702200000000002
2024-01-24,KGS,100,98.4649,0.984649
2024-01-24,KZT,100,19.5983,0.195983
2024-01-24,TJS,10,80.2716,8.02716
2024-01-24,UZS,10000,70.8003,0.007080029999999999
2024-01-25,AMD,100,21.8112,0.218112
2024-01-25,KGS,100,98.8444,0.9884439999999999
2024-01-25,KZT,100,19.793,0.19793
2024-01-25,TJS,10,80.5972,8.05972
2024-01-25,UZS,10000,70.9955,0.0070995500000000005
2024-01-26,AMD,100,21.9332,0.219332
2024-01-26,KGS,100,99.2568,0.992568
2024-01-26,KZT,100,19.9035,0.19903500000000002
2024-01-26,TJS,10,80.9557,8.095569999999999
2024-01-26,UZS,10000,71.3717,0.007137170000000001
2024-01-27,AMD,100,22.1788,0.22178799999999999
2024-01-27,KGS,10,10.0219,1.0021900000000001
2024-01-27,KZT,100,20.0695,0.200695
2024-01-27,TJS,10,81.7407,8.17407
2024-01-27,UZS,10000,72.1204,0.00721204
2024-01-30,AMD,100,22.1909,0.221909
2024-01-30,KGS,10,10.0324,1.0032400000000001
2024-01-30,KZT,100,19.9246,0.199246
2024-01-30,TJS,10,81.7862,8.178619999999999
2024-01-30,UZS,10000,72.2653,0.007226529999999999
2024-01-31,AMD,100,22.1034,0.221034
2024-01-31,KGS,100,99.965,0.99965
2024-01-31,KZT,100,19.8428,0.198428
2024-01-31,TJS,10,81.5117,8.15117
2024-01-31,UZS,10000,71.8679,0.00718679
2024-02-01,AMD,100,22.2115,0.222115
2024-02-01,KGS,10,10.0389,1.00389
2024-02-01,KZT,100,20.0075,0.200075
2024-02-01,TJS,10,81.8197,8.18197
2024-02-01,UZS,10000,72.1379,0.00721379
2024-02-02,AMD,100,22.3408,0.22340800000000002
2024-02-02,KGS,10,10.1019,1.0101900000000001
2024-02-02,KZT,100,20.1523,0.201523
2024-02-02,TJS,10,82.3408,8.23408
2024-02-02,UZS,10000,72.6475,0.0072647499999999995
2024-02-03,AMD,100,22.4412,0.22441199999999997
2024-02-03,KGS,10,10.1503,1.0150299999999999
2024-02-03,KZT,100,20.1634,0.20163399999999998
2024-02-03,TJS,10,82.7478,8.27478
2024-02-03,UZS,10000,72.9209,0.00729209
2024-02-06,AMD,100,22.5833,0.225833
2024-02-06,KGS,10,10.2028,1.02028
2024-02-06,KZT,100,20.2206,0.202206
2024-02-06,TJS,10,83.2596,8.32596
2024-02-06,UZS,10000,73.2996,0.00732996
2024-02-07,AMD,100,22.4333,0.224333
2024-02-07,KGS,10,10.1402,1.01402
2024-02-07,KZT,100,20.0115,0.20011500000000002
2024-02-07,TJS,10,82.7894,8.27894
2024-02-07,UZS,10000,72.7225,0.00727225
2024-02-08,AMD,100,22.5477,0.22547699999999998
2024-02-08,KGS,10,10.1925,1.01925
2024-02-08,KZT,100,20.0513,0.20051300000000002
2024-02-08,TJS,10,83.1962,8.31962
2024-02-08,UZS,10000,73.0146,0.00730146
2024-02-09,AMD,100,22.5619,0.22561900000000001
2024-02-09,KGS,10,10.2042,1.02042
2024-02-09,KZT,100,20.1832,0.20183199999999998
2024-02-09,TJS,10,83.2796,8.327960000000001
2024-02-09,UZS,10000,73.2509,0.00732509
2024-02-10,AMD,100,22.467,0.22466999999999998
2024-02-10,KGS,10,10.1633,1.01633
2024-02-10,KZT,100,20.1826,0.201826
2024-02-10,TJS,10,82.932,8.2932
2024-02-10,UZS,10000,72.9168,0.007291679999999999
2024-02-13,AMD,100,22.514,0.22514
2024-02-13,KGS,10,10.184,1.0184
2024-02-13,KZT,100,20.3703,0.203703
2024-02-13,TJS,10,83.1378,8.31378
2024-02-13,UZS,10000,73.0945,0.0073094499999999995
2024-02-14,AMD,100,22.5628,0.225628
2024-02-14,KGS,10,10.1986,1.01986
2024-02-14,KZT,100,20.4167,0.204167
2024-02-14,TJS,10,83.2351,8.32351
2024-02-14,UZS,10000,73.1421,0.00731421
2024-02-15,AMD,100,22.6557,0.226557
2024-02-15,KGS,10,10.2238,1.02238
2024-02-15,KZT,100,20.4093,0.20409300000000002
2024-02-15,TJS,10,83.4481,8.344809999999999
2024-02-15,UZS,10000,73.2623,0.0073262299999999995
2024-02-16,AMD,100,22.7146,0.22714600000000001
2024-02-16,KGS,10,10.2677,1.02677
2024-02-16,KZT,100,20.5344,0.20534400000000003
2024-02-16,TJS,10,83.8282,8.382819999999999
2024-02-16,UZS,10000,73.541,0.0073541
2024-02-17,AMD,100,22.8844,0.228844
2024-02-17,KGS,10,10.3488,1.03488
2024-02-17,KZT,100,20.6555,0.206555
2024-02-17,TJS,10,84.4905,8.44905
2024-02-17,UZS,10000,74.0571,0.00740571
2024-02-20,AMD,100,22.8529,0.228529
2024-02-20,KGS,10,10.3332,1.03332
2024-02-20,KZT,100,20.596,0.20596
2024-02-20,TJS,10,84.3513,8.43513
2024-02-20,UZS,10000,73.9878,0.007398779999999999
2024-02-21,AMD,100,22.8321,0.228321
2024-02-21,KGS,10,10.3264,1.03264
2024-02-21,KZT,100,20.5156,0.205156
2024-02-21,TJS,10,84.2931,8.42931
2024-02-21,UZS,10000,73.9968,0.00739968
2024-02-22,AMD,100,22.8616,0.22861599999999999
2024-02-22,KGS,10,10.3364,1.03364
2024-02-22,KZT,100,20.4086,0.204086
2024-02-22,TJS,10,84.3596,8.43596
2024-02-22,UZS,10000,74.0961,0.0074096100000000005
2024-02-23,AMD,100,22.938,0.22938
2024-02-23,KGS,10,10.3715,1.03715
2024-02-23,KZT,100,20.575,0.20575
2024-02-23,TJS,10,84.6323,8.46323
2024-02-23,UZS,10000,74.231,0.007423099999999999
2024-02-27,AMD,100,22.9049,0.229049
2024-02-27,KGS,10,10.3581,1.0358100000000001
2024-02-27,KZT,100,20.5904,0.20590399999999998
2024-02-27,TJS,10,84.5407,8.45407
2024-02-27,UZS,10000,74.165,0.0074165
2024-02-28,AMD,100,22.7597,0.227597
2024-02-28,KGS,10,10.2921,1.02921
2024-02-28,KZT,100,20.4557,0.204557
2024-02-28,TJS,10,83.9819,8.39819
2024-02-28,UZS,10000,73.7467,0.007374670000000001
2024-02-29,AMD,100,22.7219,0.227219
2024-02-29,KGS,10,10.2727,1.0272700000000001
2024-02-29,KZT,100,20.4659,0.204659
2024-02-29,TJS,10,83.8391,8.38391
2024-02-29,UZS,10000,73.4953,0.00734953
2024-03-01,AMD,100,22.4768,0.224768
2024-03-01,KGS,10,10.159,1.0159
2024-03-01,KZT,100,20.1286,0.201286
2024-03-01,TJS,10,82.9247,8.29247
2024-03-01,UZS,10000,72.7615,0.0072761499999999995
2024-03-02,AMD,100,22.6084,0.226084
2024-03-02,KGS,10,10.2163,1.02163
2024-03-02,KZT,100,20.2689,0.20268899999999998
2024-03-02,TJS,10,83.3541,8.33541
2024-03-02,UZS,10000,73.0856,0.0073085599999999995
2024-03-05,AMD,100,22.6044,0.226044
2024-03-05,KGS,10,10.2151,1.02151
2024-03-05,KZT,100,20.2544,0.202544
2024-03-05,TJS,10,83.3524,8.33524
2024-03-05,UZS,10000,72.9983,0.00729983
2024-03-06,AMD,100,22.5628,0.225628
2024-03-06,KGS,10,10.1935,1.01935
2024-03-06,KZT,100,20.1082,0.201082
2024-03-06,TJS,10,83.1786,8.31786
2024-03-06,UZS,10000,72.7827,0.007278270000000001
2024-03-07,AMD,100,22.365,0.22365
2024-03-07,KGS,10,10.1019,1.0101900000000001
2024-03-07,KZT,100,20.0522,0.20052199999999998
2024-03-07,TJS,10,82.4409,8.24409
2024-03-07,UZS,10000,72.1207,0.00721207
2024-03-08,AMD,100,22.4788,0.224788
2024-03-08,KGS,10,10.1475,1.01475
2024-03-08,KZT,100,20.2783,0.20278300000000002
2024-03-08,TJS,10,82.811,8.2811
2024-03-08,UZS,10000,72.5364,0.0072536400000000004
2024-03-12,AMD,100,22.4553,0.224553
2024-03-12,KGS,10,10.1336,1.01336
2024-03-12,KZT,100,20.2609,0.20260899999999998
2024-03-12,TJS,10,82.7235,8.27235
2024-03-12,UZS,10000,72.4821,0.007248210000000001
2024-03-13,AMD,100,22.5301,0.225301
2024-03-13,KGS,10,10.1623,1.01623
2024-03-13,KZT,100,20.245,0.20245000000000002
2024-03-13,TJS,10,82.9577,8.295770000000001
2024-03-13,UZS,10000,72.6298,0.0072629800000000005
2024-03-14,AMD,100,22.7215,0.227215
2024-03-14,KGS,10,10.23,1.0230000000000001
2024-03-14,KZT,100,20.375,0.20375
2024-03-14,TJS,10,83.5584,8.35584
2024-03-14,UZS,10000,73.0372,0.00730372
2024-03-15,AMD,100,22.7582,0.22758199999999998
2024-03-15,KGS,10,10.2375,1.0237500000000002
2024-03-15,KZT,100,20.3685,0.203685
2024-03-15,TJS,10,83.6415,8.364149999999999
2024-03-15,UZS,10000,73.0398,0.00730398
2024-03-16,AMD,100,22.8175,0.228175
2024-03-16,KGS,10,10.2637,1.02637
2024-03-16,KZT,100,20.4537,0.20453700000000002
2024-03-16,TJS,10,83.8819,8.38819
2024-03-16,UZS,10000,73.1041,0.00731041
2024-03-19,AMD,100,22.8836,0.228836
2024-03-19,KGS,10,10.2763,1.02763
2024-03-19,KZT,100,20.5054,0.20505400000000001
2024-03-19,TJS,10,83.9704,8.39704
2024-03-19,UZS,10000,73.1765,0.00731765
2024-03-20,AMD,100,22.9831,0.229831
2024-03-20,KGS,10,10.3032,1.0303200000000001
2024-03-20,KZT,100,20.5262,0.205262
2024-03-20,TJS,10,84.167,8.4167
2024-03-20,UZS,10000,73.4278,0.00734278
2024-03-21,AMD,100,23.1849,0.231849
2024-03-21,KGS,10,10.3548,1.03548
2024-03-21,KZT,100,20.5476,0.205476
2024-03-21,TJS,10,84.6132,8.46132
2024-03-21,UZS,10000,73.7837,0.0073783699999999995
2024-03-22,AMD,100,23.0752,0.23075199999999998
2024-03-22,KGS,10,10.2726,1.02726
2024-03-22,KZT,100,20.3758,0.20375800000000002
2024-03-22,TJS,10,83.915,8.3915
2024-03-22,UZS,10000,73.1976,0.00731976
2024-03-23,AMD,100,23.2833,0.232833
2024-03-23,KGS,10,10.3465,1.03465
2024-03-23,KZT,100,20.5225,0.20522500000000002
2024-03-23,TJS,10,84.5191,8.45191
2024-03-23,UZS,10000,73.7245,0.007372450000000001
2024-03-26,AMD,100,23.4254,0.234254
2024-03-26,KGS,10,10.3649,1.0364900000000001
2024-03-26,KZT,100,20.5589,0.20558900000000002
2024-03-26,TJS,10,84.6551,8.46551
2024-03-26,UZS,10000,73.7782,0.00737782
2024-03-27,AMD,100,23.3963,0.233963
2024-03-27,KGS,10,10.3424,1.03424
2024-03-27,KZT,100,20.5142,0.205142
2024-03-27,TJS,10,84.482,8.4482
2024-03-27,UZS,10000,73.4889,0.00734889
2024-03-28,AMD,100,23.4582,0.234582
2024-03-28,KGS,10,10.3443,1.03443
2024-03-28,KZT,100,20.5728,0.20572800000000002
2024-03-28,TJS,10,84.4979,8.44979
2024-03-28,UZS,10000,73.544,0.0073544
2024-03-29,AMD,100,23.3896,0.23389600000000002
2024-03-29,KGS,10,10.312,1.0312
2024-03-29,KZT,100,20.522,0.20521999999999999
2024-03-29,TJS,10,84.2229,8.42229
2024-03-29,UZS,10000,73.2236,0.007322360000000001
2024-03-30,AMD,100,23.4861,0.23486100000000001
2024-03-30,KGS,10,10.3236,1.0323600000000002
2024-03-30,KZT,100,20.6105,0.20610499999999998
2024-03-30,TJS,10,84.344,8.4344
2024-03-30,UZS,10000,73.1897,0.00731897
2024-04-02,AMD,100,23.5455,0.235455
2024-04-02,KGS,10,10.3226,1.03226
2024-04-02,KZT,100,20.657,0.20657
2024-04-02,TJS,10,84.2759,8.427589999999999
2024-04-02,UZS,10000,73.0844,0.00730844
2024-04-03,AMD,100,23.6644,0.236644
2024-04-03,KGS,10,10.3554,1.03554
2024-04-03,KZT,100,20.7196,0.207196
2024-04-03,TJS,10,84.4426,8.44426
2024-04-03,UZS,10000,73.1715,0.00731715
2024-04-04,AMD,100,23.7066,0.23706600000000003
2024-04-04,KGS,10,10.3401,1.0340099999999999
2024-04-04,KZT,100,20.6442,0.20644200000000001
2024-04-04,TJS,10,84.3252,8.43252
2024-04-04,UZS,10000,73.1302,0.00731302
2024-04-05,AMD,100,23.754,0.23754
2024-04-05,KGS,10,10.3308,1.03308
2024-04-05,KZT,100,20.6542,0.206542
2024-04-05,TJS,10,84.2675,8.42675
2024-04-05,UZS,10000,72.8653,0.00728653
2024-04-06,AMD,100,23.7896,0.237896
2024-04-06,KGS,10,10.3448,1.0344799999999998
2024-04-06,KZT,100,20.6982,0.206982
2024-04-06,TJS,10,84.3615,8.436150000000001
2024-04-06,UZS,10000,72.8825,0.00728825
2024-04-09,AMD,100,23.7973,0.237973
2024-04-09,KGS,10,10.3828,1.0382799999999999
2024-04-09,KZT,100,20.7218,0.207218
2024-04-09,TJS,10,84.5427,8.45427
2024-04-09,UZS,10000,72.9842,0.00729842
2024-04-10,AMD,100,23.8049,0.238049
2024-04-10,KGS,10,10.4069,1.0406900000000001
2024-04-10,KZT,100,20.7975,0.207975
2024-04-10,TJS,10,84.7478,8.474779999999999
2024-04-10,UZS,10000,73.1675,0.00731675
2024-04-11,AMD,100,23.8799,0.23879899999999998
2024-04-11,KGS,10,10.46,1.046
2024-04-11,KZT,100,20.8947,0.208947
2024-04-11,TJS,10,85.1805,8.518049999999999
2024-04-11,UZS,10000,73.5411,0.00735411
2024-04-12,AMD,100,23.941,0.23940999999999998
2024-04-12,KGS,10,10.5161,1.05161
2024-04-12,KZT,100,20.9593,0.209593
2024-04-12,TJS,10,85.6372,8.56372
2024-04-12,UZS,10000,73.9354,0.0073935400000000005
2024-04-13,AMD,100,23.7259,0.237259
2024-04-13,KGS,10,10.485,1.0485
2024-04-13,KZT,100,20.8385,0.208385
2024-04-13,TJS,10,85.4412,8.54412
2024-04-13,UZS,10000,73.7163,0.0073716300000000005
2024-04-16,AMD,100,23.6479,0.236479
2024-04-16,KGS,10,10.5015,1.05015
2024-04-16,KZT,100,20.8956,0.20895600000000003
2024-04-16,TJS,10,85.6659,8.56659
2024-04-16,UZS,10000,73.8842,0.007388420000000001
2024-04-17,AMD,100,23.8018,0.238018
2024-04-17,KGS,10,10.5575,1.05575
2024-04-17,KZT,100,20.9725,0.209725
2024-04-17,TJS,10,86.1257,8.61257
2024-04-17,UZS,10000,74.3401,0.0074340100000000004
2024-04-18,AMD,100,23.8735,0.238735
2024-04-18,KGS,10,10.5976,1.05976
2024-04-18,KZT,100,21.0165,0.21016500000000002
2024-04-18,TJS,10,86.3458,8.63458
2024-04-18,UZS,10000,74.4361,0.00744361
2024-04-19,AMD,100,23.877,0.23876999999999998
2024-04-19,KGS,10,10.5714,1.05714
2024-04-19,KZT,100,20.9611,0.209611
2024-04-19,TJS,10,86.1358,8.61358
2024-04-19,UZS,10000,74.1178,0.007411780000000001
2024-04-20,AMD,100,23.8005,0.238005
2024-04-20,KGS,10,10.497,1.0497
2024-04-20,KZT,100,20.8853,0.208853
2024-04-20,TJS,10,85.531,8.5531
2024-04-20,UZS,10000,73.5929,0.00735929
2024-04-23,AMD,100,23.8228,0.238228
2024-04-23,KGS,10,10.4888,1.04888
2024-04-23,KZT,100,20.8856,0.208856
2024-04-23,TJS,10,85.358,8.5358
2024-04-23,UZS,10000,73.4846,0.00734846
2024-04-24,AMD,100,23.9185,0.239185
2024-04-24,KGS,10,10.4999,1.04999
2024-04-24,KZT,100,20.9334,0.209334
2024-04-24,TJS,10,85.3406,8.53406
2024-04-24,UZS,10000,73.3945,0.007339449999999999
2024-04-25,AMD,100,23.717,0.23717
2024-04-25,KGS,10,10.4113,1.04113
2024-04-25,KZT,100,20.8196,0.20819600000000002
2024-04-25,TJS,10,84.6216,8.46216
2024-04-25,UZS,10000,72.8105,0.007281050000000001
2024-04-26,AMD,100,23.7085,0.23708500000000002
2024-04-26,KGS,10,10.3704,1.03704
2024-04-26,KZT,100,20.7573,0.207573
2024-04-26,TJS,10,84.2444,8.42444
2024-04-26,UZS,10000,72.6017,0.00726017
2024-04-27,AMD,100,23.7099,0.237099
2024-04-27,KGS,10,10.3611,1.03611
2024-04-27,KZT,100,20.7135,0.20713499999999999
2024-04-27,TJS,10,84.1365,8.41365
2024-04-27,UZS,10000,72.7942,0.00727942
2024-04-28,AMD,100,23.6495,0.236495
2024-04-28,KGS,10,10.3347,1.0334699999999999
2024-04-28,KZT,100,20.7013,0.207013
2024-04-28,TJS,10,83.9753,8.39753
2024-04-28,UZS,10000,72.6088,0.00726088
2024-05-03,AMD,100,23.7479,0.23747900000000002
2024-05-03,KGS,10,10.3802,1.03802
2024-05-03,KZT,100,20.8243,0.208243
2024-05-03,TJS,10,84.3092,8.43092
2024-05-03,UZS,10000,72.8722,0.0072872200000000005
2024-05-04,AMD,100,23.6734,0.236734
2024-05-04,KGS,10,10.3394,1.0339399999999999
2024-05-04,KZT,100,20.6807,0.20680700000000002
2024-05-04,TJS,10,83.9776,8.39776
2024-05-04,UZS,10000,72.3689,0.007236889999999999
2024-05-07,AMD,100,23.539,0.23539000000000002
2024-05-07,KGS,10,10.2975,1.02975
2024-05-07,KZT,100,20.6748,0.20674800000000002
2024-05-07,TJS,10,83.6968,8.369679999999999
2024-05-07,UZS,10000,72.0413,0.00720413
2024-05-08,AMD,100,23.5017,0.235017
2024-05-08,KGS,10,10.2888,1.02888
2024-05-08,KZT,100,20.7367,0.207367
2024-05-08,TJS,10,83.4453,8.34453
2024-05-08,UZS,10000,72.0448,0.007204479999999999
2024-05-09,AMD,100,23.6653,0.23665299999999997
2024-05-09,KGS,10,10.3888,1.03888
2024-05-09,KZT,100,20.8961,0.208961
2024-05-09,TJS,10,84.1487,8.41487
2024-05-09,UZS,10000,72.3935,0.00723935
2024-05-14,AMD,100,23.6387,0.236387
2024-05-14,KGS,10,10.3729,1.03729
2024-05-14,KZT,100,20.8541,0.20854099999999998
2024-05-14,TJS,10,84.0138,8.40138
2024-05-14,UZS,10000,72.0494,0.007204940000000001
2024-05-15,AMD,100,23.565,0.23565000000000003
2024-05-15,KGS,10,10.3424,1.03424
2024-05-15,KZT,100,20.7201,0.207201
2024-05-15,TJS,10,83.8257,8.38257
2024-05-15,UZS,10000,71.9371,0.00719371
2024-05-16,AMD,100,23.5491,0.235491
2024-05-16,KGS,10,10.3319,1.0331899999999998
2024-05-16,KZT,100,20.698,0.20698
2024-05-16,TJS,10,83.7361,8.37361
2024-05-16,UZS,10000,71.7942,0.007179420000000001
2024-05-17,AMD,100,23.4286,0.234286
2024-05-17,KGS,10,10.3016,1.03016
2024-05-17,KZT,100,20.5985,0.205985
2024-05-17,TJS,10,83.4241,8.34241
2024-05-17,UZS,10000,71.4363,0.007143630000000001
2024-05-18,AMD,100,23.4745,0.23474499999999998
2024-05-18,KGS,10,10.3149,1.03149
2024-05-18,KZT,100,20.6049,0.206049
2024-05-18,TJS,10,83.6388,8.36388
2024-05-18,UZS,10000,71.5309,0.00715309
2024-05-21,AMD,100,23.3662,0.23366199999999998
2024-05-21,KGS,10,10.2787,1.02787
2024-05-21,KZT,100,20.4433,0.204433
2024-05-21,TJS,10,83.4318,8.34318
2024-05-21,UZS,10000,71.4097,0.00714097
2024-05-22,AMD,100,23.2867,0.232867
2024-05-22,KGS,10,10.2562,1.02562
2024-05-22,KZT,100,20.3751,0.203751
2024-05-22,TJS,10,83.3155,8.33155
2024-05-22,UZS,10000,71.2566,0.007125660000000001
2024-05-23,AMD,100,23.2224,0.232224
2024-05-23,KGS,10,10.2463,1.02463
2024-05-23,KZT,100,20.4139,0.20413900000000001
2024-05-23,TJS,10,83.1807,8.31807
2024-05-23,UZS,10000,70.9652,0.007096519999999999
2024-05-24,AMD,100,23.2852,0.232852
2024-05-24,KGS,10,10.2561,1.02561
2024-05-24,KZT,100,20.4279,0.20427900000000002
2024-05-24,TJS,10,83.3967,8.33967
2024-05-24,UZS,10000,70.9238,0.00709238
2024-05-25,AMD,100,23.1329,0.231329
2024-05-25,KGS,10,10.1986,1.01986
2024-05-25,KZT,100,20.2475,0.202475
2024-05-25,TJS,10,82.9535,8.295350000000001
2024-05-25,UZS,10000,70.5604,0.00705604
2024-05-28,AMD,100,22.8552,0.228552
2024-05-28,KGS,10,10.0877,1.00877
2024-05-28,KZT,100,20.012,0.20012
2024-05-28,TJS,10,82.0127,8.20127
2024-05-28,UZS,10000,69.8051,0.00698051
2024-05-29,AMD,100,22.7914,0.227914
2024-05-29,KGS,10,10.0611,1.00611
2024-05-29,KZT,100,19.9705,0.19970500000000002
2024-05-29,TJS,10,81.8934,8.18934
2024-05-29,UZS,10000,69.7457,0.00697457
2024-05-30,AMD,100,23.0346,0.23034600000000002
2024-05-30,KGS,10,10.1778,1.01778
2024-05-30,KZT,100,20.2131,0.202131
2024-05-30,TJS,10,82.7544,8.27544
2024-05-30,UZS,10000,70.5599,0.00705599
2024-05-31,AMD,100,23.1219,0.231219
2024-05-31,KGS,10,10.238,1.0238
2024-05-31,KZT,100,20.2748,0.20274799999999998
2024-05-31,TJS,10,83.3459,8.33459
2024-05-31,UZS,10000,71.0291,0.00710291
2024-06-01,AMD,100,23.2824,0.232824
2024-06-01,KGS,10,10.2841,1.02841
2024-06-01,KZT,100,20.2773,0.202773
2024-06-01,TJS,10,83.8102,8.38102
2024-06-01,UZS,10000,71.4681,0.007146810000000001
2024-06-04,AMD,100,23.0635,0.230635
2024-06-04,KGS,10,10.191,1.0191000000000001
2024-06-04,KZT,100,19.9833,0.199833
2024-06-04,TJS,10,83.0357,8.30357
2024-06-04,UZS,10000,70.9338,0.007093380000000001
2024-06-05,AMD,100,22.9146,0.229146
2024-06-05,KGS,10,10.1381,1.0138099999999999
2024-06-05,KZT,100,19.8527,0.19852699999999998
2024-06-05,TJS,10,82.4576,8.24576
2024-06-05,UZS,10000,70.3589,0.00703589
2024-06-06,AMD,100,22.862,0.22862
2024-06-06,KGS,10,10.1633,1.01633
2024-06-06,KZT,100,19.8084,0.19808399999999998
2024-06-06,TJS,10,82.4732,8.24732
2024-06-06,UZS,10000,70.0698,0.00700698
2024-06-07,AMD,100,22.897,0.22896999999999998
2024-06-07,KGS,10,10.1671,1.01671
2024-06-07,KZT,100,19.7843,0.19784300000000002
2024-06-07,TJS,10,82.6424,8.26424
2024-06-07,UZS,10000,70.0222,0.00700222
2024-06-08,AMD,100,22.8936,0.228936
2024-06-08,KGS,10,10.1672,1.0167199999999998
2024-06-08,KZT,100,19.8618,0.198618
2024-06-08,TJS,10,82.6687,8.26687
2024-06-08,UZS,10000,70.1112,0.00701112
2024-06-11,AMD,100,22.9639,0.22963899999999998
2024-06-11,KGS,10,10.228,1.0228
2024-06-11,KZT,100,19.8928,0.19892800000000002
2024-06-11,TJS,10,82.8865,8.28865
2024-06-11,UZS,10000,70.3687,0.007036870000000001
2024-06-12,AMD,100,22.9685,0.229685
2024-06-12,KGS,10,10.2335,1.02335
2024-06-12,KZT,100,19.8655,0.198655
2024-06-12,TJS,10,82.9518,8.29518
2024-06-12,UZS,10000,70.4566,0.00704566
2024-06-14,AMD,100,22.7317,0.227317
2024-06-14,KGS,10,10.1251,1.01251
2024-06-14,KZT,100,19.525,0.19524999999999998
2024-06-14,TJS,10,82.2169,8.221689999999999
2024-06-14,UZS,10000,69.8898,0.00698898
2024-06-15,AMD,100,22.9261,0.22926100000000002
2024-06-15,KGS,10,10.1373,1.01373
2024-06-15,KZT,100,19.7319,0.197319
2024-06-15,TJS,10,82.7988,8.27988
2024-06-15,UZS,10000,70.6042,0.00706042
2024-06-18,AMD,100,22.905,0.22905
2024-06-18,KGS,10,10.1354,1.01354
2024-06-18,KZT,100,19.7542,0.197542
2024-06-18,TJS,10,82.8086,8.28086
2024-06-18,UZS,10000,70.5916,0.00705916
2024-06-19,AMD,100,22.3897,0.223897
2024-06-19,KGS,100,99.3537,0.993537
2024-06-19,KZT,100,19.2165,0.192165
2024-06-19,TJS,10,80.9353,8.09353
2024-06-19,UZS,10000,68.9947,0.0068994699999999996
2024-06-20,AMD,100,21.2641,0.212641
2024-06-20,KGS,100,94.6486,0.946486
2024-06-20,KZT,100,18.0419,0.180419
2024-06-20,TJS,10,77.0613,7.70613
2024-06-20,UZS,10000,65.4376,0.00654376
2024-06-21,AMD,100,22.0058,0.220058
2024-06-21,KGS,100,98.2976,0.9829760000000001
2024-06-21,KZT,100,18.5791,0.185791
2024-06-21,TJS,10,80.1832,8.01832
2024-06-21,UZS,10000,67.5563,0.0067556299999999994
2024-06-22,AMD,100,22.6396,0.22639600000000001
2024-06-22,KGS,10,10.1384,1.01384
2024-06-22,KZT,100,19.1383,0.191383
2024-06-22,TJS,10,82.6858,8.26858
2024-06-22,UZS,10000,69.5893,0.0069589299999999995
2024-06-25,AMD,100,22.5159,0.225159
2024-06-25,KGS,10,10.0784,1.00784
2024-06-25,KZT,100,18.8012,0.188012
2024-06-25,TJS,10,82.0103,8.20103
2024-06-25,UZS,10000,69.2053,0.006920529999999999
2024-06-26,AMD,100,22.4825,0.22482500000000002
2024-06-26,KGS,10,10.0797,1.00797
2024-06-26,KZT,100,18.758,0.18758
2024-06-26,TJS,10,81.8296,8.18296
2024-06-26,UZS,10000,69.2679,0.0069267899999999995
2024-06-27,AMD,100,22.6113,0.226113
2024-06-27,KGS,10,10.1544,1.0154400000000001
2024-06-27,KZT,100,18.7906,0.18790600000000002
2024-06-27,TJS,10,82.326,8.2326
2024-06-27,UZS,10000,69.7629,0.0069762900000000004
2024-06-28,AMD,100,21.8912,0.21891200000000002
2024-06-28,KGS,100,98.2811,0.982811
2024-06-28,KZT,100,18.3203,0.183203
2024-06-28,TJS,10,79.567,7.9567
2024-06-28,UZS,10000,67.5375,0.006753749999999999
2024-06-29,AMD,100,22.0909,0.22090900000000002
2024-06-29,KGS,100,99.1932,0.991932
2024-06-29,KZT,100,18.4198,0.18419799999999997
2024-06-29,TJS,10,80.4104,8.041039999999999
2024-06-29,UZS,10000,68.297,0.006829699999999999
2024-07-02,AMD,100,22.4958,0.224958
2024-07-02,KGS,10,10.1097,1.01097
2024-07-02,KZT,100,18.5164,0.185164
2024-07-02,TJS,10,81.8631,8.18631
2024-07-02,UZS,10000,69.517,0.0069517
2024-07-03,AMD,100,22.669,0.22669
2024-07-03,KGS,10,10.2163,1.02163
2024-07-03,KZT,100,18.5176,0.185176
2024-07-03,TJS,10,82.48,8.248000000000001
2024-07-03,UZS,10000,69.9182,0.00699182
2024-07-04,AMD,100,22.6537,0.22653700000000002
2024-07-04,KGS,10,10.2196,1.02196
2024-07-04,KZT,100,18.6403,0.18640299999999999
2024-07-04,TJS,10,82.4411,8.244110000000001
2024-07-04,UZS,10000,69.9581,0.00699581
2024-07-05,AMD,100,22.7132,0.227132
2024-07-05,KGS,10,10.2439,1.02439
2024-07-05,KZT,100,18.6471,0.18647099999999997
2024-07-05,TJS,10,82.6801,8.26801
2024-07-05,UZS,10000,70.0255,0.00700255
2024-07-06,AMD,100,22.7169,0.22716899999999998
2024-07-06,KGS,10,10.2602,1.02602
2024-07-06,KZT,100,18.5395,0.185395
2024-07-06,TJS,10,82.6936,8.26936
2024-07-06,UZS,10000,69.948,0.006994799999999999
2024-07-09,AMD,100,22.7309,0.22730899999999998
2024-07-09,KGS,10,10.2801,1.0280099999999999
2024-07-09,KZT,100,18.5124,0.18512399999999998
2024-07-09,TJS,10,82.579,8.2579
2024-07-09,UZS,10000,69.9546,0.00699546
2024-07-10,AMD,100,22.6806,0.22680599999999998
2024-07-10,KGS,10,10.2757,1.02757
2024-07-10,KZT,100,18.4776,0.184776
2024-07-10,TJS,10,82.5646,8.25646
2024-07-10,UZS,10000,69.7427,0.00697427
2024-07-11,AMD,100,22.6495,0.226495
2024-07-11,KGS,10,10.2768,1.02768
2024-07-11,KZT,100,18.2738,0.182738
2024-07-11,TJS,10,82.4257,8.24257
2024-07-11,UZS,10000,69.5605,0.00695605
2024-07-12,AMD,100,22.651,0.22651
2024-07-12,KGS,10,10.3139,1.03139
2024-07-12,KZT,100,18.3891,0.183891
2024-07-12,TJS,10,82.497,8.2497
2024-07-12,UZS,10000,69.65,0.006965000000000001
2024-07-13,AMD,100,22.6141,0.226141
2024-07-13,KGS,10,10.2864,1.02864
2024-07-13,KZT,100,18.501,0.18501
2024-07-13,TJS,10,82.3141,8.23141
2024-07-13,UZS,10000,69.3343,0.00693343
2024-07-16,AMD,100,22.6419,0.226419
2024-07-16,KGS,10,10.294,1.0294
2024-07-16,KZT,100,18.4847,0.184847
2024-07-16,TJS,10,82.3751,8.23751
2024-07-16,UZS,10000,69.4941,0.0069494100000000005
2024-07-17,AMD,100,22.755,0.22755
2024-07-17,KGS,10,10.3578,1.03578
2024-07-17,KZT,100,18.6845,0.186845
2024-07-17,TJS,10,82.7125,8.27125
2024-07-17,UZS,10000,70.023,0.0070022999999999995
2024-07-18,AMD,100,22.6894,0.22689399999999998
2024-07-18,KGS,10,10.3683,1.03683
2024-07-18,KZT,100,18.5595,0.185595
2024-07-18,TJS,10,82.6194,8.26194
2024-07-18,UZS,10000,69.9881,0.00699881
2024-07-19,AMD,100,22.6489,0.22648900000000002
2024-07-19,KGS,10,10.3624,1.0362399999999998
2024-07-19,KZT,100,18.5067,0.18506699999999998
2024-07-19,TJS,10,82.4455,8.24455
2024-07-19,UZS,10000,69.8092,0.006980920000000001
2024-07-20,AMD,100,22.6641,0.226641
2024-07-20,KGS,10,10.3991,1.0399100000000001
2024-07-20,KZT,100,18.4518,0.184518
2024-07-20,TJS,10,82.5818,8.25818
2024-07-20,UZS,10000,69.8516,0.006985160000000001
2024-07-23,AMD,100,22.6384,0.226384
2024-07-23,KGS,10,10.3759,1.03759
2024-07-23,KZT,100,18.3419,0.183419
2024-07-23,TJS,10,82.3364,8.23364
2024-07-23,UZS,10000,69.6116,0.006961159999999999
2024-07-24,AMD,100,22.505,0.22505
2024-07-24,KGS,10,10.3476,1.03476
2024-07-24,KZT,100,18.4506,0.184506
2024-07-24,TJS,10,81.864,8.1864
2024-07-24,UZS,10000,69.3232,0.00693232
2024-07-25,AMD,100,22.2844,0.22284400000000001
2024-07-25,KGS,10,10.2758,1.02758
2024-07-25,KZT,100,18.3129,0.183129
2024-07-25,TJS,10,81.203,8.1203
2024-07-25,UZS,10000,68.7764,0.006877639999999999
2024-07-26,AMD,100,22.0191,0.22019100000000003
2024-07-26,KGS,10,10.1437,1.01437
2024-07-26,KZT,100,18.0156,0.18015599999999998
2024-07-26,TJS,10,80.1332,8.01332
2024-07-26,UZS,10000,67.6513,0.00676513
2024-07-27,AMD,100,22.0301,0.220301
2024-07-27,KGS,10,10.1814,1.01814
2024-07-27,KZT,100,18.0243,0.18024300000000001
2024-07-27,TJS,10,80.5393,8.05393
2024-07-27,UZS,10000,67.726,0.0067726
2024-07-30,AMD,100,22.3282,0.22328199999999998
2024-07-30,KGS,10,10.3005,1.03005
2024-07-30,KZT,100,18.2287,0.182287
2024-07-30,TJS,10,81.3162,8.13162
2024-07-30,UZS,10000,68.6957,0.00686957
2024-07-31,AMD,100,22.2282,0.222282
2024-07-31,KGS,10,10.2737,1.02737
2024-07-31,KZT,100,18.2404,0.182404
2024-07-31,TJS,10,81.2602,8.12602
2024-07-31,UZS,10000,68.6555,0.006865550000000001
2024-08-01,AMD,100,22.1873,0.22187300000000001
2024-08-01,KGS,10,10.2474,1.02474
2024-08-01,KZT,100,18.1141,0.181141
2024-08-01,TJS,10,81.1722,8.11722
2024-08-01,UZS,10000,68.6618,0.00686618
2024-08-02,AMD,100,22.1188,0.221188
2024-08-02,KGS,10,10.2087,1.02087
2024-08-02,KZT,100,18.0997,0.180997
2024-08-02,TJS,10,80.8651,8.08651
2024-08-02,UZS,10000,68.3853,0.00683853
2024-08-03,AMD,100,22.0968,0.22096800000000003
2024-08-03,KGS,10,10.199,1.0199
2024-08-03,KZT,100,18.0536,0.180536
2024-08-03,TJS,10,80.8025,8.08025
2024-08-03,UZS,10000,68.1537,0.00681537
2024-08-06,AMD,100,21.906,0.21905999999999998
2024-08-06,KGS,10,10.0526,1.00526
2024-08-06,KZT,100,17.8998,0.178998
2024-08-06,TJS,10,80.1206,8.01206
2024-08-06,UZS,10000,67.5155,0.00675155
2024-08-07,AMD,100,21.9378,0.219378
2024-08-07,KGS,10,10.0685,1.00685
2024-08-07,KZT,100,17.8486,0.178486
2024-08-07,TJS,10,80.344,8.0344
2024-08-07,UZS,10000,67.6186,0.00676186
2024-08-08,AMD,100,22.1686,0.22168600000000002
2024-08-08,KGS,10,10.1436,1.01436
2024-08-08,KZT,100,17.9296,0.179296
2024-08-08,TJS,10,81.1471,8.114709999999999
2024-08-08,UZS,10000,68.1313,0.00681313
2024-08-09,AMD,100,22.2817,0.22281700000000002
2024-08-09,KGS,10,10.1654,1.01654
2024-08-09,KZT,100,18.1998,0.181998
2024-08-09,TJS,10,81.7588,8.17588
2024-08-09,UZS,10000,68.4826,0.00684826
2024-08-10,AMD,100,22.6655,0.22665500000000002
2024-08-10,KGS,10,10.3035,1.0303499999999999
2024-08-10,KZT,100,18.4415,0.18441500000000002
2024-08-10,TJS,10,83.1046,8.31046
2024-08-10,UZS,10000,69.548,0.0069548000000000006
2024-08-13,AMD,100,23.1668,0.23166799999999999
2024-08-13,KGS,10,10.5325,1.05325
2024-08-13,KZT,100,18.8553,0.188553
2024-08-13,TJS,10,84.9218,8.492180000000001
2024-08-13,UZS,10000,71.1441,0.00711441
2024-08-14,AMD,100,23.8431,0.238431
2024-08-14,KGS,10,10.8155,1.08155
2024-08-14,KZT,100,19.3431,0.193431
2024-08-14,TJS,10,87.4589,8.74589
2024-08-14,UZS,10000,73.3588,0.00733588
2024-08-15,AMD,100,23.1722,0.231722
2024-08-15,KGS,10,10.5024,1.05024
2024-08-15,KZT,100,18.773,0.18773
2024-08-15,TJS,10,84.5996,8.459959999999999
2024-08-15,UZS,10000,71.32,0.0071319999999999995
2024-08-16,AMD,100,22.8702,0.22870200000000002
2024-08-16,KGS,10,10.3613,1.03613
2024-08-16,KZT,100,18.5057,0.185057
2024-08-16,TJS,10,83.328,8.3328
2024-08-16,UZS,10000,70.3459,0.00703459
2024-08-17,AMD,100,22.9069,0.229069
2024-08-17,KGS,10,10.3741,1.03741
2024-08-17,KZT,100,18.5775,0.185775
2024-08-17,TJS,10,83.4017,8.34017
2024-08-17,UZS,10000,70.2813,0.0070281300000000005
2024-08-20,AMD,100,23.0685,0.230685
2024-08-20,KGS,10,10.4484,1.04484
2024-08-20,KZT,100,18.6972,0.186972
2024-08-20,TJS,10,83.9989,8.399890000000001
2024-08-20,UZS,10000,70.7401,0.0070740099999999995
2024-08-21,AMD,100,23.3688,0.233688
2024-08-21,KGS,10,10.5862,1.05862
2024-08-21,KZT,100,18.9444,0.18944400000000003
2024-08-21,TJS,10,85.0106,8.501059999999999
2024-08-21,UZS,10000,71.7466,0.00717466
2024-08-22,AMD,100,23.6086,0.236086
2024-08-22,KGS,10,10.7099,1.0709899999999999
2024-08-22,KZT,100,19.2291,0.192291
2024-08-22,TJS,10,85.9402,8.59402
2024-08-22,UZS,10000,72.6215,0.007262149999999999
2024-08-23,AMD,100,23.5279,0.235279
2024-08-23,KGS,10,10.6774,1.0677400000000001
2024-08-23,KZT,100,19.1903,0.19190300000000002
2024-08-23,TJS,10,85.5775,8.55775
2024-08-23,UZS,10000,72.193,0.0072193
2024-08-24,AMD,100,23.6061,0.23606100000000002
2024-08-24,KGS,10,10.7337,1.0733700000000002
2024-08-24,KZT,100,19.1202,0.191202
2024-08-24,TJS,10,85.834,8.583400000000001
2024-08-24,UZS,10000,72.2576,0.0072257599999999995
2024-08-27,AMD,100,23.6465,0.236465
2024-08-27,KGS,10,10.7704,1.07704
2024-08-27,KZT,100,19.0096,0.190096
2024-08-27,TJS,10,86.0117,8.60117
2024-08-27,UZS,10000,72.3313,0.00723313
2024-08-28,AMD,100,23.5884,0.235884
2024-08-28,KGS,10,10.7452,1.0745200000000001
2024-08-28,KZT,100,18.9146,0.189146
2024-08-28,TJS,10,85.7364,8.573640000000001
2024-08-28,UZS,10000,72.2046,0.00722046
2024-08-29,AMD,100,23.5737,0.23573699999999997
2024-08-29,KGS,10,10.7456,1.07456
2024-08-29,KZT,100,19.0276,0.190276
2024-08-29,TJS,10,85.7494,8.57494
2024-08-29,UZS,10000,72.2759,0.007227589999999999
2024-08-30,AMD,100,23.5799,0.23579899999999998
2024-08-30,KGS,10,10.7522,1.07522
2024-08-30,KZT,100,19.0048,0.190048
2024-08-30,TJS,10,85.6655,8.56655
2024-08-30,UZS,10000,72.1597,0.00721597
2024-08-31,AMD,100,23.5303,0.235303
2024-08-31,KGS,10,10.7386,1.07386
2024-08-31,KZT,100,18.933,0.18933
2024-08-31,TJS,10,85.5307,8.55307
2024-08-31,UZS,10000,72.2271,0.007222709999999999
2024-09-03,AMD,100,23.2178,0.232178
2024-09-03,KGS,10,10.6221,1.0622099999999999
2024-09-03,KZT,100,18.6868,0.186868
2024-09-03,TJS,10,84.3017,8.43017
2024-09-03,UZS,10000,71.2881,0.00712881
2024-09-04,AMD,100,22.8746,0.228746
2024-09-04,KGS,10,10.4733,1.04733
2024-09-04,KZT,100,18.364,0.18364
2024-09-04,TJS,10,82.9807,8.29807
2024-09-04,UZS,10000,70.1875,0.00701875
2024-09-05,AMD,100,22.9417,0.229417
2024-09-05,KGS,10,10.5404,1.05404
2024-09-05,KZT,100,18.4217,0.18421700000000002
2024-09-05,TJS,10,83.4088,8.34088
2024-09-05,UZS,10000,70.3548,0.007035479999999999
2024-09-06,AMD,100,23.1615,0.23161500000000002
2024-09-06,KGS,10,10.6499,1.06499
2024-09-06,KZT,100,18.5504,0.185504
2024-09-06,TJS,10,84.1363,8.413630000000001
2024-09-06,UZS,10000,70.9111,0.00709111
2024-09-07,AMD,100,23.2046,0.232046
2024-09-07,KGS,10,10.6678,1.06678
2024-09-07,KZT,100,18.5991,0.185991
2024-09-07,TJS,10,84.2723,8.42723
2024-09-07,UZS,10000,70.6821,0.00706821
2024-09-10,AMD,100,23.3463,0.233463
2024-09-10,KGS,10,10.7346,1.07346
2024-09-10,KZT,100,18.8087,0.188087
2024-09-10,TJS,10,84.8163,8.48163
2024-09-10,UZS,10000,71.169,0.0071169
2024-09-11,AMD,100,23.53,0.2353
2024-09-11,KGS,10,10.821,1.0821
2024-09-11,KZT,100,19.0258,0.190258
2024-09-11,TJS,10,85.4988,8.54988
2024-09-11,UZS,10000,71.8453,0.00718453
2024-09-12,AMD,100,23.5663,0.23566299999999998
2024-09-12,KGS,10,10.8391,1.08391
2024-09-12,KZT,100,19.1152,0.19115200000000002
2024-09-12,TJS,10,85.5939,8.55939
2024-09-12,UZS,10000,71.9377,0.00719377
2024-09-13,AMD,100,23.5261,0.235261
2024-09-13,KGS,10,10.8001,1.0800100000000001
2024-09-13,KZT,100,19.0758,0.190758
2024-09-13,TJS,10,85.447,8.5447
2024-09-13,UZS,10000,71.6548,0.007165479999999999
2024-09-14,AMD,100,23.4833,0.234833
2024-09-14,KGS,10,10.7551,1.07551
2024-09-14,KZT,100,19.0586,0.19058599999999998
2024-09-14,TJS,10,85.2828,8.528279999999999
2024-09-14,UZS,10000,71.3673,0.00713673
2024-09-17,AMD,100,23.5394,0.235394
2024-09-17,KGS,10,10.7646,1.07646
2024-09-17,KZT,100,19.0125,0.190125
2024-09-17,TJS,10,85.5066,8.55066
2024-09-17,UZS,10000,71.4856,0.007148560000000001
2024-09-18,AMD,100,23.5879,0.235879
2024-09-18,KGS,10,10.8129,1.08129
2024-09-18,KZT,100,19.0236,0.190236
2024-09-18,TJS,10,85.7604,8.57604
2024-09-18,UZS,10000,71.8248,0.00718248
2024-09-19,AMD,100,23.6821,0.23682099999999998
2024-09-19,KGS,10,10.8664,1.08664
2024-09-19,KZT,100,19.0731,0.190731
2024-09-19,TJS,10,86.0488,8.60488
2024-09-19,UZS,10000,71.9975,0.00719975
2024-09-20,AMD,100,23.9062,0.239062
2024-09-20,KGS,10,10.9993,1.09993
2024-09-20,KZT,100,19.3536,0.193536
2024-09-20,TJS,10,87.0109,8.70109
2024-09-20,UZS,10000,72.7603,0.00727603
2024-09-21,AMD,100,23.907,0.23907
2024-09-21,KGS,10,10.9908,1.09908
2024-09-21,KZT,100,19.3316,0.19331600000000002
2024-09-21,TJS,10,86.9227,8.69227
2024-09-21,UZS,10000,72.7591,0.00727591
2024-09-24,AMD,100,23.959,0.23959
2024-09-24,KGS,10,11.0291,1.10291
2024-09-24,KZT,100,19.3967,0.193967
2024-09-24,TJS,10,87.2062,8.72062
2024-09-24,UZS,10000,72.9939,0.007299389999999999
2024-09-25,AMD,100,23.9731,0.239731
2024-09-25,KGS,10,11.0259,1.10259
2024-09-25,KZT,100,19.3262,0.193262
2024-09-25,TJS,10,87.152,8.7152
2024-09-25,UZS,10000,72.8486,0.007284860000000001
2024-09-26,AMD,100,23.8421,0.238421
2024-09-26,KGS,10,10.9724,1.09724
2024-09-26,KZT,100,19.2591,0.192591
2024-09-26,TJS,10,86.7346,8.67346
2024-09-26,UZS,10000,72.4337,0.00724337
2024-09-27,AMD,100,23.8501,0.23850100000000002
2024-09-27,KGS,10,10.9748,1.09748
2024-09-27,KZT,100,19.3256,0.193256
2024-09-27,TJS,10,86.8001,8.68001
2024-09-27,UZS,10000,72.4329,0.00724329
2024-09-28,AMD,100,23.937,0.23937
2024-09-28,KGS,10,11.011,1.1011
2024-09-28,KZT,100,19.3741,0.193741
2024-09-28,TJS,10,87.0492,8.70492
2024-09-28,UZS,10000,72.793,0.007279300000000001
2024-10-01,AMD,100,24.0704,0.240704
2024-10-01,KGS,10,11.071,1.1071
2024-10-01,KZT,100,19.4525,0.194525
2024-10-01,TJS,10,87.5276,8.75276
2024-10-01,UZS,10000,73.3142,0.00733142
2024-10-02,AMD,100,24.1167,0.24116700000000002
2024-10-02,KGS,10,11.0822,1.10822
2024-10-02,KZT,100,19.4015,0.194015
2024-10-02,TJS,10,87.7352,8.773520000000001
2024-10-02,UZS,10000,73.4212,0.00734212
2024-10-03,AMD,100,24.4086,0.244086
2024-10-03,KGS,10,11.1973,1.1197300000000001
2024-10-03,KZT,100,19.6841,0.19684100000000002
2024-10-03,TJS,10,88.7083,8.87083
2024-10-03,UZS,10000,74.1801,0.007418009999999999
2024-10-04,AMD,100,24.5514,0.245514
2024-10-04,KGS,10,11.251,1.1251
2024-10-04,KZT,100,19.6648,0.196648
2024-10-04,TJS,10,89.1972,8.91972
2024-10-04,UZS,10000,74.484,0.007448399999999999
2024-10-05,AMD,100,24.5148,0.245148
2024-10-05,KGS,10,11.2007,1.12007
2024-10-05,KZT,100,19.6475,0.196475
2024-10-05,TJS,10,89.1317,8.91317
2024-10-05,UZS,10000,74.4603,0.00744603
2024-10-08,AMD,100,24.8275,0.248275
2024-10-08,KGS,10,11.3418,1.13418
2024-10-08,KZT,100,19.9371,0.19937100000000002
2024-10-08,TJS,10,90.2543,9.02543
2024-10-08,UZS,10000,75.1975,0.00751975
2024-10-09,AMD,100,24.8072,0.24807200000000001
2024-10-09,KGS,10,11.2987,1.12987
2024-10-09,KZT,100,19.8418,0.19841799999999998
2024-10-09,TJS,10,90.2117,9.02117
2024-10-09,UZS,10000,75.1143,0.00751143
2024-10-10,AMD,100,25.0474,0.250474
2024-10-10,KGS,10,11.3789,1.13789
2024-10-10,KZT,100,19.9302,0.19930199999999998
2024-10-10,TJS,10,90.9937,9.09937
2024-10-10,UZS,10000,75.8177,0.00758177
2024-10-11,AMD,100,25.1167,0.25116700000000003
2024-10-11,KGS,10,11.4131,1.14131
2024-10-11,KZT,100,19.8829,0.198829
2024-10-11,TJS,10,91.2995,9.12995
2024-10-11,UZS,10000,76.0991,0.007609910000000001
2024-10-12,AMD,100,24.813,0.24813
2024-10-12,KGS,10,11.2361,1.12361
2024-10-12,KZT,100,19.5723,0.19572299999999998
2024-10-12,TJS,10,90.1004,9.01004
2024-10-12,UZS,10000,75.2399,0.00752399
2024-10-15,AMD,100,24.8242,0.24824200000000002
2024-10-15,KGS,10,11.24,1.124
2024-10-15,KZT,100,19.7185,0.197185
2024-10-15,TJS,10,90.1681,9.01681
2024-10-15,UZS,10000,75.1964,0.007519639999999999
2024-10-16,AMD,100,25.0548,0.250548
2024-10-16,KGS,10,11.3464,1.1346399999999999
2024-10-16,KZT,100,20.0393,0.20039300000000002
2024-10-16,TJS,10,91.0168,9.10168
2024-10-16,UZS,10000,75.7726,0.00757726
2024-10-17,AMD,100,25.1128,0.251128
2024-10-17,KGS,10,11.3751,1.13751
2024-10-17,KZT,100,19.9534,0.199534
2024-10-17,TJS,10,91.2464,9.12464
2024-10-17,UZS,10000,76.0233,0.007602330000000001
2024-10-18,AMD,100,25.0727,0.25072700000000003
2024-10-18,KGS,10,11.3625,1.13625
2024-10-18,KZT,100,19.8697,0.198697
2024-10-18,TJS,10,91.2129,9.12129
2024-10-18,UZS,10000,76.0339,0.007603390000000001
2024-10-19,AMD,100,24.8979,0.248979
2024-10-19,KGS,10,11.2769,1.1276899999999999
2024-10-19,KZT,100,19.7884,0.197884
2024-10-19,TJS,10,90.4655,9.04655
2024-10-19,UZS,10000,75.3079,0.007530790000000001
2024-10-22,AMD,100,24.8198,0.248198
2024-10-22,KGS,10,11.2389,1.1238899999999998
2024-10-22,KZT,100,19.8112,0.19811199999999998
2024-10-22,TJS,10,90.1176,9.011759999999999
2024-10-22,UZS,10000,74.9836,0.00749836
2024-10-23,AMD,100,24.9456,0.24945599999999998
2024-10-23,KGS,10,11.2973,1.12973
2024-10-23,KZT,100,20.0531,0.20053100000000001
2024-10-23,TJS,10,90.5817,9.05817
2024-10-23,UZS,10000,75.4323,0.00754323
2024-10-24,AMD,100,24.9279,0.249279
2024-10-24,KGS,10,11.3027,1.1302699999999999
2024-10-24,KZT,100,19.9587,0.19958700000000001
2024-10-24,TJS,10,90.5689,9.05689
2024-10-24,UZS,10000,75.3932,0.0075393199999999995
2024-10-25,AMD,100,24.9884,0.249884
2024-10-25,KGS,10,11.2751,1.12751
2024-10-25,KZT,100,19.8788,0.198788
2024-10-25,TJS,10,90.6648,9.06648
2024-10-25,UZS,10000,75.4139,0.00754139
2024-10-26,AMD,100,24.9621,0.24962099999999998
2024-10-26,KGS,10,11.2664,1.12664
2024-10-26,KZT,100,19.9266,0.199266
2024-10-26,TJS,10,90.7106,9.07106
2024-10-26,UZS,10000,75.4251,0.00754251
2024-10-29,AMD,100,25.1156,0.251156
2024-10-29,KGS,10,11.3322,1.1332200000000001
2024-10-29,KZT,100,20.0429,0.200429
2024-10-29,TJS,10,91.2392,9.12392
2024-10-29,UZS,10000,75.9112,0.00759112
2024-10-30,AMD,100,25.145,0.25145
2024-10-30,KGS,10,11.3434,1.1343400000000001
2024-10-30,KZT,100,19.9516,0.199516
2024-10-30,TJS,10,91.3226,9.132259999999999
2024-10-30,UZS,10000,76.0662,0.00760662
2024-10-31,AMD,100,25.0751,0.250751
2024-10-31,KGS,10,11.3115,1.13115
2024-10-31,KZT,100,19.7383,0.19738299999999998
2024-10-31,TJS,10,91.0877,9.10877
2024-10-31,UZS,10000,75.9118,0.00759118
2024-11-01,AMD,100,25.0303,0.250303
2024-11-01,KGS,10,11.308,1.1308
2024-11-01,KZT,100,19.8634,0.19863399999999998
2024-11-01,TJS,10,91.0591,9.10591
2024-11-01,UZS,10000,75.9512,0.00759512
2024-11-02,AMD,100,25.1673,0.25167300000000004
2024-11-02,KGS,10,11.3567,1.13567
2024-11-02,KZT,100,19.9566,0.19956600000000002
2024-11-02,TJS,10,91.5095,9.15095
2024-11-02,UZS,10000,76.2438,0.007624379999999999
2024-11-03,AMD,100,25.1956,0.251956
2024-11-03,KGS,10,11.3695,1.1369500000000001
2024-11-03,KZT,100,19.9852,0.199852
2024-11-03,TJS,10,91.6125,9.161249999999999
2024-11-03,UZS,10000,76.3296,0.00763296
2024-11-06,AMD,100,25.3218,0.253218
2024-11-06,KGS,10,11.3791,1.13791
2024-11-06,KZT,100,20.0376,0.200376
2024-11-06,TJS,10,92.0681,9.20681
2024-11-06,UZS,10000,76.6656,0.007666559999999999
2024-11-07,AMD,100,25.3572,0.25357199999999996
2024-11-07,KGS,10,11.3948,1.13948
2024-11-07,KZT,100,20.0903,0.200903
2024-11-07,TJS,10,92.2253,9.22253
2024-11-07,UZS,10000,76.8875,0.00768875
2024-11-08,AMD,100,25.3267,0.25326699999999996
2024-11-08,KGS,10,11.3773,1.13773
2024-11-08,KZT,100,19.9278,0.199278
2024-11-08,TJS,10,92.0835,9.20835
2024-11-08,UZS,10000,76.6972,0.00766972
2024-11-09,AMD,100,25.2558,0.252558
2024-11-09,KGS,10,11.3496,1.13496
2024-11-09,KZT,100,19.876,0.19876000000000002
2024-11-09,TJS,10,91.7995,9.17995
2024-11-09,UZS,10000,76.3784,0.00763784
2024-11-12,AMD,100,25.2878,0.252878
2024-11-12,KGS,10,11.3637,1.1363699999999999
2024-11-12,KZT,100,19.9213,0.19921299999999997
2024-11-12,TJS,10,91.9377,9.19377
2024-11-12,UZS,10000,76.3902,0.007639019999999999
2024-11-13,AMD,100,25.2783,0.25278300000000004
2024-11-13,KGS,10,11.3638,1.13638
2024-11-13,KZT,100,19.8835,0.198835
2024-11-13,TJS,10,91.9385,9.193850000000001
2024-11-13,UZS,10000,76.5053,0.007650530000000001
2024-11-14,AMD,100,25.3749,0.253749
2024-11-14,KGS,10,11.4113,1.14113
2024-11-14,KZT,100,19.8739,0.198739
2024-11-14,TJS,10,92.311,9.231100000000001
2024-11-14,UZS,10000,76.888,0.007688800000000001
2024-11-15,AMD,100,25.5438,0.255438
2024-11-15,KGS,10,11.4635,1.14635
2024-11-15,KZT,100,20.1187,0.201187
2024-11-15,TJS,10,92.9406,9.29406
2024-11-15,UZS,10000,77.3093,0.00773093
2024-11-16,AMD,100,25.7559,0.257559
2024-11-16,KGS,10,11.5604,1.15604
2024-11-16,KZT,100,20.2485,0.202485
2024-11-16,TJS,10,93.8358,9.38358
2024-11-16,UZS,10000,78.1219,0.007812189999999999
2024-11-19,AMD,100,25.6996,0.256996
2024-11-19,KGS,10,11.5541,1.15541
2024-11-19,KZT,100,20.1518,0.201518
2024-11-19,TJS,10,93.727,9.3727
2024-11-19,UZS,10000,78.0055,0.00780055
2024-11-20,AMD,100,25.7179,0.257179
2024-11-20,KGS,10,11.5647,1.15647
2024-11-20,KZT,100,20.0917,0.20091699999999998
2024-11-20,TJS,10,93.829,9.3829
2024-11-20,UZS,10000,77.9998,0.00779998
2024-11-21,AMD,100,25.7507,0.257507
2024-11-21,KGS,10,11.586,1.1586
2024-11-21,KZT,100,20.1543,0.201543
2024-11-21,TJS,10,94.0002,9.400020000000001
2024-11-21,UZS,10000,78.028,0.0078028
2024-11-22,AMD,100,25.8518,0.258518
2024-11-22,KGS,10,11.6393,1.1639300000000001
2024-11-22,KZT,100,20.3311,0.203311
2024-11-22,TJS,10,94.4322,9.44322
2024-11-22,UZS,10000,78.3139,0.00783139
2024-11-23,AMD,100,26.3178,0.26317799999999997
2024-11-23,KGS,10,11.8585,1.1858499999999998
2024-11-23,KZT,100,20.7279,0.20727900000000002
2024-11-23,TJS,10,96.1612,9.616119999999999
2024-11-23,UZS,10000,79.8617,0.00798617
2024-11-26,AMD,100,26.6035,0.266035
2024-11-26,KGS,10,11.9589,1.19589
2024-11-26,KZT,100,20.8273,0.208273
2024-11-26,TJS,10,97.2771,9.72771
2024-11-26,UZS,10000,80.9028,0.00809028
2024-11-27,AMD,100,26.8779,0.268779
2024-11-27,KGS,10,12.1037,1.21037
2024-11-27,KZT,100,21.0749,0.210749
2024-11-27,TJS,10,98.4025,9.840250000000001
2024-11-27,UZS,10000,81.9838,0.00819838
2024-11-28,AMD,100,27.5797,0.275797
2024-11-28,KGS,10,12.4436,1.24436
2024-11-28,KZT,100,21.6649,0.21664899999999998
2024-11-28,TJS,10,101.0983,10.109829999999999
2024-11-28,UZS,10000,84.2484,0.008424840000000001
2024-11-29,AMD,100,27.8846,0.278846
2024-11-29,KGS,10,12.6242,1.26242
2024-11-29,KZT,100,21.9371,0.219371
2024-11-29,TJS,10,102.4622,10.24622
2024-11-29,UZS,10000,85.2856,0.008528560000000001
2024-11-30,AMD,100,27.3011,0.273011
2024-11-30,KGS,10,12.4125,1.24125
2024-11-30,KZT,100,21.0021,0.21002099999999999
2024-11-30,TJS,10,99.1697,9.916970000000001
2024-11-30,UZS,10000,83.747,0.0083747
2024-12-03,AMD,100,26.9367,0.26936699999999997
2024-12-03,KGS,10,12.3475,1.23475
2024-12-03,KZT,100,20.9647,0.209647
2024-12-03,TJS,10,98.3463,9.83463
2024-12-03,UZS,10000,83.3923,0.008339230000000001
2024-12-04,AMD,100,26.5742,0.26574200000000003
2024-12-04,KGS,10,12.2336,1.22336
2024-12-04,KZT,100,20.2424,0.202424
2024-12-04,TJS,10,97.2995,9.729949999999999
2024-12-04,UZS,10000,82.7115,0.00827115
2024-12-05,AMD,100,25.883,0.25883
2024-12-05,KGS,10,12.0088,1.2008800000000002
2024-12-05,KZT,100,19.9239,0.199239
2024-12-05,TJS,10,95.5164,9.55164
2024-12-05,UZS,10000,81.273,0.008127299999999999
2024-12-06,AMD,100,25.6516,0.25651599999999997
2024-12-06,KGS,10,11.9106,1.19106
2024-12-06,KZT,100,19.7455,0.197455
2024-12-06,TJS,10,94.6494,9.46494
2024-12-06,UZS,10000,80.6863,0.00806863
2024-12-07,AMD,100,24.7742,0.24774200000000002
2024-12-07,KGS,10,11.4541,1.14541
2024-12-07,KZT,100,18.9501,0.189501
2024-12-07,TJS,10,91.0537,9.10537
2024-12-07,UZS,10000,77.4486,0.00774486
2024-12-10,AMD,100,25.1089,0.251089
2024-12-10,KGS,10,11.4488,1.1448800000000001
2024-12-10,KZT,100,19.3094,0.193094
2024-12-10,TJS,10,91.2291,9.122910000000001
2024-12-10,UZS,10000,77.413,0.0077413
2024-12-11,AMD,100,25.333,0.25333
2024-12-11,KGS,10,11.5245,1.15245
2024-12-11,KZT,100,19.6111,0.196111
2024-12-11,TJS,10,91.8318,9.18318
2024-12-11,UZS,10000,77.7781,0.00777781
2024-12-12,AMD,100,26.1876,0.261876
2024-12-12,KGS,10,11.8975,1.18975
2024-12-12,KZT,100,20.3269,0.20326899999999998
2024-12-12,TJS,10,94.4682,9.446819999999999
2024-12-12,UZS,10000,80.2164,0.00802164
2024-12-13,AMD,100,26.3625,0.263625
2024-12-13,KGS,10,11.9758,1.1975799999999999
2024-12-13,KZT,100,20.1091,0.20109100000000002
2024-12-13,TJS,10,95.0652,9.50652
2024-12-13,UZS,10000,80.7965,0.008079649999999999
2024-12-14,AMD,100,26.2507,0.262507
2024-12-14,KGS,10,11.8943,1.18943
2024-12-14,KZT,100,19.7798,0.19779800000000003
2024-12-14,TJS,10,94.5841,9.45841
2024-12-14,UZS,10000,80.4275,0.00804275
2024-12-17,AMD,100,26.1319,0.261319
2024-12-17,KGS,10,11.8293,1.18293
2024-12-17,KZT,100,19.6965,0.196965
2024-12-17,TJS,10,94.2094,9.42094
2024-12-17,UZS,10000,79.8206,0.00798206
2024-12-18,AMD,100,26.1025,0.261025
2024-12-18,KGS,10,11.8388,1.18388
2024-12-18,KZT,100,19.7129,0.197129
2024-12-18,TJS,10,94.3101,9.43101
2024-12-18,UZS,10000,79.9992,0.00799992
2024-12-19,AMD,100,26.0444,0.260444
2024-12-19,KGS,10,11.8134,1.18134
2024-12-19,KZT,100,19.5891,0.19589099999999998
2024-12-19,TJS,10,94.2366,9.42366
2024-12-19,UZS,10000,79.8579,0.00798579
2024-12-20,AMD,100,26.1884,0.261884
2024-12-20,KGS,10,11.8874,1.18874
2024-12-20,KZT,100,19.7885,0.19788499999999998
2024-12-20,TJS,10,94.8274,9.48274
2024-12-20,UZS,10000,80.409,0.0080409
2024-12-21,AMD,100,25.9065,0.259065
2024-12-21,KGS,10,11.7637,1.17637
2024-12-21,KZT,100,19.5305,0.195305
2024-12-21,TJS,10,93.6871,9.36871
2024-12-21,UZS,10000,79.49,0.007949
2024-12-24,AMD,100,25.6874,0.256874
2024-12-24,KGS,10,11.6798,1.16798
2024-12-24,KZT,100,19.3972,0.193972
2024-12-24,TJS,10,93.0014,9.30014
2024-12-24,UZS,10000,78.8131,0.00788131
2024-12-25,AMD,100,25.2364,0.252364
2024-12-25,KGS,10,11.4796,1.1479599999999999
2024-12-25,KZT,100,19.0699,0.190699
2024-12-25,TJS,10,91.3825,9.13825
2024-12-25,UZS,10000,77.4089,0.00774089
2024-12-26,AMD,100,25.1509,0.251509
2024-12-26,KGS,10,11.4497,1.14497
2024-12-26,KZT,100,19.3089,0.193089
2024-12-26,TJS,10,91.1443,9.11443
2024-12-26,UZS,10000,77.1604,0.0077160399999999995
2024-12-27,AMD,100,25.0466,0.250466
2024-12-27,KGS,10,11.4057,1.1405699999999999
2024-12-27,KZT,100,19.2705,0.192705
2024-12-27,TJS,10,90.7914,9.079139999999999
2024-12-27,UZS,10000,76.7539,0.00767539
2024-12-28,AMD,100,25.3552,0.253552
2024-12-28,KGS,10,11.555,1.1555
2024-12-28,KZT,100,19.5105,0.195105
2024-12-28,TJS,10,91.9854,9.19854
2024-12-28,UZS,10000,77.8052,0.00778052
2024-12-29,AMD,100,25.6456,0.256456
2024-12-29,KGS,10,11.6874,1.1687400000000001
2024-12-29,KZT,100,19.486,0.19486
2024-12-29,TJS,10,93.0026,9.30026
2024-12-29,UZS,10000,78.6965,0.00786965
2025-01-10,AMD,100,25.7758,0.257758
2025-01-10,KGS,10,11.7576,1.17576
2025-01-10,KZT,100,19.4016,0.194016
2025-01-10,TJS,10,93.5036,9.35036
2025-01-10,UZS,10000,78.9102,0.00789102
2025-01-11,AMD,100,25.6815,0.256815
2025-01-11,KGS,10,11.7143,1.17143
2025-01-11,KZT,100,19.4216,0.19421600000000003
2025-01-11,TJS,10,93.0854,9.30854
2025-01-11,UZS,10000,78.7567,0.00787567
2025-01-14,AMD,100,25.8567,0.258567
2025-01-14,KGS,10,11.7467,1.17467
2025-01-14,KZT,100,19.4962,0.19496200000000002
2025-01-14,TJS,10,93.8419,9.38419
2025-01-14,UZS,10000,79.2684,0.00792684
2025-01-15,AMD,100,26.0038,0.260038
2025-01-15,KGS,10,11.8282,1.18282
2025-01-15,KZT,100,19.5713,0.195713
2025-01-15,TJS,10,94.5088,9.45088
2025-01-15,UZS,10000,79.7389,0.00797389
2025-01-16,AMD,100,25.8253,0.258253
2025-01-16,KGS,10,11.7563,1.17563
2025-01-16,KZT,100,19.3889,0.193889
2025-01-16,TJS,10,93.9167,9.391670000000001
2025-01-16,UZS,10000,79.2597,0.00792597
2025-01-17,AMD,100,25.7162,0.257162
2025-01-17,KGS,10,11.7069,1.17069
2025-01-17,KZT,100,19.3272,0.193272
2025-01-17,TJS,10,93.5224,9.35224
2025-01-17,UZS,10000,78.9817,0.00789817
2025-01-18,AMD,100,25.6715,0.256715
2025-01-18,KGS,10,11.7111,1.17111
2025-01-18,KZT,100,19.3361,0.19336099999999998
2025-01-18,TJS,10,93.5242,9.352419999999999
2025-01-18,UZS,10000,79.0518,0.00790518
2025-01-21,AMD,100,25.5764,0.255764
2025-01-21,KGS,10,11.6593,1.16593
2025-01-21,KZT,100,19.233,0.19233
2025-01-21,TJS,10,93.188,9.3188
2025-01-21,UZS,10000,78.6287,0.00786287
2025-01-22,AMD,100,25.0547,0.250547
2025-01-22,KGS,10,11.4269,1.14269
2025-01-22,KZT,100,18.8547,0.18854700000000002
2025-01-22,TJS,10,91.2895,9.12895
2025-01-22,UZS,10000,77.0154,0.00770154
2025-01-23,AMD,100,24.6477,0.246477
2025-01-23,KGS,10,11.2385,1.12385
2025-01-23,KZT,100,18.6285,0.18628499999999998
2025-01-23,TJS,10,89.7841,8.97841
2025-01-23,UZS,10000,75.6909,0.00756909
2025-01-24,AMD,100,24.844,0.24844000000000002
2025-01-24,KGS,10,11.3322,1.1332200000000001
2025-01-24,KZT,100,19.024,0.19024000000000002
2025-01-24,TJS,10,90.5251,9.05251
2025-01-24,UZS,10000,76.2878,0.007628780000000001
2025-01-25,AMD,100,24.6293,0.246293
2025-01-25,KGS,10,11.2365,1.12365
2025-01-25,KZT,100,18.8093,0.188093
2025-01-25,TJS,10,89.763,8.9763
2025-01-25,UZS,10000,75.7089,0.00757089
2025-01-28,AMD,100,24.383,0.24383
2025-01-28,KGS,10,11.1071,1.11071
2025-01-28,KZT,100,18.7571,0.18757100000000002
2025-01-28,TJS,10,88.7147,8.871469999999999
2025-01-28,UZS,10000,74.8952,0.00748952
2025-01-29,AMD,100,24.5923,0.245923
2025-01-29,KGS,10,11.2025,1.12025
2025-01-29,KZT,100,18.9573,0.189573
2025-01-29,TJS,10,89.4763,8.94763
2025-01-29,UZS,10000,75.5718,0.007557179999999999
2025-01-30,AMD,100,24.6096,0.246096
2025-01-30,KGS,10,11.2078,1.12078
2025-01-30,KZT,100,18.9899,0.18989899999999998
2025-01-30,TJS,10,89.7272,8.972719999999999
2025-01-30,UZS,10000,75.5397,0.007553969999999999
2025-01-31,AMD,100,24.6296,0.246296
2025-01-31,KGS,10,11.2071,1.12071
2025-01-31,KZT,100,18.9622,0.18962199999999999
2025-01-31,TJS,10,89.8678,8.98678
2025-01-31,UZS,10000,75.5734,0.007557340000000001
2025-02-01,AMD,100,24.6158,0.246158
2025-02-01,KGS,10,11.1848,1.11848
2025-02-01,KZT,100,18.8358,0.188358
2025-02-01,TJS,10,89.5358,8.953579999999999
2025-02-01,UZS,10000,75.4886,0.00754886
2025-02-04,AMD,100,25.1753,0.251753
2025-02-04,KGS,10,11.4286,1.14286
2025-02-04,KZT,100,19.2889,0.192889
2025-02-04,TJS,10,91.4796,9.147960000000001
2025-02-04,UZS,10000,77.0273,0.00770273
2025-02-05,AMD,100,24.8377,0.24837700000000001
2025-02-05,KGS,10,11.2674,1.12674
2025-02-05,KZT,100,18.8906,0.188906
2025-02-05,TJS,10,90.0566,9.00566
2025-02-05,UZS,10000,75.8826,0.0075882599999999995
2025-02-06,AMD,100,24.7253,0.247253
2025-02-06,KGS,10,11.2128,1.12128
2025-02-06,KZT,100,18.8471,0.188471
2025-02-06,TJS,10,89.6238,8.96238
2025-02-06,UZS,10000,75.4337,0.00754337
2025-02-07,AMD,100,24.4211,0.24421099999999998
2025-02-07,KGS,10,11.0818,1.10818
2025-02-07,KZT,100,18.7822,0.187822
2025-02-07,TJS,10,88.5455,8.85455
2025-02-07,UZS,10000,74.6307,0.0074630700000000005
2025-02-08,AMD,100,24.5176,0.245176
2025-02-08,KGS,10,11.1236,1.11236
2025-02-08,KZT,100,18.8772,0.188772
2025-02-08,TJS,10,88.8992,8.88992
2025-02-08,UZS,10000,75.0019,0.00750019
2025-02-11,AMD,100,24.4146,0.244146
2025-02-11,KGS,10,11.0671,1.10671
2025-02-11,KZT,100,18.9331,0.189331
2025-02-11,TJS,10,88.4598,8.84598
2025-02-11,UZS,10000,74.6948,0.00746948
2025-02-12,AMD,100,24.1596,0.241596
2025-02-12,KGS,10,10.9551,1.09551
2025-02-12,KZT,100,18.7668,0.187668
2025-02-12,TJS,10,87.5315,8.75315
2025-02-12,UZS,10000,73.8536,0.00738536
2025-02-13,AMD,100,23.7161,0.237161
2025-02-13,KGS,10,10.7545,1.07545
2025-02-13,KZT,100,18.5709,0.185709
2025-02-13,TJS,10,85.9196,8.59196
2025-02-13,UZS,10000,72.4565,0.00724565
2025-02-14,AMD,100,22.9633,0.229633
2025-02-14,KGS,10,10.4095,1.04095
2025-02-14,KZT,100,18.1587,0.181587
2025-02-14,TJS,10,83.1959,8.31959
2025-02-14,UZS,10000,70.083,0.007008299999999999
2025-02-15,AMD,100,22.7762,0.227762
2025-02-15,KGS,10,10.327,1.0327
2025-02-15,KZT,100,18.1389,0.181389
2025-02-15,TJS,10,82.5366,8.25366
2025-02-15,UZS,10000,69.4481,0.00694481
2025-02-18,AMD,100,23.0669,0.230669
2025-02-18,KGS,10,10.4557,1.04557
2025-02-18,KZT,100,18.4612,0.18461200000000003
2025-02-18,TJS,10,83.5615,8.35615
2025-02-18,UZS,10000,70.3715,0.00703715
2025-02-19,AMD,100,23.0522,0.230522
2025-02-19,KGS,10,10.4448,1.04448
2025-02-19,KZT,100,18.3137,0.183137
2025-02-19,TJS,10,83.4519,8.345189999999999
2025-02-19,UZS,10000,70.3629,0.00703629
2025-02-20,AMD,100,22.8512,0.228512
2025-02-20,KGS,10,10.3404,1.03404
2025-02-20,KZT,100,18.162,0.18162
2025-02-20,TJS,10,82.5717,8.25717
2025-02-20,UZS,10000,69.7189,0.0069718900000000006
2025-02-21,AMD,100,22.3901,0.22390100000000002
2025-02-21,KGS,10,10.1212,1.01212
2025-02-21,KZT,100,17.5752,0.175752
2025-02-21,TJS,10,80.8217,8.082170000000001
2025-02-21,UZS,10000,68.3476,0.00683476
2025-02-22,AMD,100,22.3543,0.223543
2025-02-22,KGS,10,10.0821,1.00821
2025-02-22,KZT,100,17.642,0.17642
2025-02-22,TJS,10,80.4992,8.04992
2025-02-22,UZS,10000,68.1888,0.00681888
2025-02-25,AMD,100,22.3931,0.223931
2025-02-25,KGS,10,10.0865,1.0086499999999998
2025-02-25,KZT,100,17.5546,0.175546
2025-02-25,TJS,10,80.6349,8.06349
2025-02-25,UZS,10000,68.2915,0.00682915
2025-02-26,AMD,100,22.0129,0.220129
2025-02-26,KGS,10,9.9065,0.9906499999999999
2025-02-26,KZT,100,17.2268,0.172268
2025-02-26,TJS,10,79.1954,7.9195400000000005
2025-02-26,UZS,10000,67.1569,0.006715689999999999
2025-02-27,AMD,100,21.8363,0.218363
2025-02-27,KGS,10,9.8259,0.9825900000000001
2025-02-27,KZT,100,17.2307,0.172307
2025-02-27,TJS,10,78.5138,7.851380000000001
2025-02-27,UZS,10000,66.6903,0.006669029999999999
2025-02-28,AMD,100,22.2999,0.222999
2025-02-28,KGS,10,10.0282,1.00282
2025-02-28,KZT,100,17.4946,0.174946
2025-02-28,TJS,10,80.1505,8.015049999999999
2025-02-28,UZS,10000,68.0878,0.00680878
2025-03-01,AMD,100,22.4372,0.22437200000000002
2025-03-01,KGS,10,10.0924,1.00924
2025-03-01,KZT,100,17.5989,0.175989
2025-03-01,TJS,10,80.8442,8.08442
2025-03-01,UZS,10000,68.5364,0.00685364
2025-03-04,AMD,100,22.67,0.2267
2025-03-04,KGS,10,10.2058,1.02058
2025-03-04,KZT,100,17.8778,0.178778
2025-03-04,TJS,10,81.7238,8.17238
2025-03-04,UZS,10000,69.2391,0.006923909999999999
2025-03-05,AMD,100,22.659,0.22658999999999999
2025-03-05,KGS,10,10.2056,1.0205600000000001
2025-03-05,KZT,100,17.8808,0.178808
2025-03-05,TJS,10,81.5527,8.15527
2025-03-05,UZS,10000,69.197,0.0069197
2025-03-06,AMD,100,22.7714,0.227714
2025-03-06,KGS,10,10.2673,1.0267300000000001
2025-03-06,KZT,100,17.9669,0.179669
2025-03-06,TJS,10,82.091,8.2091
2025-03-06,UZS,10000,69.585,0.006958499999999999
2025-03-07,AMD,100,22.7007,0.22700700000000001
2025-03-07,KGS,10,10.2436,1.0243600000000002
2025-03-07,KZT,100,18.0331,0.18033100000000002
2025-03-07,TJS,10,81.894,8.189400000000001
2025-03-07,UZS,10000,69.434,0.0069434
2025-03-08,AMD,100,22.5901,0.225901
2025-03-08,KGS,10,10.1928,1.01928
2025-03-08,KZT,100,17.9728,0.179728
2025-03-08,TJS,10,81.5452,8.15452
2025-03-08,UZS,10000,68.9996,0.00689996
2025-03-11,AMD,100,22.3918,0.223918
2025-03-11,KGS,10,10.1072,1.01072
2025-03-11,KZT,100,17.8618,0.178618
2025-03-11,TJS,10,80.7255,8.07255
2025-03-11,UZS,10000,68.4198,0.006841979999999999
2025-03-12,AMD,100,21.9691,0.219691
2025-03-12,KGS,10,9.8991,0.9899100000000001
2025-03-12,KZT,100,17.4939,0.174939
2025-03-12,TJS,10,79.063,7.9063
2025-03-12,UZS,10000,66.8981,0.00668981
2025-03-13,AMD,100,22.0173,0.22017299999999998
2025-03-13,KGS,10,9.9051,0.9905099999999999
2025-03-13,KZT,100,17.7308,0.177308
2025-03-13,TJS,10,79.1654,7.91654
2025-03-13,UZS,10000,66.9818,0.006698180000000001
2025-03-14,AMD,100,22.055,0.22055
2025-03-14,KGS,10,9.905,0.9904999999999999
2025-03-14,KZT,100,17.7081,0.17708100000000002
2025-03-14,TJS,10,79.1641,7.916410000000001
2025-03-14,UZS,10000,67.0426,0.006704259999999999
2025-03-15,AMD,100,21.8434,0.218434
2025-03-15,KGS,10,9.785,0.9785
2025-03-15,KZT,100,17.277,0.17277
2025-03-15,TJS,10,78.2807,7.828069999999999
2025-03-15,UZS,10000,66.1375,0.006613750000000001
2025-03-18,AMD,100,21.488,0.21488
2025-03-18,KGS,10,9.6464,0.9646399999999999
2025-03-18,KZT,100,16.6893,0.16689299999999999
2025-03-18,TJS,10,77.0712,7.707120000000001
2025-03-18,UZS,10000,65.085,0.0065084999999999995
2025-03-19,AMD,100,20.8146,0.208146
2025-03-19,KGS,10,9.3664,0.93664
2025-03-19,KZT,100,16.3317,0.16331700000000002
2025-03-19,TJS,10,74.5725,7.45725
2025-03-19,UZS,10000,62.9679,0.00629679
2025-03-20,AMD,100,21.1581,0.21158100000000002
2025-03-20,KGS,10,9.6775,0.96775
2025-03-20,KZT,100,16.6896,0.166896
2025-03-20,TJS,10,75.8049,7.58049
2025-03-20,UZS,10000,64.0467,0.00640467
2025-03-21,AMD,100,21.5152,0.215152
2025-03-21,KGS,10,9.8243,0.9824299999999999
2025-03-21,KZT,100,16.8683,0.16868300000000003
2025-03-21,TJS,10,77.2251,7.72251
2025-03-21,UZS,10000,65.2887,0.006528870000000001
2025-03-22,AMD,100,21.5621,0.215621
2025-03-22,KGS,10,9.8527,0.9852700000000001
2025-03-22,KZT,100,16.8327,0.168327
2025-03-22,TJS,10,77.4489,7.74489
2025-03-22,UZS,10000,65.4778,0.0065477800000000004
2025-03-25,AMD,100,21.4056,0.214056
2025-03-25,KGS,10,9.6751,0.9675100000000001
2025-03-25,KZT,100,16.6803,0.16680299999999998
2025-03-25,TJS,10,76.7477,7.67477
2025-03-25,UZS,10000,64.8145,0.00648145
2025-03-26,AMD,100,21.4888,0.21488800000000002
2025-03-26,KGS,10,9.7371,0.97371
2025-03-26,KZT,100,16.7438,0.167438
2025-03-26,TJS,10,77.0398,7.70398
2025-03-26,UZS,10000,65.0286,0.00650286
2025-03-27,AMD,100,21.4922,0.214922
2025-03-27,KGS,100,97.3974,0.973974
2025-03-27,KZT,100,16.7465,0.167465
2025-03-27,TJS,10,77.0522,7.70522
2025-03-27,UZS,10000,65.1281,0.00651281
2025-03-28,AMD,100,21.3968,0.213968
2025-03-28,KGS,100,96.9187,0.969187
2025-03-28,KZT,100,16.7065,0.167065
2025-03-28,TJS,10,76.712,7.671200000000001
2025-03-28,UZS,10000,64.9419,0.00649419
2025-03-29,AMD,100,21.3696,0.213696
2025-03-29,KGS,100,96.8534,0.9685339999999999
2025-03-29,KZT,100,16.795,0.16795000000000002
2025-03-29,TJS,10,76.7423,7.67423
2025-03-29,UZS,10000,64.803,0.0064803
2025-04-01,AMD,100,21.8342,0.21834199999999998
2025-04-01,KGS,100,98.8338,0.9883379999999999
2025-04-01,KZT,100,16.9831,0.169831
2025-04-01,TJS,10,78.4068,7.840680000000001
2025-04-01,UZS,10000,66.2085,0.00662085
2025-04-02,AMD,100,21.7005,0.217005
2025-04-02,KGS,100,97.9316,0.9793160000000001
2025-04-02,KZT,100,16.8247,0.168247
2025-04-02,TJS,10,77.833,7.7833
2025-04-02,UZS,10000,65.6023,0.00656023
2025-04-03,AMD,100,21.6158,0.216158
2025-04-03,KGS,100,97.4435,0.974435
2025-04-03,KZT,100,16.8046,0.168046
2025-04-03,TJS,10,77.5011,7.750109999999999
2025-04-03,UZS,10000,65.4166,0.00654166
2025-04-04,AMD,100,21.5637,0.215637
2025-04-04,KGS,100,97.3145,0.9731449999999999
2025-04-04,KZT,100,16.7743,0.167743
2025-04-04,TJS,10,77.5843,7.75843
2025-04-04,UZS,10000,65.3372,0.00653372
2025-04-05,AMD,100,21.5422,0.215422
2025-04-05,KGS,100,97.1287,0.9712869999999999
2025-04-05,KZT,100,16.8027,0.168027
2025-04-05,TJS,10,77.4872,7.7487200000000005
2025-04-05,UZS,10000,65.228,0.0065228
2025-04-08,AMD,100,22.0354,0.220354
2025-04-08,KGS,100,99.2588,0.9925879999999999
2025-04-08,KZT,100,17.0895,0.17089500000000002
2025-04-08,TJS,10,79.1016,7.91016
2025-04-08,UZS,10000,66.5697,0.00665697
2025-04-09,AMD,100,21.8573,0.218573
2025-04-09,KGS,100,98.1702,0.981702
2025-04-09,KZT,100,16.489,0.16489
2025-04-09,TJS,10,78.4643,7.84643
2025-04-09,UZS,10000,65.9121,0.006591209999999999
2025-04-10,AMD,100,21.9747,0.219747
2025-04-10,KGS,100,98.5138,0.9851380000000001
2025-04-10,KZT,100,16.6019,0.166019
2025-04-10,TJS,10,79.0846,7.90846
2025-04-10,UZS,10000,66.4273,0.00664273
2025-04-11,AMD,100,21.7387,0.21738700000000002
2025-04-11,KGS,100,97.2166,0.972166
2025-04-11,KZT,100,16.3341,0.163341
2025-04-11,TJS,10,78.1303,7.81303
2025-04-11,UZS,10000,65.5314,0.006553140000000001
2025-04-12,AMD,100,21.4806,0.214806
2025-04-12,KGS,100,96.0595,0.960595
2025-04-12,KZT,100,16.3058,0.163058
2025-04-12,TJS,10,77.0827,7.708270000000001
2025-04-12,UZS,10000,64.776,0.0064776
2025-04-15,AMD,100,21.1724,0.211724
2025-04-15,KGS,100,94.6451,0.946451
2025-04-15,KZT,100,16.0732,0.16073199999999999
2025-04-15,TJS,10,76.0105,7.601049999999999
2025-04-15,UZS,10000,63.7635,0.00637635
2025-04-16,AMD,100,21.0659,0.21065899999999999
2025-04-16,KGS,100,94.1121,0.941121
2025-04-16,KZT,100,15.8817,0.158817
2025-04-16,TJS,10,75.6631,7.56631
2025-04-16,UZS,10000,63.4565,0.0063456499999999996
2025-04-17,AMD,100,21.108,0.21108000000000002
2025-04-17,KGS,100,94.4766,0.944766
2025-04-17,KZT,100,15.9775,0.159775
2025-04-17,TJS,10,75.9287,7.5928700000000005
2025-04-17,UZS,10000,63.6237,0.00636237
2025-04-18,AMD,100,20.9802,0.209802
2025-04-18,KGS,100,94.0235,0.9402349999999999
2025-04-18,KZT,100,15.7226,0.157226
2025-04-18,TJS,10,75.5242,7.55242
2025-04-18,UZS,10000,63.1186,0.00631186
2025-04-19,AMD,100,20.7565,0.207565
2025-04-19,KGS,100,93.154,0.9315399999999999
2025-04-19,KZT,100,15.5079,0.155079
2025-04-19,TJS,10,75.0234,7.502339999999999
2025-04-19,UZS,10000,62.5844,0.0062584400000000005
2025-04-22,AMD,100,20.6806,0.206806
2025-04-22,KGS,100,92.9685,0.9296850000000001
2025-04-22,KZT,100,15.4742,0.154742
2025-04-22,TJS,10,75.3904,7.53904
2025-04-22,UZS,10000,62.4196,0.00624196
2025-04-23,AMD,100,20.8807,0.20880700000000002
2025-04-23,KGS,100,93.7692,0.937692
2025-04-23,KZT,100,15.6198,0.156198
2025-04-23,TJS,10,76.2453,7.62453
2025-04-23,UZS,10000,63.1017,0.00631017
2025-04-24,AMD,100,21.1428,0.211428
2025-04-24,KGS,100,94.6791,0.946791
2025-04-24,KZT,100,15.8982,0.15898199999999998
2025-04-24,TJS,10,77.3085,7.730849999999999
2025-04-24,UZS,10000,63.9521,0.00639521
2025-04-25,AMD,100,21.2691,0.21269100000000002
2025-04-25,KGS,100,94.8905,0.948905
2025-04-25,KZT,100,15.9849,0.159849
2025-04-25,TJS,10,77.894,7.7894000000000005
2025-04-25,UZS,10000,64.2771,0.0064277100000000005
2025-04-26,AMD,100,21.1756,0.211756
2025-04-26,KGS,100,94.5168,0.945168
2025-04-26,KZT,100,15.9825,0.159825
2025-04-26,TJS,10,77.7051,7.77051
2025-04-26,UZS,10000,63.9389,0.006393889999999999
2025-04-29,AMD,100,21.1952,0.211952
2025-04-29,KGS,100,94.393,0.94393
2025-04-29,KZT,100,16.0276,0.160276
2025-04-29,TJS,10,77.7539,7.77539
2025-04-29,UZS,10000,63.7075,0.0063707500000000005
2025-04-30,AMD,100,20.9428,0.20942799999999998
2025-04-30,KGS,100,93.2666,0.932666
2025-04-30,KZT,100,15.8779,0.158779
2025-04-30,TJS,10,76.95,7.695
2025-04-30,UZS,10000,62.9912,0.00629912
2025-05-01,AMD,100,20.8989,0.208989
2025-05-01,KGS,100,93.1885,0.9318850000000001
2025-05-01,KZT,100,15.9067,0.15906700000000001
2025-05-01,TJS,10,77.012,7.7012
2025-05-01,UZS,10000,63.0111,0.0063011099999999995
2025-05-06,AMD,100,21.0326,0.21032599999999999
2025-05-06,KGS,100,93.6692,0.9366920000000001
2025-05-06,KZT,100,15.8698,0.158698
2025-05-06,TJS,10,78.8534,7.885339999999999
2025-05-06,UZS,10000,63.4249,0.00634249
2025-05-07,AMD,100,20.7889,0.20788900000000002
2025-05-07,KGS,100,92.5836,0.925836
2025-05-07,KZT,100,15.6142,0.156142
2025-05-07,TJS,10,77.7495,7.77495
2025-05-07,UZS,10000,62.5787,0.00625787
2025-05-08,AMD,100,20.772,0.20772
2025-05-08,KGS,100,92.4656,0.9246559999999999
2025-05-08,KZT,100,15.7165,0.157165
2025-05-08,TJS,10,77.5915,7.75915
2025-05-08,UZS,10000,62.5622,0.00625622
2025-05-13,AMD,100,20.8014,0.208014
2025-05-13,KGS,100,92.4966,0.924966
2025-05-13,KZT,100,15.6757,0.156757
2025-05-13,TJS,10,77.66,7.766
2025-05-13,UZS,10000,62.7998,0.00627998
2025-05-14,AMD,100,20.756,0.20756
2025-05-14,KGS,100,92.1098,0.9210980000000001
2025-05-14,KZT,100,15.6791,0.156791
2025-05-14,TJS,10,77.3352,7.73352
2025-05-14,UZS,10000,62.4634,0.00624634
2025-05-15,AMD,100,20.6767,0.206767
2025-05-15,KGS,100,91.7366,0.9173659999999999
2025-05-15,KZT,100,15.7283,0.157283
2025-05-15,TJS,10,77.1552,7.71552
2025-05-15,UZS,10000,62.0193,0.0062019300000000005
2025-05-16,AMD,100,20.756,0.20756
2025-05-16,KGS,100,91.8392,0.9183920000000001
2025-05-16,KZT,100,15.8656,0.15865600000000002
2025-05-16,TJS,10,77.2415,7.72415
2025-05-16,UZS,10000,61.874,0.0061874
2025-05-17,AMD,100,20.9067,0.209067
2025-05-17,KGS,100,92.3601,0.923601
2025-05-17,KZT,100,15.819,0.15819
2025-05-17,TJS,10,77.7761,7.77761
2025-05-17,UZS,10000,62.296,0.0062296
2025-05-20,AMD,100,20.8218,0.208218
2025-05-20,KGS,100,91.9539,0.919539
2025-05-20,KZT,100,15.7826,0.157826
2025-05-20,TJS,10,77.502,7.7501999999999995
2025-05-20,UZS,10000,62.2537,0.00622537
2025-05-21,AMD,100,20.8634,0.208634
2025-05-21,KGS,100,91.8325,0.918325
2025-05-21,KZT,100,15.7225,0.157225
2025-05-21,TJS,10,77.7736,7.77736
2025-05-21,UZS,10000,62.4565,0.00624565
2025-05-22,AMD,100,20.7118,0.207118
2025-05-22,KGS,100,91.1984,0.911984
2025-05-22,KZT,100,15.5892,0.155892
2025-05-22,TJS,10,77.3287,7.73287
2025-05-22,UZS,10000,61.858,0.0061858
2025-05-23,AMD,100,20.7407,0.207407
2025-05-23,KGS,100,91.1786,0.911786
2025-05-23,KZT,100,15.6164,0.156164
2025-05-23,TJS,10,77.4088,7.74088
2025-05-23,UZS,10000,61.6294,0.0061629399999999996
2025-05-24,AMD,100,20.7705,0.20770499999999997
2025-05-24,KGS,100,91.1501,0.9115009999999999
2025-05-24,KZT,100,15.7199,0.157199
2025-05-24,TJS,10,77.5752,7.7575199999999995
2025-05-24,UZS,10000,61.7697,0.00617697
2025-05-27,AMD,100,20.7369,0.207369
2025-05-27,KGS,100,91.0907,0.910907
2025-05-27,KZT,100,15.5937,0.155937
2025-05-27,TJS,10,77.9021,7.79021
2025-05-27,UZS,10000,61.675,0.006167499999999999
2025-05-28,AMD,100,20.7143,0.20714300000000002
2025-05-28,KGS,100,91.0436,0.910436
2025-05-28,KZT,100,15.5795,0.155795
2025-05-28,TJS,10,78.2575,7.825749999999999
2025-05-28,UZS,10000,61.5286,0.00615286
2025-05-29,AMD,100,20.7107,0.20710699999999999
2025-05-29,KGS,100,91.0277,0.910277
2025-05-29,KZT,100,15.5427,0.155427
2025-05-29,TJS,10,78.6404,7.86404
2025-05-29,UZS,10000,61.771,0.0061771000000000005
2025-05-30,AMD,100,20.4339,0.20433900000000002
2025-05-30,KGS,100,89.7621,0.897621
2025-05-30,KZT,100,15.3117,0.153117
2025-05-30,TJS,10,78.4029,7.84029
2025-05-30,UZS,10000,61.177,0.0061177
2025-05-31,AMD,100,20.4764,0.20476400000000003
2025-05-31,KGS,100,89.8995,0.898995
2025-05-31,KZT,100,15.4375,0.154375
2025-05-31,TJS,10,78.736,7.873600000000001
2025-05-31,UZS,10000,61.5723,0.00615723
2025-06-03,AMD,100,20.6091,0.20609100000000002
2025-06-03,KGS,100,90.4843,0.9048430000000001
2025-06-03,KZT,100,15.4908,0.154908
2025-06-03,TJS,10,79.6125,7.96125
2025-06-03,UZS,10000,61.8654,0.00618654
2025-06-04,AMD,100,20.5426,0.205426
2025-06-04,KGS,100,90.1714,0.901714
2025-06-04,KZT,100,15.4203,0.15420299999999998
2025-06-04,TJS,10,79.7231,7.97231
2025-06-04,UZS,10000,61.4393,0.006143930000000001
2025-06-05,AMD,100,20.4561,0.204561
2025-06-05,KGS,100,89.7684,0.897684
2025-06-05,KZT,100,15.3295,0.153295
2025-06-05,TJS,10,79.3668,7.93668
2025-06-05,UZS,10000,61.0565,0.00610565
2025-06-06,AMD,100,20.6383,0.206383
2025-06-06,KGS,100,90.4828,0.904828
2025-06-06,KZT,100,15.4645,0.154645
2025-06-06,TJS,10,80.0445,8.00445
2025-06-06,UZS,10000,61.6649,0.00616649
2025-06-07,AMD,100,20.6463,0.206463
2025-06-07,KGS,100,90.5321,0.905321
2025-06-07,KZT,100,15.5178,0.15517799999999998
2025-06-07,TJS,10,80.0881,8.00881
2025-06-07,UZS,10000,61.6985,0.00616985
2025-06-10,AMD,100,20.6615,0.206615
2025-06-10,KGS,100,90.5138,0.905138
2025-06-10,KZT,100,15.5147,0.155147
2025-06-10,TJS,10,79.8965,7.98965
2025-06-10,UZS,10000,61.9481,0.006194809999999999
2025-06-11,AMD,100,20.4934,0.204934
2025-06-11,KGS,100,89.8803,0.898803
2025-06-11,KZT,100,15.4573,0.154573
2025-06-11,TJS,10,79.1528,7.91528
2025-06-11,UZS,10000,61.8313,0.00618313
2025-06-12,AMD,100,20.6139,0.20613900000000002
2025-06-12,KGS,100,90.3405,0.903405
2025-06-12,KZT,100,15.5389,0.155389
2025-06-12,TJS,10,79.5581,7.95581
2025-06-12,UZS,10000,62.3327,0.00623327
2025-06-17,AMD,100,20.4572,0.204572
2025-06-17,KGS,100,89.7732,0.897732
2025-06-17,KZT,100,15.3357,0.153357
2025-06-17,TJS,10,77.4274,7.74274
2025-06-17,UZS,10000,61.5246,0.00615246
2025-06-18,AMD,100,20.4834,0.204834
2025-06-18,KGS,100,90.0097,0.9000969999999999
2025-06-18,KZT,100,15.3605,0.153605
2025-06-18,TJS,10,77.7532,7.775320000000001
2025-06-18,UZS,10000,61.9054,0.0061905400000000005
2025-06-19,AMD,100,20.4759,0.204759
2025-06-19,KGS,100,90.0142,0.900142
2025-06-19,KZT,100,15.2126,0.152126
2025-06-19,TJS,10,78.0431,7.804309999999999
2025-06-19,UZS,10000,62.1381,0.00621381
2025-06-20,AMD,100,20.3955,0.203955
2025-06-20,KGS,100,89.7472,0.897472
2025-06-20,KZT,100,15.1277,0.151277
2025-06-20,TJS,10,79.1855,7.918550000000001
2025-06-20,UZS,10000,62.1968,0.00621968
2025-06-21,AMD,100,20.3541,0.203541
2025-06-21,KGS,100,89.7674,0.897674
2025-06-21,KZT,100,15.1095,0.151095
2025-06-21,TJS,10,79.2017,7.920170000000001
2025-06-21,UZS,10000,62.505,0.0062505
2025-06-24,AMD,100,20.2788,0.202788
2025-06-24,KGS,100,89.5654,0.895654
2025-06-24,KZT,100,15.0109,0.150109
2025-06-24,TJS,10,79.0831,7.90831
2025-06-24,UZS,10000,62.6492,0.00626492
2025-06-25,AMD,100,20.3281,0.203281
2025-06-25,KGS,100,89.8272,0.8982720000000001
2025-06-25,KZT,100,14.9752,0.149752
2025-06-25,TJS,10,79.1418,7.91418
2025-06-25,UZS,10000,63.1611,0.00631611
2025-06-26,AMD,100,20.2953,0.20295300000000002
2025-06-26,KGS,100,89.6414,0.896414
2025-06-26,KZT,100,15.0591,0.150591
2025-06-26,TJS,10,78.9467,7.8946700000000005
2025-06-26,UZS,10000,62.7764,0.00627764
2025-06-27,AMD,100,20.3195,0.20319500000000001
2025-06-27,KGS,100,89.599,0.8959900000000001
2025-06-27,KZT,100,15.0842,0.150842
2025-06-27,TJS,10,79.0001,7.90001
2025-06-27,UZS,10000,62.4107,0.00624107
2025-06-28,AMD,100,20.4175,0.204175
2025-06-28,KGS,100,89.7871,0.897871
2025-06-28,KZT,100,15.1384,0.15138400000000002
2025-06-28,TJS,10,79.2595,7.92595
2025-06-28,UZS,10000,62.3438,0.00623438
2025-07-01,AMD,100,20.4251,0.20425100000000002
2025-07-01,KGS,100,89.8194,0.898194
2025-07-01,KZT,100,15.0903,0.15090299999999998
2025-07-01,TJS,10,79.32,7.9319999999999995
2025-07-01,UZS,10000,62.0575,0.0062057499999999995
2025-07-02,AMD,100,20.3514,0.20351400000000003
2025-07-02,KGS,100,89.6719,0.8967189999999999
2025-07-02,KZT,100,15.0909,0.150909
2025-07-02,TJS,10,79.5848,7.95848
2025-07-02,UZS,10000,61.771,0.0061771000000000005
2025-07-03,AMD,100,20.4556,0.20455600000000002
2025-07-03,KGS,100,89.9417,0.899417
2025-07-03,KZT,100,15.1464,0.151464
2025-07-03,TJS,10,79.7684,7.97684
2025-07-03,UZS,10000,62.049,0.0062049
2025-07-04,AMD,100,20.4919,0.20491900000000002
2025-07-04,KGS,100,90.0893,0.9008929999999999
2025-07-04,KZT,100,15.1982,0.151982
2025-07-04,TJS,10,80.6039,8.06039
2025-07-04,UZS,10000,62.5674,0.00625674
2025-07-05,AMD,100,20.5162,0.205162
2025-07-05,KGS,100,90.1491,0.901491
2025-07-05,KZT,100,15.1732,0.151732
2025-07-05,TJS,10,80.6575,8.06575
2025-07-05,UZS,10000,62.7792,0.00627792
2025-07-08,AMD,100,20.4937,0.204937
2025-07-08,KGS,100,90.0154,0.900154
2025-07-08,KZT,100,15.1525,0.151525
2025-07-08,TJS,10,80.8779,8.08779
2025-07-08,UZS,10000,62.4416,0.00624416
2025-07-09,AMD,100,20.3462,0.203462
2025-07-09,KGS,100,89.3862,0.893862
2025-07-09,KZT,100,15.0465,0.150465
2025-07-09,TJS,10,80.9773,8.09773
2025-07-09,UZS,10000,61.6627,0.00616627
2025-07-10,AMD,100,20.367,0.20367000000000002
2025-07-10,KGS,100,89.3913,0.893913
2025-07-10,KZT,100,15.0454,0.150454
2025-07-10,TJS,10,80.982,8.0982
2025-07-10,UZS,10000,61.4948,0.00614948
2025-07-11,AMD,100,20.301,0.20301
2025-07-11,KGS,100,89.0828,0.8908280000000001
2025-07-11,KZT,100,15.0111,0.150111
2025-07-11,TJS,10,80.5948,8.05948
2025-07-11,UZS,10000,61.5672,0.00615672
2025-07-12,AMD,100,20.2874,0.20287400000000003
2025-07-12,KGS,100,89.0629,0.890629
2025-07-12,KZT,100,15.0259,0.150259
2025-07-12,TJS,10,80.4004,8.040040000000001
2025-07-12,UZS,10000,61.6459,0.00616459
2025-07-15,AMD,100,20.402,0.20402
2025-07-15,KGS,100,89.6264,0.8962640000000001
2025-07-15,KZT,100,15.0447,0.150447
2025-07-15,TJS,10,80.9028,8.09028
2025-07-15,UZS,10000,62.1259,0.0062125900000000005
2025-07-16,AMD,100,20.2953,0.20295300000000002
2025-07-16,KGS,100,89.1463,0.891463
2025-07-16,KZT,100,14.8707,0.148707
2025-07-16,TJS,10,81.2439,8.12439
2025-07-16,UZS,10000,61.3887,0.00613887
2025-07-17,AMD,100,20.3038,0.203038
2025-07-17,KGS,100,89.1464,0.891464
2025-07-17,KZT,100,14.8247,0.148247
2025-07-17,TJS,10,81.244,8.1244
2025-07-17,UZS,10000,61.0094,0.00610094
2025-07-18,AMD,100,20.3545,0.203545
2025-07-18,KGS,100,89.4061,0.894061
2025-07-18,KZT,100,14.8501,0.148501
2025-07-18,TJS,10,81.5759,8.15759
2025-07-18,UZS,10000,61.2819,0.00612819
2025-07-19,AMD,100,20.3818,0.20381799999999997
2025-07-19,KGS,100,89.5516,0.895516
2025-07-19,KZT,100,14.7,0.147
2025-07-19,TJS,10,81.5674,8.156740000000001
2025-07-19,UZS,10000,61.8674,0.0061867400000000005
2025-07-22,AMD,100,20.4068,0.204068
2025-07-22,KGS,100,89.5682,0.8956820000000001
2025-07-22,KZT,100,14.6788,0.146788
2025-07-22,TJS,10,81.7511,8.17511
2025-07-22,UZS,10000,62.2723,0.00622723
2025-07-23,AMD,100,20.3371,0.203371
2025-07-23,KGS,100,89.2947,0.892947
2025-07-23,KZT,100,14.7492,0.147492
2025-07-23,TJS,10,81.5015,8.15015
2025-07-23,UZS,10000,61.9575,0.006195750000000001
2025-07-24,AMD,100,20.4344,0.204344
2025-07-24,KGS,100,89.7866,0.897866
2025-07-24,KZT,100,14.7469,0.147469
2025-07-24,TJS,10,81.857,8.1857
2025-07-24,UZS,10000,61.7503,0.006175030000000001
2025-07-25,AMD,100,20.551,0.20550999999999997
2025-07-25,KGS,100,90.332,0.9033199999999999
2025-07-25,KZT,100,14.641,0.14641
2025-07-25,TJS,10,82.2897,8.22897
2025-07-25,UZS,10000,61.7921,0.00617921
2025-07-26,AMD,100,20.7201,0.207201
2025-07-26,KGS,100,91.1257,0.911257
2025-07-26,KZT,100,14.6795,0.146795
2025-07-26,TJS,10,83.4026,8.34026
2025-07-26,UZS,10000,62.8702,0.00628702
2025-07-29,AMD,100,20.7359,0.20735900000000002
2025-07-29,KGS,100,91.1549,0.9115489999999999
2025-07-29,KZT,100,14.605,0.14605
2025-07-29,TJS,10,83.3917,8.33917
2025-07-29,UZS,10000,63.249,0.0063249000000000005
2025-07-30,AMD,100,21.4203,0.214203
2025-07-30,KGS,100,94.163,0.94163
2025-07-30,KZT,100,15.1851,0.151851
2025-07-30,TJS,10,86.1598,8.61598
2025-07-30,UZS,10000,65.7004,0.00657004
2025-07-31,AMD,100,21.32,0.2132
2025-07-31,KGS,100,93.5788,0.9357880000000001
2025-07-31,KZT,100,15.0978,0.150978
2025-07-31,TJS,10,85.8959,8.58959
2025-07-31,UZS,10000,65.4677,0.0065467699999999995
2025-08-01,AMD,100,20.9255,0.209255
2025-08-01,KGS,100,91.8425,0.918425
2025-08-01,KZT,100,14.7003,0.147003
2025-08-01,TJS,10,84.3021,8.430209999999999
2025-08-01,UZS,10000,63.7858,0.00637858
2025-08-02,AMD,100,20.9435,0.209435
2025-08-02,KGS,100,91.8569,0.918569
2025-08-02,KZT,100,14.8543,0.148543
2025-08-02,TJS,10,84.5425,8.45425
2025-08-02,UZS,10000,63.2889,0.00632889
2025-08-05,AMD,100,20.7721,0.207721
2025-08-05,KGS,100,91.1076,0.911076
2025-08-05,KZT,100,14.6664,0.146664
2025-08-05,TJS,10,83.9712,8.39712
2025-08-05,UZS,10000,62.6111,0.00626111
2025-08-06,AMD,100,20.8445,0.208445
2025-08-06,KGS,100,91.5369,0.915369
2025-08-06,KZT,100,14.7741,0.147741
2025-08-06,TJS,10,84.6828,8.46828
2025-08-06,UZS,10000,63.4238,0.00634238
2025-08-07,AMD,100,20.9006,0.209006
2025-08-07,KGS,100,91.6997,0.9169970000000001
2025-08-07,KZT,100,14.9185,0.149185
2025-08-07,TJS,10,85.4254,8.542539999999999
2025-08-07,UZS,10000,64.0256,0.00640256
2025-08-08,AMD,100,20.692,0.20692
2025-08-08,KGS,100,90.7772,0.9077719999999999
2025-08-08,KZT,100,14.7946,0.14794600000000002
2025-08-08,TJS,10,84.5661,8.456610000000001
2025-08-08,UZS,10000,63.4926,0.006349260000000001
2025-08-09,AMD,100,20.7981,0.20798100000000003
2025-08-09,KGS,100,91.2288,0.9122880000000001
2025-08-09,KZT,100,14.791,0.14791
2025-08-09,TJS,10,85.0629,8.50629
2025-08-09,UZS,10000,63.3485,0.00633485
2025-08-12,AMD,100,20.7695,0.20769500000000002
2025-08-12,KGS,100,91.1235,0.911235
2025-08-12,KZT,100,14.7672,0.147672
2025-08-12,TJS,10,85.0015,8.50015
2025-08-12,UZS,10000,62.8651,0.0062865099999999995
2025-08-13,AMD,100,20.8101,0.20810099999999998
2025-08-13,KGS,100,91.4384,0.914384
2025-08-13,KZT,100,14.7185,0.147185
2025-08-13,TJS,10,85.3136,8.53136
2025-08-13,UZS,10000,63.4436,0.00634436
2025-08-14,AMD,100,20.7538,0.20753799999999997
2025-08-14,KGS,100,91.1313,0.9113129999999999
2025-08-14,KZT,100,14.6791,0.146791
2025-08-14,TJS,10,85.1025,8.510250000000001
2025-08-14,UZS,10000,63.6325,0.00636325
2025-08-15,AMD,100,20.7993,0.20799299999999998
2025-08-15,KGS,100,91.2868,0.912868
2025-08-15,KZT,100,14.8274,0.14827400000000002
2025-08-15,TJS,10,85.2795,8.52795
2025-08-15,UZS,10000,63.8237,0.00638237
2025-08-16,AMD,100,20.8881,0.208881
2025-08-16,KGS,100,91.5211,0.915211
2025-08-16,KZT,100,14.8732,0.148732
2025-08-16,TJS,10,85.6111,8.56111
2025-08-16,UZS,10000,63.6009,0.0063600900000000005
2025-08-19,AMD,100,20.9841,0.20984100000000003
2025-08-19,KGS,100,91.9675,0.919675
2025-08-19,KZT,100,14.8697,0.148697
2025-08-19,TJS,10,85.9661,8.59661
2025-08-19,UZS,10000,64.0975,0.00640975
2025-08-20,AMD,100,20.9799,0.209799
2025-08-20,KGS,100,91.8772,0.918772
2025-08-20,KZT,100,14.879,0.14879
2025-08-20,TJS,10,85.8817,8.58817
2025-08-20,UZS,10000,64.2917,0.0064291700000000005
2025-08-21,AMD,100,20.9276,0.20927600000000002
2025-08-21,KGS,100,91.6084,0.916084
2025-08-21,KZT,100,14.8736,0.148736
2025-08-21,TJS,10,85.5077,8.55077
2025-08-21,UZS,10000,63.9561,0.00639561
2025-08-22,AMD,100,20.9707,0.209707
2025-08-22,KGS,100,91.7743,0.917743
2025-08-22,KZT,100,14.9081,0.149081
2025-08-22,TJS,10,85.3067,8.53067
2025-08-22,UZS,10000,64.3767,0.00643767
2025-08-23,AMD,100,21.1044,0.21104399999999998
2025-08-23,KGS,100,92.3621,0.923621
2025-08-23,KZT,100,15.0162,0.150162
2025-08-23,TJS,10,85.8328,8.58328
2025-08-23,UZS,10000,65.0485,0.00650485
2025-08-26,AMD,100,21.0763,0.210763
2025-08-26,KGS,100,92.3471,0.9234709999999999
2025-08-26,KZT,100,15.0155,0.15015499999999998
2025-08-26,TJS,10,84.4427,8.44427
2025-08-26,UZS,10000,65.2939,0.0065293899999999995
2025-08-27,AMD,100,21.0522,0.210522
2025-08-27,KGS,100,92.1887,0.921887
2025-08-27,KZT,100,15.0239,0.15023899999999998
2025-08-27,TJS,10,83.8524,8.38524
2025-08-27,UZS,10000,65.4381,0.006543810000000001
2025-08-28,AMD,100,21.0444,0.210444
2025-08-28,KGS,100,92.0917,0.920917
2025-08-28,KZT,100,15.0677,0.150677
2025-08-28,TJS,10,83.7529,8.37529
2025-08-28,UZS,10000,65.1108,0.00651108
2025-08-29,AMD,100,20.9656,0.20965599999999998
2025-08-29,KGS,100,91.913,0.91913
2025-08-29,KZT,100,14.9344,0.149344
2025-08-29,TJS,10,83.6678,8.36678
2025-08-29,UZS,10000,64.6837,0.00646837
2025-08-30,AMD,100,21.0006,0.210006
2025-08-30,KGS,100,91.9217,0.9192170000000001
2025-08-30,KZT,100,14.9382,0.14938200000000001
2025-08-30,TJS,10,84.0465,8.40465
2025-08-30,UZS,10000,64.356,0.0064356
2025-09-02,AMD,100,21.0204,0.21020399999999997
2025-09-02,KGS,100,92.033,0.92033
2025-09-02,KZT,100,14.9341,0.149341
2025-09-02,TJS,10,85.0161,8.50161
2025-09-02,UZS,10000,64.4317,0.006443170000000001
2025-09-03,AMD,100,21.0606,0.21060600000000002
2025-09-03,KGS,100,92.2325,0.9223250000000001
2025-09-03,KZT,100,14.9654,0.149654
2025-09-03,TJS,10,85.5824,8.558240000000001
2025-09-03,UZS,10000,64.6791,0.00646791
2025-09-04,AMD,100,21.1287,0.21128699999999997
2025-09-04,KGS,100,92.4652,0.9246519999999999
2025-09-04,KZT,100,14.9845,0.149845
2025-09-04,TJS,10,85.9536,8.59536
2025-09-04,UZS,10000,65.0805,0.0065080500000000005
2025-09-05,AMD,100,21.2682,0.212682
2025-09-05,KGS,100,92.9648,0.9296479999999999
2025-09-05,KZT,100,15.0501,0.150501
2025-09-05,TJS,10,85.903,8.590300000000001
2025-09-05,UZS,10000,65.6975,0.006569750000000001
2025-09-06,AMD,100,21.3067,0.213067
2025-09-06,KGS,100,93.2597,0.9325969999999999
2025-09-06,KZT,100,15.1015,0.151015
2025-09-06,TJS,10,86.1755,8.61755
2025-09-06,UZS,10000,65.5742,0.0065574200000000004
2025-09-09,AMD,100,21.5267,0.21526700000000001
2025-09-09,KGS,100,94.1563,0.941563
2025-09-09,KZT,100,15.3073,0.153073
2025-09-09,TJS,10,86.981,8.6981
2025-09-09,UZS,10000,65.7624,0.00657624
2025-09-10,AMD,100,21.7372,0.217372
2025-09-10,KGS,100,95.1887,0.9518869999999999
2025-09-10,KZT,100,15.5556,0.155556
2025-09-10,TJS,10,87.9347,8.793470000000001
2025-09-10,UZS,10000,66.9184,0.00669184
2025-09-11,AMD,100,22.2022,0.22202200000000002
2025-09-11,KGS,100,97.1082,0.971082
2025-09-11,KZT,100,15.8211,0.158211
2025-09-11,TJS,10,89.7079,8.97079
2025-09-11,UZS,10000,68.7334,0.00687334
2025-09-12,AMD,100,22.3814,0.22381399999999999
2025-09-12,KGS,100,97.9585,0.979585
2025-09-12,KZT,100,15.9169,0.159169
2025-09-12,TJS,10,90.0407,9.00407
2025-09-12,UZS,10000,69.3032,0.00693032
2025-09-13,AMD,100,22.0043,0.22004300000000002
2025-09-13,KGS,100,96.4892,0.964892
2025-09-13,KZT,100,15.6581,0.156581
2025-09-13,TJS,10,88.6901,8.86901
2025-09-13,UZS,10000,67.7894,0.00677894
2025-09-16,AMD,100,21.683,0.21683
2025-09-16,KGS,100,94.9935,0.949935
2025-09-16,KZT,100,15.3598,0.153598
2025-09-16,TJS,10,87.3089,8.730889999999999
2025-09-16,UZS,10000,66.8487,0.006684869999999999
2025-09-17,AMD,100,21.6214,0.21621400000000002
2025-09-17,KGS,100,94.7252,0.947252
2025-09-17,KZT,100,15.3065,0.153065
2025-09-17,TJS,10,87.4895,8.74895
2025-09-17,UZS,10000,67.1029,0.006710290000000001
2025-09-18,AMD,100,21.6741,0.216741
2025-09-18,KGS,100,94.9099,0.9490989999999999
2025-09-18,KZT,100,15.3832,0.153832
2025-09-18,TJS,10,87.6614,8.76614
2025-09-18,UZS,10000,67.5601,0.006756010000000001
2025-09-19,AMD,100,21.7393,0.217393
2025-09-19,KGS,100,95.1086,0.951086
2025-09-19,KZT,100,15.3736,0.15373599999999998
2025-09-19,TJS,10,88.1307,8.81307
2025-09-19,UZS,10000,67.8723,0.006787229999999999
2025-09-20,AMD,100,21.8337,0.218337
2025-09-20,KGS,100,95.5865,0.955865
2025-09-20,KZT,100,15.4414,0.154414
2025-09-20,TJS,10,88.6177,8.86177
2025-09-20,UZS,10000,67.8785,0.006787850000000001
2025-09-23,AMD,100,21.9112,0.219112
2025-09-23,KGS,100,96.0762,0.960762
2025-09-23,KZT,100,15.5248,0.155248
2025-09-23,TJS,10,89.1198,8.91198
2025-09-23,UZS,10000,68.032,0.0068032
2025-09-24,AMD,100,21.7711,0.21771100000000002
2025-09-24,KGS,100,95.3123,0.9531229999999999
2025-09-24,KZT,100,15.3594,0.153594
2025-09-24,TJS,10,88.4403,8.84403
2025-09-24,UZS,10000,68.0017,0.00680017
2025-09-25,AMD,100,21.9459,0.21945900000000002
2025-09-25,KGS,100,96.0451,0.960451
2025-09-25,KZT,100,15.411,0.15411
2025-09-25,TJS,10,89.2036,8.920359999999999
2025-09-25,UZS,10000,69.0093,0.0069009299999999996
2025-09-26,AMD,100,21.8027,0.21802700000000003
2025-09-26,KGS,100,95.6054,0.9560540000000001
2025-09-26,KZT,100,15.4029,0.154029
2025-09-26,TJS,10,88.9085,8.89085
2025-09-26,UZS,10000,68.4232,0.00684232
2025-09-27,AMD,100,21.8473,0.218473
2025-09-27,KGS,100,95.611,0.95611
2025-09-27,KZT,100,15.4356,0.15435600000000002
2025-09-27,TJS,10,88.9137,8.89137
2025-09-27,UZS,10000,68.5359,0.00685359
2025-09-30,AMD,100,21.6506,0.216506
2025-09-30,KGS,100,94.8121,0.948121
2025-09-30,KZT,100,15.2257,0.152257
2025-09-30,TJS,10,88.173,8.8173
2025-09-30,UZS,10000,68.2674,0.0068267399999999995
2025-10-01,AMD,100,21.5958,0.215958
2025-10-01,KGS,100,94.5072,0.945072
2025-10-01,KZT,100,15.0528,0.150528
2025-10-01,TJS,10,87.8972,8.789719999999999
2025-10-01,UZS,10000,68.4538,0.00684538
2025-10-02,AMD,100,21.293,0.21292999999999998
2025-10-02,KGS,100,93.1923,0.9319230000000001
2025-10-02,KZT,100,14.8429,0.148429
2025-10-02,TJS,10,86.8363,8.683629999999999
2025-10-02,UZS,10000,67.5326,0.0067532600000000005
2025-10-03,AMD,100,21.1323,0.211323
2025-10-03,KGS,100,92.6341,0.9263410000000001
2025-10-03,KZT,100,14.7516,0.147516
2025-10-03,TJS,10,86.4128,8.64128
2025-10-03,UZS,10000,67.0373,0.00670373
2025-10-04,AMD,100,21.3964,0.213964
2025-10-04,KGS,100,93.6611,0.9366110000000001
2025-10-04,KZT,100,14.9731,0.149731
2025-10-04,TJS,10,87.9043,8.79043
2025-10-04,UZS,10000,67.685,0.0067685
2025-10-07,AMD,100,21.6948,0.216948
2025-10-07,KGS,100,94.9114,0.949114
2025-10-07,KZT,100,15.1579,0.151579
2025-10-07,TJS,10,89.1036,8.91036
2025-10-07,UZS,10000,68.8198,0.00688198
2025-10-08,AMD,100,21.4136,0.214136
2025-10-08,KGS,100,93.6934,0.9369339999999999
2025-10-08,KZT,100,15.0155,0.15015499999999998
2025-10-08,TJS,10,87.9602,8.79602
2025-10-08,UZS,10000,68.149,0.0068149000000000005
2025-10-09,AMD,100,21.3058,0.21305800000000003
2025-10-09,KGS,100,93.2508,0.932508
2025-10-09,KZT,100,15.056,0.15056
2025-10-09,TJS,10,87.5239,8.75239
2025-10-09,UZS,10000,67.7382,0.006773820000000001
2025-10-10,AMD,100,21.281,0.21281
2025-10-10,KGS,100,93.0966,0.930966
2025-10-10,KZT,100,15.0743,0.150743
2025-10-10,TJS,10,87.4017,8.74017
2025-10-10,UZS,10000,67.4371,0.00674371
2025-10-11,AMD,100,21.2161,0.21216100000000002
2025-10-11,KGS,100,92.8414,0.928414
2025-10-11,KZT,100,14.9924,0.149924
2025-10-11,TJS,10,87.3798,8.73798
2025-10-11,UZS,10000,66.9696,0.00669696
2025-10-14,AMD,100,21.1346,0.21134599999999998
2025-10-14,KGS,100,92.4583,0.9245829999999999
2025-10-14,KZT,100,14.9992,0.14999200000000001
2025-10-14,TJS,10,87.2653,8.72653
2025-10-14,UZS,10000,66.597,0.006659699999999999
2025-10-15,AMD,100,20.8895,0.20889500000000003
2025-10-15,KGS,100,91.4338,0.9143380000000001
2025-10-15,KZT,100,14.8686,0.148686
2025-10-15,TJS,10,86.4383,8.64383
2025-10-15,UZS,10000,65.8122,0.0065812200000000005
2025-10-16,AMD,100,20.6023,0.20602299999999998
2025-10-16,KGS,100,90.1532,0.901532
2025-10-16,KZT,100,14.6369,0.146369
2025-10-16,TJS,10,85.2452,8.524519999999999
2025-10-16,UZS,10000,64.7011,0.006470109999999999
2025-10-17,AMD,100,20.6766,0.206766
2025-10-17,KGS,100,90.4333,0.904333
2025-10-17,KZT,100,14.6571,0.146571
2025-10-17,TJS,10,85.6693,8.566930000000001
2025-10-17,UZS,10000,64.6445,0.006464449999999999
2025-10-18,AMD,100,21.1672,0.211672
2025-10-18,KGS,100,92.6054,0.926054
2025-10-18,KZT,100,15.0572,0.150572
2025-10-18,TJS,10,87.7945,8.77945
2025-10-18,UZS,10000,66.5928,0.00665928
2025-10-21,AMD,100,21.2418,0.21241800000000002
2025-10-21,KGS,100,93.034,0.9303400000000001
2025-10-21,KZT,100,15.1697,0.151697
2025-10-21,TJS,10,88.2831,8.82831
2025-10-21,UZS,10000,67.1924,0.0067192400000000005
2025-10-22,AMD,100,21.2657,0.21265699999999998
2025-10-22,KGS,100,93.0217,0.930217
2025-10-22,KZT,100,15.117,0.15117
2025-10-22,TJS,10,88.3127,8.83127
2025-10-22,UZS,10000,67.4515,0.006745149999999999
2025-10-23,AMD,100,21.3471,0.21347100000000002
2025-10-23,KGS,100,93.3732,0.933732
2025-10-23,KZT,100,15.1617,0.151617
2025-10-23,TJS,10,88.6464,8.86464
2025-10-23,UZS,10000,67.9833,0.00679833
2025-10-24,AMD,100,21.2446,0.212446
2025-10-24,KGS,100,92.932,0.92932
2025-10-24,KZT,100,15.0909,0.150909
2025-10-24,TJS,10,87.8669,8.78669
2025-10-24,UZS,10000,67.1573,0.0067157300000000005
2025-10-25,AMD,100,21.1386,0.211386
2025-10-25,KGS,100,92.5915,0.9259149999999999
2025-10-25,KZT,100,15.0474,0.150474
2025-10-25,TJS,10,87.5451,8.75451
2025-10-25,UZS,10000,66.7566,0.006675660000000001
2025-10-28,AMD,100,20.6388,0.206388
2025-10-28,KGS,100,90.32,0.9031999999999999
2025-10-28,KZT,100,14.6776,0.146776
2025-10-28,TJS,10,84.7804,8.47804
2025-10-28,UZS,10000,65.1832,0.00651832
2025-10-29,AMD,100,20.852,0.20852
2025-10-29,KGS,100,91.272,0.9127200000000001
2025-10-29,KZT,100,14.8324,0.148324
2025-10-29,TJS,10,85.8676,8.58676
2025-10-29,UZS,10000,66.2195,0.00662195
2025-10-30,AMD,100,20.7703,0.207703
2025-10-30,KGS,100,90.8765,0.9087649999999999
2025-10-30,KZT,100,14.8315,0.148315
2025-10-30,TJS,10,85.4762,8.54762
2025-10-30,UZS,10000,66.2016,0.00662016
2025-10-31,AMD,100,21.0346,0.210346
2025-10-31,KGS,100,92.0568,0.9205679999999999
2025-10-31,KZT,100,15.1851,0.151851
2025-10-31,TJS,10,86.6983,8.669830000000001
2025-10-31,UZS,10000,67.1394,0.00671394
2025-11-01,AMD,100,21.1618,0.211618
2025-11-01,KGS,100,92.5965,0.925965
2025-11-01,KZT,100,15.2764,0.152764
2025-11-01,TJS,10,87.2375,8.723749999999999
2025-11-01,UZS,10000,67.533,0.0067533
2025-11-02,AMD,100,21.1384,0.21138400000000002
2025-11-02,KGS,100,92.4941,0.924941
2025-11-02,KZT,100,15.248,0.15248
2025-11-02,TJS,10,87.2774,8.72774
2025-11-02,UZS,10000,67.2637,0.00672637
2025-11-06,AMD,100,21.2219,0.21221900000000002
2025-11-06,KGS,100,92.8399,0.928399
2025-11-06,KZT,100,15.5388,0.155388
2025-11-06,TJS,10,87.5461,8.75461
2025-11-06,UZS,10000,67.9366,0.00679366
2025-11-07,AMD,100,21.276,0.21276
2025-11-07,KGS,100,93.0549,0.9305490000000001
2025-11-07,KZT,100,15.5021,0.155021
2025-11-07,TJS,10,87.7318,8.77318
2025-11-07,UZS,10000,67.9799,0.00679799
2025-11-08,AMD,100,21.2333,0.212333
2025-11-08,KGS,100,92.8824,0.9288240000000001
2025-11-08,KZT,100,15.419,0.15419
2025-11-08,TJS,10,87.5692,8.75692
2025-11-08,UZS,10000,67.559,0.0067559
2025-11-11,AMD,100,21.1738,0.211738
2025-11-11,KGS,100,92.6395,0.926395
2025-11-11,KZT,100,15.4012,0.15401199999999998
2025-11-11,TJS,10,87.3401,8.734010000000001
2025-11-11,UZS,10000,67.1736,0.0067173599999999995
2025-11-12,AMD,100,21.2685,0.21268499999999999
2025-11-12,KGS,100,93.0317,0.9303170000000001
2025-11-12,KZT,100,15.5384,0.155384
2025-11-12,TJS,10,87.6693,8.76693
2025-11-12,UZS,10000,67.7125,0.00677125
2025-11-13,AMD,100,21.2738,0.212738
2025-11-13,KGS,100,92.9505,0.929505
2025-11-13,KZT,100,15.4746,0.154746
2025-11-13,TJS,10,87.5928,8.75928
2025-11-13,UZS,10000,67.7942,0.00677942
2025-11-14,AMD,100,21.0843,0.210843
2025-11-14,KGS,100,92.1681,0.921681
2025-11-14,KZT,100,15.3628,0.153628
2025-11-14,TJS,10,86.8601,8.68601
2025-11-14,UZS,10000,67.3226,0.0067322599999999995
2025-11-15,AMD,100,21.2309,0.21230899999999997
2025-11-15,KGS,100,92.7703,0.927703
2025-11-15,KZT,100,15.4729,0.154729
2025-11-15,TJS,10,87.4276,8.74276
2025-11-15,UZS,10000,67.6904,0.00676904
2025-11-18,AMD,100,21.2539,0.212539
2025-11-18,KGS,100,92.7732,0.927732
2025-11-18,KZT,100,15.5365,0.155365
2025-11-18,TJS,10,87.4389,8.74389
2025-11-18,UZS,10000,67.3861,0.00673861
2025-11-19,AMD,100,21.218,0.21218
2025-11-19,KGS,100,92.6882,0.926882
2025-11-19,KZT,100,15.4643,0.154643
2025-11-19,TJS,10,87.3208,8.73208
2025-11-19,UZS,10000,67.4898,0.00674898
2025-11-20,AMD,100,21.2192,0.21219200000000002
2025-11-20,KGS,100,92.5612,0.925612
2025-11-20,KZT,100,15.5361,0.155361
2025-11-20,TJS,10,87.2043,8.72043
2025-11-20,UZS,10000,67.789,0.0067789
2025-11-21,AMD,100,21.1313,0.211313
2025-11-21,KGS,100,92.318,0.92318
2025-11-21,KZT,100,15.543,0.15542999999999998
2025-11-21,TJS,10,86.9686,8.69686
2025-11-21,UZS,10000,67.7798,0.006777979999999999
2025-11-22,AMD,100,20.7082,0.20708200000000002
2025-11-22,KGS,100,90.3655,0.903655
2025-11-22,KZT,100,15.2501,0.152501
2025-11-22,TJS,10,85.0559,8.50559
2025-11-22,UZS,10000,66.3255,0.006632550000000001
2025-11-25,AMD,100,20.6814,0.206814
2025-11-25,KGS,100,90.2461,0.902461
2025-11-25,KZT,100,15.2162,0.15216200000000002
2025-11-25,TJS,10,84.9381,8.49381
2025-11-25,UZS,10000,65.924,0.006592400000000001
2025-11-26,AMD,100,20.708,0.20708
2025-11-26,KGS,100,90.2933,0.902933
2025-11-26,KZT,100,15.1855,0.151855
2025-11-26,TJS,10,84.9798,8.49798
2025-11-26,UZS,10000,65.8654,0.006586539999999999
2025-11-27,AMD,100,20.6219,0.206219
2025-11-27,KGS,100,89.8732,0.898732
2025-11-27,KZT,100,15.1609,0.151609
2025-11-27,TJS,10,84.5844,8.45844
2025-11-27,UZS,10000,65.8414,0.00658414
2025-11-28,AMD,100,20.5344,0.20534400000000003
2025-11-28,KGS,100,89.48,0.8948
2025-11-28,KZT,100,15.0864,0.150864
2025-11-28,TJS,10,84.2661,8.42661
2025-11-28,UZS,10000,65.8584,0.00658584
2025-11-29,AMD,100,20.5092,0.205092
2025-11-29,KGS,100,89.455,0.89455
2025-11-29,KZT,100,15.1353,0.15135300000000002
2025-11-29,TJS,10,84.2425,8.42425
2025-11-29,UZS,10000,65.7254,0.006572539999999999
2025-12-02,AMD,100,20.3842,0.203842
2025-12-02,KGS,100,88.8539,0.888539
2025-12-02,KZT,100,15.1606,0.15160600000000002
2025-12-02,TJS,10,83.8244,8.382439999999999
2025-12-02,UZS,10000,65.0725,0.006507250000000001
2025-12-03,AMD,100,20.3187,0.203187
2025-12-03,KGS,100,88.5799,0.885799
2025-12-03,KZT,100,15.0868,0.150868
2025-12-03,TJS,10,83.5659,8.35659
2025-12-03,UZS,10000,65.1193,0.00651193
2025-12-04,AMD,100,20.4501,0.204501
2025-12-04,KGS,100,89.1431,0.8914310000000001
2025-12-04,KZT,100,15.3396,0.153396
2025-12-04,TJS,10,84.2262,8.42262
2025-12-04,UZS,10000,65.6141,0.006561409999999999
2025-12-05,AMD,100,20.1949,0.20194900000000002
2025-12-05,KGS,100,88.0169,0.8801690000000001
2025-12-05,KZT,100,15.2753,0.152753
2025-12-05,TJS,10,83.2072,8.32072
2025-12-05,UZS,10000,64.6141,0.006461409999999999
2025-12-06,AMD,100,19.9459,0.19945900000000003
2025-12-06,KGS,100,87.014,0.8701399999999999
2025-12-06,KZT,100,15.2294,0.152294
2025-12-06,TJS,10,82.2937,8.22937
2025-12-06,UZS,10000,63.6063,0.00636063
2025-12-09,AMD,100,20.2525,0.202525
2025-12-09,KGS,100,88.3628,0.883628
2025-12-09,KZT,100,15.3171,0.153171
2025-12-09,TJS,10,83.5694,8.35694
2025-12-09,UZS,10000,64.5923,0.00645923
2025-12-10,AMD,100,20.1248,0.201248
2025-12-10,KGS,100,87.8312,0.878312
2025-12-10,KZT,100,15.1108,0.151108
2025-12-10,TJS,10,83.2251,8.32251
2025-12-10,UZS,10000,64.0599,0.00640599
2025-12-11,AMD,100,20.4022,0.204022
2025-12-11,KGS,100,89.0792,0.890792
2025-12-11,KZT,100,15.1338,0.151338
2025-12-11,TJS,10,84.3967,8.43967
2025-12-11,UZS,10000,64.8993,0.00648993
2025-12-12,AMD,100,20.7783,0.20778300000000002
2025-12-12,KGS,100,90.7259,0.9072589999999999
2025-12-12,KZT,100,15.305,0.15305
2025-12-12,TJS,10,85.9968,8.59968
2025-12-12,UZS,10000,66.0015,0.006600149999999999
2025-12-13,AMD,100,20.8842,0.208842
2025-12-13,KGS,100,91.1716,0.911716
2025-12-13,KZT,100,15.332,0.15332
2025-12-13,TJS,10,86.3136,8.631359999999999
2025-12-13,UZS,10000,66.1796,0.006617959999999999
2025-12-16,AMD,100,20.8146,0.208146
2025-12-16,KGS,100,90.8513,0.9085129999999999
2025-12-16,KZT,100,15.2091,0.152091
2025-12-16,TJS,10,86.0104,8.601040000000001
2025-12-16,UZS,10000,65.672,0.0065672
2025-12-17,AMD,100,20.8063,0.208063
2025-12-17,KGS,100,90.8293,0.908293
2025-12-17,KZT,100,15.2865,0.152865
2025-12-17,TJS,10,86.1536,8.615359999999999
2025-12-17,UZS,10000,65.6146,0.00656146
2025-12-18,AMD,100,21.0658,0.21065799999999998
2025-12-18,KGS,100,91.9162,0.919162
2025-12-18,KZT,100,15.4694,0.154694
2025-12-18,TJS,10,86.9996,8.69996
2025-12-18,UZS,10000,66.6519,0.00666519
2025-12-19,AMD,100,20.9777,0.209777
2025-12-19,KGS,100,91.5153,0.915153
2025-12-19,KZT,100,15.5607,0.155607
2025-12-19,TJS,10,86.6286,8.66286
2025-12-19,UZS,10000,66.5719,0.00665719
2025-12-20,AMD,100,21.1608,0.211608
2025-12-20,KGS,100,92.3065,0.923065
2025-12-20,KZT,100,15.7184,0.15718400000000002
2025-12-20,TJS,10,87.3643,8.73643
2025-12-20,UZS,10000,67.29,0.006729000000000001
2025-12-23,AMD,100,20.7902,0.20790199999999998
2025-12-23,KGS,100,90.6971,0.9069710000000001
2025-12-23,KZT,100,15.3218,0.153218
2025-12-23,TJS,10,85.8411,8.584109999999999
2025-12-23,UZS,10000,66.1168,0.00661168
2025-12-24,AMD,100,20.5963,0.205963
2025-12-24,KGS,100,89.8628,0.898628
2025-12-24,KZT,100,15.2586,0.152586
2025-12-24,TJS,10,85.0515,8.50515
2025-12-24,UZS,10000,65.2032,0.00652032
2025-12-25,AMD,100,20.5623,0.205623
2025-12-25,KGS,100,89.6933,0.896933
2025-12-25,KZT,100,15.3743,0.153743
2025-12-25,TJS,10,84.8507,8.48507
2025-12-25,UZS,10000,64.9978,0.00649978
2025-12-26,AMD,100,20.4148,0.204148
2025-12-26,KGS,100,89.0616,0.890616
2025-12-26,KZT,100,15.2416,0.152416
2025-12-26,TJS,10,84.2066,8.42066
2025-12-26,UZS,10000,64.482,0.0064482
2025-12-27,AMD,100,20.3666,0.20366599999999999
2025-12-27,KGS,100,88.8674,0.8886740000000001
2025-12-27,KZT,100,15.1503,0.151503
2025-12-27,TJS,10,84.0162,8.40162
2025-12-27,UZS,10000,64.4358,0.00644358
2025-12-30,AMD,100,20.3027,0.203027
2025-12-30,KGS,100,88.6,0.8859999999999999
2025-12-30,KZT,100,15.3481,0.153481
2025-12-30,TJS,10,83.7505,8.37505
2025-12-30,UZS,10000,64.4029,0.00644029
2025-12-31,AMD,100,20.5126,0.205126
2025-12-31,KGS,100,89.4861,0.8948609999999999
2025-12-31,KZT,100,15.4978,0.154978
2025-12-31,TJS,10,84.5593,8.455929999999999
2025-12-31,UZS,10000,65.165,0.006516500000000001
2026-01-13,AMD,100,20.672,0.20672000000000001
2026-01-13,KGS,100,90.0987,0.900987
2026-01-13,KZT,100,15.4511,0.154511
2026-01-13,TJS,10,84.3554,8.43554
2026-01-13,UZS,10000,65.1212,0.006512120000000001
2026-01-14,AMD,100,20.7055,0.20705500000000002
2026-01-14,KGS,100,90.1699,0.901699
2026-01-14,KZT,100,15.4662,0.154662
2026-01-14,TJS,10,84.3868,8.43868
2026-01-14,UZS,10000,65.4486,0.00654486
2026-01-15,AMD,100,20.6587,0.206587
2026-01-15,KGS,100,89.8486,0.898486
2026-01-15,KZT,100,15.4137,0.154137
2026-01-15,TJS,10,84.08,8.408
2026-01-15,UZS,10000,65.4666,0.00654666
2026-01-16,AMD,100,20.6969,0.206969
2026-01-16,KGS,100,89.7987,0.897987
2026-01-16,KZT,100,15.3847,0.153847
2026-01-16,TJS,10,84.0492,8.40492
2026-01-16,UZS,10000,65.6059,0.006560590000000001
2026-01-17,AMD,100,20.483,0.20483
2026-01-17,KGS,100,89.0031,0.890031
2026-01-17,KZT,100,15.233,0.15233
2026-01-17,TJS,10,83.4315,8.34315
2026-01-17,UZS,10000,65.0628,0.00650628
2026-01-20,AMD,100,20.5227,0.205227
2026-01-20,KGS,100,88.9178,0.889178
2026-01-20,KZT,100,15.1825,0.151825
2026-01-20,TJS,10,83.3515,8.33515
2026-01-20,UZS,10000,64.5208,0.00645208
2026-01-21,AMD,100,20.5229,0.205229
2026-01-21,KGS,100,88.9934,0.8899339999999999
2026-01-21,KZT,100,15.2708,0.15270799999999998
2026-01-21,TJS,10,83.4465,8.34465
2026-01-21,UZS,10000,64.4602,0.00644602
2026-01-22,AMD,100,20.4452,0.204452
2026-01-22,KGS,100,88.6403,0.8864029999999999
2026-01-22,KZT,100,15.2876,0.15287599999999998
2026-01-22,TJS,10,83.0068,8.30068
2026-01-22,UZS,10000,63.9461,0.00639461
2026-01-23,AMD,100,20.0586,0.200586
2026-01-23,KGS,100,86.9505,0.8695050000000001
2026-01-23,KZT,100,15.0066,0.150066
2026-01-23,TJS,10,81.3556,8.13556
2026-01-23,UZS,10000,62.6503,0.00626503
2026-01-24,AMD,100,20.0292,0.200292
2026-01-24,KGS,100,86.821,0.8682099999999999
2026-01-24,KZT,100,15.0135,0.15013500000000002
2026-01-24,TJS,10,81.155,8.1155
2026-01-24,UZS,10000,62.8257,0.0062825699999999995
2026-01-27,AMD,100,20.0628,0.200628
2026-01-27,KGS,100,86.9184,0.8691840000000001
2026-01-27,KZT,100,15.1008,0.151008
2026-01-27,TJS,10,81.2456,8.124559999999999
2026-01-27,UZS,10000,62.828,0.006282800000000001
2026-01-28,AMD,100,20.2059,0.202059
2026-01-28,KGS,100,87.5389,0.875389
2026-01-28,KZT,100,15.2558,0.152558
2026-01-28,TJS,10,81.8151,8.18151
2026-01-28,UZS,10000,63.1199,0.00631199
2026-01-29,AMD,100,20.1304,0.201304
2026-01-29,KGS,100,87.2112,0.872112
2026-01-29,KZT,100,15.1843,0.151843
2026-01-29,TJS,10,81.5524,8.155240000000001
2026-01-29,UZS,10000,62.6726,0.00626726
2026-01-30,AMD,100,20.0541,0.20054099999999997
2026-01-30,KGS,100,86.9355,0.8693550000000001
2026-01-30,KZT,100,15.0873,0.150873
2026-01-30,TJS,10,81.0701,8.107009999999999
2026-01-30,UZS,10000,62.3203,0.00623203
2026-01-31,AMD,100,20.0012,0.200012
2026-01-31,KGS,100,86.6011,0.866011
2026-01-31,KZT,100,15.0511,0.150511
2026-01-31,TJS,10,80.8152,8.081520000000001
2026-01-31,UZS,10000,61.9482,0.00619482
2026-02-03,AMD,100,20.3209,0.20320900000000003
2026-02-03,KGS,100,88.0758,0.880758
2026-02-03,KZT,100,15.3731,0.153731
2026-02-03,TJS,10,82.1913,8.21913
2026-02-03,UZS,10000,62.9156,0.00629156
2026-02-04,AMD,100,20.3419,0.203419
2026-02-04,KGS,100,88.0294,0.8802939999999999
2026-02-04,KZT,100,15.2388,0.152388
2026-02-04,TJS,10,82.2419,8.22419
2026-02-04,UZS,10000,62.7992,0.00627992
2026-02-05,AMD,100,20.3326,0.203326
2026-02-05,KGS,100,87.9476,0.8794759999999999
2026-02-05,KZT,100,15.2769,0.152769
2026-02-05,TJS,10,82.1655,8.21655
2026-02-05,UZS,10000,62.7031,0.00627031
2026-02-06,AMD,100,20.2514,0.202514
2026-02-06,KGS,100,87.5384,0.8753839999999999
2026-02-06,KZT,100,15.3519,0.15351900000000002
2026-02-06,TJS,10,81.6358,8.16358
2026-02-06,UZS,10000,62.3416,0.00623416
2026-02-07,AMD,100,20.4008,0.204008
2026-02-07,KGS,100,88.1121,0.8811209999999999
2026-02-07,KZT,100,15.5633,0.155633
2026-02-07,TJS,10,82.1471,8.21471
2026-02-07,UZS,10000,62.6294,0.00626294
2026-02-10,AMD,100,20.544,0.20544
2026-02-10,KGS,100,88.7938,0.887938
2026-02-10,KZT,100,15.6986,0.15698600000000001
2026-02-10,TJS,10,82.8278,8.282779999999999
2026-02-10,UZS,10000,63.026,0.0063026
2026-02-11,AMD,100,20.4322,0.204322
2026-02-11,KGS,100,88.2894,0.882894
2026-02-11,KZT,100,15.6057,0.156057
2026-02-11,TJS,10,82.1951,8.21951
2026-02-11,UZS,10000,62.7207,0.00627207
2026-02-12,AMD,100,20.5199,0.205199
2026-02-12,KGS,100,88.5818,0.885818
2026-02-12,KZT,100,15.7487,0.157487
2026-02-12,TJS,10,82.355,8.2355
2026-02-12,UZS,10000,63.0446,0.0063044600000000004
2026-02-13,AMD,100,20.4434,0.204434
2026-02-13,KGS,100,88.2653,0.8826529999999999
2026-02-13,KZT,100,15.734,0.15734
2026-02-13,TJS,10,81.9066,8.19066
2026-02-13,UZS,10000,62.8793,0.00628793
2026-02-14,AMD,100,20.4792,0.20479199999999997
2026-02-14,KGS,100,88.2726,0.882726
2026-02-14,KZT,100,15.6175,0.156175
2026-02-14,TJS,10,81.7201,8.17201
2026-02-14,UZS,10000,63.1655,0.00631655
2026-02-17,AMD,100,20.2876,0.202876
2026-02-17,KGS,100,87.6159,0.8761589999999999
2026-02-17,KZT,100,15.4476,0.154476
2026-02-17,TJS,10,81.1121,8.11121
2026-02-17,UZS,10000,62.8482,0.00628482
2026-02-18,AMD,100,20.3643,0.203643
2026-02-18,KGS,100,87.7517,0.877517
2026-02-18,KZT,100,15.5983,0.155983
2026-02-18,TJS,10,81.1554,8.11554
2026-02-18,UZS,10000,63.2228,0.00632228
2026-02-19,AMD,100,20.1627,0.201627
2026-02-19,KGS,100,87.0811,0.8708110000000001
2026-02-19,KZT,100,15.5416,0.155416
2026-02-19,TJS,10,80.576,8.057599999999999
2026-02-19,UZS,10000,62.7674,0.00627674
2026-02-20,AMD,100,20.3323,0.203323
2026-02-20,KGS,100,87.6392,0.8763920000000001
2026-02-20,KZT,100,15.6633,0.156633
2026-02-20,TJS,10,81.0316,8.103159999999999
2026-02-20,UZS,10000,62.978,0.0062978
2026-02-21,AMD,100,20.3683,0.203683
2026-02-21,KGS,100,87.7666,0.877666
2026-02-21,KZT,100,15.6902,0.156902
2026-02-21,TJS,10,81.1537,8.11537
2026-02-21,UZS,10000,62.8455,0.00628455
2026-02-25,AMD,100,20.2822,0.202822
2026-02-25,KGS,100,87.632,0.8763200000000001
2026-02-25,KZT,100,15.4091,0.154091
2026-02-25,TJS,10,80.9736,8.09736
2026-02-25,UZS,10000,62.8784,0.00628784
2026-02-26,AMD,100,20.2875,0.20287500000000003
2026-02-26,KGS,100,87.4417,0.874417
2026-02-26,KZT,100,15.3905,0.153905
2026-02-26,TJS,10,80.6827,8.06827
2026-02-26,UZS,10000,63.0034,0.00630034
2026-02-27,AMD,100,20.4545,0.204545
2026-02-27,KGS,100,88.1896,0.881896
2026-02-27,KZT,100,15.3856,0.153856
2026-02-27,TJS,10,81.2167,8.12167
2026-02-27,UZS,10000,63.545,0.0063545
2026-02-28,AMD,100,20.497,0.20496999999999999
2026-02-28,KGS,100,88.3632,0.8836320000000001
2026-02-28,KZT,100,15.4008,0.154008
2026-02-28,TJS,10,81.2474,8.12474
2026-02-28,UZS,10000,63.4838,0.00634838
2026-03-03,AMD,100,20.4769,0.204769
2026-03-03,KGS,100,88.2534,0.882534
2026-03-03,KZT,100,15.5104,0.15510400000000002
2026-03-03,TJS,10,80.9998,8.099979999999999
2026-03-03,UZS,10000,63.3058,0.00633058
2026-03-04,AMD,100,20.5866,0.205866
2026-03-04,KGS,100,88.7476,0.887476
2026-03-04,KZT,100,15.4416,0.154416
2026-03-04,TJS,10,81.3285,8.132850000000001
2026-03-04,UZS,10000,63.5628,0.006356280000000001
2026-03-05,AMD,100,20.5899,0.205899
2026-03-05,KGS,100,88.9662,0.889662
2026-03-05,KZT,100,15.6198,0.156198
2026-03-05,TJS,10,81.4047,8.14047
2026-03-05,UZS,10000,63.8769,0.00638769
2026-03-06,AMD,100,20.7076,0.20707599999999998
2026-03-06,KGS,100,89.4178,0.894178
2026-03-06,KZT,100,15.6433,0.156433
2026-03-06,TJS,10,81.6614,8.16614
2026-03-06,UZS,10000,64.219,0.0064218999999999995
2026-03-07,AMD,100,20.9774,0.209774
2026-03-07,KGS,100,90.5089,0.9050889999999999
2026-03-07,KZT,100,16.0431,0.160431
2026-03-07,TJS,10,82.664,8.2664
2026-03-07,UZS,10000,64.9236,0.006492359999999999
2026-03-11,AMD,100,20.8631,0.20863099999999998
2026-03-11,KGS,100,90.0396,0.900396
2026-03-11,KZT,100,15.944,0.15944
2026-03-11,TJS,10,82.0119,8.20119
2026-03-11,UZS,10000,64.7629,0.00647629
2026-03-12,AMD,100,20.9579,0.209579
2026-03-12,KGS,100,90.4151,0.9041509999999999
2026-03-12,KZT,100,16.0841,0.16084099999999998
2026-03-12,TJS,10,82.3651,8.236509999999999
2026-03-12,UZS,10000,65.1529,0.00651529
2026-03-13,AMD,100,20.9483,0.209483
2026-03-13,KGS,100,90.4141,0.9041410000000001
2026-03-13,KZT,100,16.1563,0.161563
2026-03-13,TJS,10,82.2673,8.22673
2026-03-13,UZS,10000,65.3318,0.00653318
2026-03-14,AMD,100,21.2495,0.21249500000000002
2026-03-14,KGS,100,91.7389,0.917389
2026-03-14,KZT,100,16.3166,0.163166
2026-03-14,TJS,10,83.4542,8.34542
2026-03-14,UZS,10000,66.4028,0.00664028
2026-03-17,AMD,100,21.4758,0.214758
2026-03-17,KGS,100,92.6835,0.926835
2026-03-17,KZT,100,16.4977,0.16497699999999998
2026-03-17,TJS,10,84.3691,8.436910000000001
2026-03-17,UZS,10000,67.0335,0.00670335
2026-03-18,AMD,100,21.7004,0.21700399999999997
2026-03-18,KGS,100,93.6653,0.9366530000000001
2026-03-18,KZT,100,16.847,0.16847
2026-03-18,TJS,10,85.2327,8.52327
2026-03-18,UZS,10000,67.5326,0.0067532600000000005
2026-03-19,AMD,100,22.0265,0.220265
2026-03-19,KGS,100,95.0553,0.950553
2026-03-19,KZT,100,17.3533,0.17353300000000002
2026-03-19,TJS,10,86.5174,8.65174
2026-03-19,UZS,10000,68.2543,0.00682543
2026-03-20,AMD,100,22.4736,0.22473600000000002
2026-03-20,KGS,100,97.0154,0.970154
2026-03-20,KZT,100,17.5833,0.17583300000000002
2026-03-20,TJS,10,88.2992,8.82992
2026-03-20,UZS,10000,69.5845,0.006958450000000001
2026-03-21,AMD,100,22.2512,0.22251200000000002
2026-03-21,KGS,100,96.0551,0.9605509999999999
2026-03-21,KZT,100,17.4155,0.174155
2026-03-21,TJS,10,88.0604,8.80604
2026-03-21,UZS,10000,68.8958,0.006889579999999999
2026-03-24,AMD,100,21.696,0.21696000000000001
2026-03-24,KGS,100,93.6264,0.936264
2026-03-24,KZT,100,16.9752,0.16975200000000001
2026-03-24,TJS,10,88.0604,8.80604
2026-03-24,UZS,10000,67.1554,0.00671554
2026-03-25,AMD,100,21.4567,0.214567
2026-03-25,KGS,100,92.5807,0.9258069999999999
2026-03-25,KZT,100,16.7853,0.167853
2026-03-25,TJS,10,84.8757,8.48757
2026-03-25,UZS,10000,66.3827,0.00663827
2026-03-26,AMD,100,21.3996,0.213996
2026-03-26,KGS,100,92.3041,0.923041
2026-03-26,KZT,100,16.7353,0.16735299999999997
2026-03-26,TJS,10,84.6229,8.46229
2026-03-26,UZS,10000,66.3176,0.0066317599999999996
2026-03-27,AMD,100,21.7647,0.217647
2026-03-27,KGS,100,93.9181,0.9391809999999999
2026-03-27,KZT,100,17.0281,0.170281
2026-03-27,TJS,10,86.1033,8.610330000000001
2026-03-27,UZS,10000,67.4321,0.00674321
2026-03-28,AMD,100,21.5134,0.21513400000000002
2026-03-28,KGS,100,92.7894,0.927894
2026-03-28,KZT,100,16.8409,0.168409
2026-03-28,TJS,10,85.0685,8.50685
2026-03-28,UZS,10000,66.5363,0.00665363
2026-03-31,AMD,100,21.533,0.21533000000000002
2026-03-31,KGS,100,92.9623,0.929623
2026-03-31,KZT,100,16.8478,0.168478
2026-03-31,TJS,10,84.6996,8.46996
2026-03-31,UZS,10000,66.5772,0.006657720000000001
2026-04-01,AMD,100,21.5427,0.215427
2026-04-01,KGS,100,92.9107,0.929107
2026-04-01,KZT,100,16.873,0.16873000000000002
2026-04-01,TJS,10,84.6526,8.46526
2026-04-01,UZS,10000,66.6303,0.00666303
2026-04-02,AMD,100,21.3725,0.213725
2026-04-02,KGS,100,92.1937,0.9219370000000001
2026-04-02,KZT,100,16.8397,0.16839700000000002
2026-04-02,TJS,10,84.2187,8.42187
2026-04-02,UZS,10000,66.6303,0.00666303
2026-04-03,AMD,100,21.3108,0.213108
2026-04-03,KGS,100,91.8631,0.918631
2026-04-03,KZT,100,16.909,0.16909
2026-04-03,TJS,10,83.8,8.379999999999999
2026-04-03,UZS,10000,66.1187,0.006611870000000001
2026-04-04,AMD,100,21.1495,0.211495
2026-04-04,KGS,100,91.1713,0.911713
2026-04-04,KZT,100,16.8807,0.168807
2026-04-04,TJS,10,83.2786,8.32786
2026-04-04,UZS,10000,65.5094,0.00655094
2026-04-07,AMD,100,20.9037,0.209037
2026-04-07,KGS,100,90.026,0.90026
2026-04-07,KZT,100,16.7342,0.16734200000000002
2026-04-07,TJS,10,82.2213,8.22213
2026-04-07,UZS,10000,64.6616,0.00646616
2026-04-08,AMD,100,20.9179,0.209179
2026-04-08,KGS,100,90.051,0.90051
2026-04-08,KZT,100,16.8871,0.168871
2026-04-08,TJS,10,82.443,8.244299999999999
2026-04-08,UZS,10000,64.5061,0.006450610000000001
2026-04-09,AMD,100,20.8079,0.20807900000000001
2026-04-09,KGS,100,89.5418,0.8954179999999999
2026-04-09,KZT,100,17.009,0.17009
2026-04-09,TJS,10,81.9769,8.19769
2026-04-09,UZS,10000,64.0338,0.00640338
2026-04-10,AMD,100,20.6979,0.206979
2026-04-10,KGS,100,89.0085,0.890085
2026-04-10,KZT,100,16.376,0.16376000000000002
2026-04-10,TJS,10,81.5906,8.15906
2026-04-10,UZS,10000,63.8095,0.00638095
2026-04-11,AMD,100,20.4861,0.20486100000000002
2026-04-11,KGS,100,88.0188,0.880188
2026-04-11,KZT,100,16.0419,0.16041899999999998
2026-04-11,TJS,10,80.8169,8.08169
2026-04-11,UZS,10000,63.307,0.0063307
2026-04-14,AMD,100,20.3227,0.20322700000000002
2026-04-14,KGS,100,87.1914,0.871914
2026-04-14,KZT,100,16.1158,0.161158
2026-04-14,TJS,10,80.1903,8.019029999999999
2026-04-14,UZS,10000,62.88,0.006288
2026-04-15,AMD,100,20.2173,0.20217300000000002
2026-04-15,KGS,100,86.7389,0.867389
2026-04-15,KZT,100,15.9725,0.159725
2026-04-15,TJS,10,79.843,7.9843
2026-04-15,UZS,10000,62.4749,0.00624749
2026-04-16,AMD,100,20.0904,0.200904
2026-04-16,KGS,100,86.0316,0.860316
2026-04-16,KZT,100,15.7734,0.157734
2026-04-16,TJS,10,79.3405,7.934050000000001
2026-04-16,UZS,10000,61.7161,0.00617161
2026-04-17,AMD,100,20.3352,0.203352
2026-04-17,KGS,100,87.0053,0.8700530000000001
2026-04-17,KZT,100,16.0492,0.160492
2026-04-17,TJS,10,80.2384,8.02384
2026-04-17,UZS,10000,62.5439,0.00625439
2026-04-18,AMD,100,20.3455,0.20345500000000002
2026-04-18,KGS,100,86.968,0.86968
2026-04-18,KZT,100,16.1315,0.161315
2026-04-18,TJS,10,80.3473,8.03473
2026-04-18,UZS,10000,62.7066,0.00627066
2026-04-21,AMD,100,20.1789,0.201789
2026-04-21,KGS,100,86.0343,0.860343
2026-04-21,KZT,100,16.0242,0.160242
2026-04-21,TJS,10,79.5519,7.95519
2026-04-21,UZS,10000,62.1931,0.0062193100000000005
2026-04-22,AMD,100,20.0192,0.200192
2026-04-22,KGS,100,85.2956,0.8529559999999999
2026-04-22,KZT,100,15.8874,0.158874
2026-04-22,TJS,10,78.915,7.891500000000001
2026-04-22,UZS,10000,61.846,0.006184599999999999
2026-04-23,AMD,100,20.1406,0.201406
2026-04-23,KGS,100,85.7849,0.857849
2026-04-23,KZT,100,16.1383,0.161383
2026-04-23,TJS,10,79.4091,7.94091
2026-04-23,UZS,10000,62.2791,0.00622791
2026-04-24,AMD,100,20.1261,0.20126100000000002
2026-04-24,KGS,100,85.6085,0.8560850000000001
2026-04-24,KZT,100,16.2201,0.16220099999999998
2026-04-24,TJS,10,79.3053,7.93053
2026-04-24,UZS,10000,62.2796,0.00622796
2026-04-25,AMD,100,20.3123,0.203123
2026-04-25,KGS,100,86.4125,0.8641249999999999
2026-04-25,KZT,100,16.3172,0.16317199999999998
2026-04-25,TJS,10,80.0866,8.00866
2026-04-25,UZS,10000,62.8322,0.00628322
2026-04-28,AMD,100,20.1335,0.20133500000000001
2026-04-28,KGS,100,85.5627,0.855627
2026-04-28,KZT,100,16.0926,0.160926
2026-04-28,TJS,10,79.3939,7.93939
2026-04-28,UZS,10000,61.9633,0.00619633
2026-04-29,AMD,100,20.1117,0.201117
2026-04-29,KGS,100,85.4341,0.854341
2026-04-29,KZT,100,16.2098,0.16209800000000002
2026-04-29,TJS,10,79.2735,7.92735
2026-04-29,UZS,10000,62.0945,0.00620945
2026-04-30,AMD,100,20.1731,0.20173100000000002
2026-04-30,KGS,100,85.647,0.8564700000000001
2026-04-30,KZT,100,16.3777,0.163777
2026-04-30,TJS,10,79.5384,7.95384
2026-04-30,UZS,10000,62.5319,0.00625319
2026-05-01,AMD,100,20.1741,0.201741
2026-05-01,KGS,100,85.5651,0.855651
2026-05-01,KZT,100,16.2066,0.16206600000000002
2026-05-01,TJS,10,79.5683,7.956829999999999
2026-05-01,UZS,10000,62.6603,0.00626603
2026-05-05,AMD,100,20.346,0.20346
2026-05-05,KGS,100,86.2942,0.862942
2026-05-05,KZT,100,16.2966,0.16296600000000003
2026-05-05,TJS,10,80.3327,8.03327
2026-05-05,UZS,10000,62.8996,0.00628996
2026-05-06,AMD,100,20.3393,0.20339300000000002
2026-05-06,KGS,100,86.1866,0.861866
2026-05-06,KZT,100,16.2196,0.162196
2026-05-06,TJS,10,80.3438,8.03438
2026-05-06,UZS,10000,62.5932,0.0062593200000000005
2026-05-07,AMD,100,20.331,0.20331
2026-05-07,KGS,100,86.0492,0.860492
2026-05-07,KZT,100,16.177,0.16177
2026-05-07,TJS,10,80.1985,8.01985
2026-05-07,UZS,10000,62.3015,0.006230149999999999
2026-05-08,AMD,100,20.2071,0.202071
2026-05-08,KGS,100,85.3586,0.853586
2026-05-08,KZT,100,16.1026,0.161026
2026-05-08,TJS,10,79.6058,7.96058
2026-05-08,UZS,10000,61.594,0.0061594
2026-05-09,AMD,100,20.134,0.20134
2026-05-09,KGS,100,84.9873,0.8498730000000001
2026-05-09,KZT,100,16.0325,0.160325
2026-05-09,TJS,10,79.3162,7.93162
2026-05-09,UZS,10000,61.1898,0.0061189799999999996
2026-05-13,AMD,100,20.0173,0.200173
2026-05-13,KGS,100,84.3771,0.8437709999999999
2026-05-13,KZT,100,15.997,0.15997
2026-05-13,TJS,10,78.855,7.8855
2026-05-13,UZS,10000,60.7525,0.00607525
2026-05-14,AMD,100,19.8958,0.19895800000000002
2026-05-14,KGS,100,83.8674,0.838674
2026-05-14,KZT,100,15.8095,0.15809499999999999
2026-05-14,TJS,10,78.3845,7.83845
2026-05-14,UZS,10000,60.7467,0.00607467
2026-05-15,AMD,100,19.8326,0.198326
2026-05-15,KGS,100,83.6346,0.836346
2026-05-15,KZT,100,15.6402,0.156402
2026-05-15,TJS,10,78.2063,7.8206299999999995
2026-05-15,UZS,10000,61.0742,0.00610742
2026-05-16,AMD,100,19.8592,0.19859200000000002
2026-05-16,KGS,100,83.6221,0.836221
2026-05-16,KZT,100,15.4264,0.15426399999999998
2026-05-16,TJS,10,78.2531,7.82531
2026-05-16,UZS,10000,61.0092,0.00610092
2026-05-19,AMD,100,19.6581,0.196581
2026-05-19,KGS,100,82.7326,0.827326
2026-05-19,KZT,100,15.388,0.15388
2026-05-19,TJS,10,77.4208,7.74208
2026-05-19,UZS,10000,60.1948,0.00601948
2026-05-20,AMD,100,19.3619,0.19361899999999999
2026-05-20,KGS,100,81.5238,0.8152379999999999
2026-05-20,KZT,100,15.2471,0.152471
2026-05-20,TJS,10,76.422,7.6422
2026-05-20,UZS,10000,59.1355,0.00591355
2026-05-21,AMD,100,19.2869,0.19286899999999998
2026-05-21,KGS,100,81.1331,0.811331
2026-05-21,KZT,100,15.0342,0.150342
2026-05-21,TJS,10,76.1455,7.6145499999999995
2026-05-21,UZS,10000,58.7528,0.00587528
2026-05-22,AMD,100,19.2438,0.192438
2026-05-22,KGS,100,80.9493,0.8094929999999999
2026-05-22,KZT,100,15.0052,0.150052
2026-05-22,TJS,10,76.2119,7.62119
2026-05-22,UZS,10000,58.8877,0.005888770000000001
2026-05-23,AMD,100,19.3518,0.193518
2026-05-23,KGS,100,81.4282,0.8142820000000001
2026-05-23,KZT,100,15.1043,0.151043
2026-05-23,TJS,10,76.7396,7.673959999999999
2026-05-23,UZS,10000,59.4417,0.0059441699999999995
2026-05-26,AMD,100,19.4413,0.19441299999999997
2026-05-26,KGS,100,81.8136,0.818136
2026-05-26,KZT,100,15.1967,0.151967
2026-05-26,TJS,10,77.1028,7.71028
2026-05-26,UZS,10000,59.6325,0.00596325
2026-05-27,AMD,100,19.4888,0.194888
2026-05-27,KGS,100,81.9531,0.819531
2026-05-27,KZT,100,15.1685,0.151685
2026-05-27,TJS,10,77.4622,7.746219999999999
2026-05-27,UZS,10000,59.7137,0.00597137
2026-05-28,AMD,100,19.264,0.19264
2026-05-28,KGS,100,81.0763,0.810763
2026-05-28,KZT,100,14.849,0.14849
2026-05-28,TJS,10,76.6334,7.66334
2026-05-28,UZS,10000,59.0748,0.0059074800000000005
2026-05-29,AMD,100,19.3918,0.193918
2026-05-29,KGS,100,81.6141,0.8161409999999999
2026-05-29,KZT,100,14.9475,0.149475
2026-05-29,TJS,10,77.1309,7.713089999999999
2026-05-29,UZS,10000,59.4666,0.00594666
2026-05-30,AMD,100,19.2901,0.192901
2026-05-30,KGS,100,81.2149,0.812149
2026-05-30,KZT,100,14.6272,0.146272
2026-05-30,TJS,10,76.7536,7.67536
2026-05-30,UZS,10000,59.1758,0.00591758
2026-06-02,AMD,100,19.4253,0.194253
2026-06-02,KGS,100,81.8218,0.818218
2026-06-02,KZT,100,14.7244,0.14724399999999999
2026-06-02,TJS,10,77.3849,7.7384900000000005
2026-06-02,UZS,10000,59.882,0.0059882
2026-06-03,AMD,100,19.689,0.19689
2026-06-03,KGS,100,82.9728,0.829728
2026-06-03,KZT,100,14.8396,0.148396
2026-06-03,TJS,10,78.4429,7.844289999999999
2026-06-03,UZS,10000,60.7976,0.00607976
2026-06-04,AMD,100,19.9022,0.199022
2026-06-04,KGS,100,83.8692,0.8386920000000001
2026-06-04,KZT,100,14.8725,0.148725
2026-06-04,TJS,10,79.1167,7.911669999999999
2026-06-04,UZS,10000,61.2694,0.00612694
2026-06-05,AMD,100,20.1567,0.201567
2026-06-05,KGS,100,84.9578,0.849578
2026-06-05,KZT,100,15.1837,0.151837
2026-06-05,TJS,10,80.0591,8.00591
2026-06-05,UZS,10000,61.9274,0.0061927399999999995
2026-06-06,AMD,100,19.9351,0.19935099999999997
2026-06-06,KGS,100,84.0125,0.840125
2026-06-06,KZT,100,15.1376,0.151376
2026-06-06,TJS,10,79.1682,7.9168199999999995
2026-06-06,UZS,10000,61.9274,0.0061927399999999995
2026-06-09,AMD,100,19.8802,0.19880199999999998
2026-06-09,KGS,100,83.7789,0.8377889999999999
2026-06-09,KZT,100,15.0304,0.150304
2026-06-09,TJS,10,78.3535,7.83535
2026-06-09,UZS,10000,60.9856,0.006098559999999999
2026-06-10,AMD,100,19.4685,0.194685
2026-06-10,KGS,100,82.0264,0.820264
2026-06-10,KZT,100,14.7968,0.147968
2026-06-10,TJS,10,76.6882,7.668819999999999
2026-06-10,UZS,10000,59.6016,0.00596016
2026-06-11,AMD,100,19.4846,0.194846
2026-06-11,KGS,100,82.0926,0.820926
2026-06-11,KZT,100,14.6446,0.146446
2026-06-11,TJS,10,76.8128,7.681279999999999
2026-06-11,UZS,10000,59.5562,0.00595562
2026-06-12,AMD,100,19.5179,0.19517900000000002
2026-06-12,KGS,100,82.2272,0.822272
2026-06-12,KZT,100,14.7174,0.147174
2026-06-12,TJS,10,77.1269,7.71269
2026-06-12,UZS,10000,59.8509,0.00598509
2026-06-16,AMD,100,19.6846,0.196846
2026-06-16,KGS,100,82.8488,0.828488
2026-06-16,KZT,100,14.8062,0.148062
2026-06-16,TJS,10,77.7533,7.775329999999999
2026-06-16,UZS,10000,60.4777,0.00604777
2026-06-17,AMD,100,19.5918,0.19591799999999998
2026-06-17,KGS,100,82.4915,0.8249150000000001
2026-06-17,KZT,100,14.6812,0.146812
2026-06-17,TJS,10,77.587,7.7587
2026-06-17,UZS,10000,60.055,0.0060054999999999996
2026-06-18,AMD,100,19.7652,0.197652
2026-06-18,KGS,100,83.188,0.8318800000000001
2026-06-18,KZT,100,14.9328,0.14932800000000002
2026-06-18,TJS,10,78.3373,7.83373
2026-06-18,UZS,10000,60.3614,0.006036140000000001
2026-06-19,AMD,100,19.9243,0.19924299999999998
2026-06-19,KGS,100,83.8869,0.838869
2026-06-19,KZT,100,14.9899,0.149899
2026-06-19,TJS,10,78.785,7.8785
2026-06-19,UZS,10000,60.6998,0.00606998
2026-06-20,AMD,100,19.9481,0.199481
2026-06-20,KGS,100,83.9783,0.8397830000000001
2026-06-20,KZT,100,15.0573,0.15057299999999998
2026-06-20,TJS,10,78.8649,7.88649
2026-06-20,UZS,10000,60.9025,0.00609025
2026-06-23,AMD,100,20.041,0.20041
2026-06-23,KGS,100,84.3511,0.843511
2026-06-23,KZT,100,15.1043,0.151043
2026-06-23,TJS,10,79.3983,7.939830000000001
2026-06-23,UZS,10000,61.5208,0.00615208
2026-06-24,AMD,100,20.2728,0.202728
2026-06-24,KGS,100,85.3288,0.853288
2026-06-24,KZT,100,15.3221,0.153221
2026-06-24,TJS,10,80.3065,8.03065
2026-06-24,UZS,10000,62.0952,0.00620952
2026-06-25,AMD,100,20.3228,0.20322800000000002
2026-06-25,KGS,100,85.5046,0.855046
2026-06-25,KZT,100,15.3795,0.15379500000000002
2026-06-25,TJS,10,80.4287,8.04287
2026-06-25,UZS,10000,62.1851,0.00621851
2026-06-26,AMD,100,20.5384,0.20538399999999998
2026-06-26,KGS,100,86.4891,0.864891
2026-06-26,KZT,100,15.5301,0.155301
2026-06-26,TJS,10,81.4555,8.14555
2026-06-26,UZS,10000,62.958,0.0062958
2026-06-27,AMD,100,20.9337,0.20933700000000002
2026-06-27,KGS,100,88.1202,0.8812019999999999
2026-06-27,KZT,100,15.8758,0.158758
2026-06-27,TJS,10,83.1529,8.315290000000001
2026-06-27,UZS,10000,64.1679,0.00641679
2026-06-30,AMD,100,21.1253,0.211253
2026-06-30,KGS,100,88.9124,0.889124
2026-06-30,KZT,100,15.9833,0.159833
2026-06-30,TJS,10,83.9004,8.39004
2026-06-30,UZS,10000,64.4681,0.006446810000000001
2026-07-01,AMD,100,21.2753,0.21275300000000003
2026-07-01,KGS,100,89.5021,0.895021
2026-07-01,KZT,100,16.1108,0.161108
2026-07-01,TJS,10,84.4105,8.44105
2026-07-01,UZS,10000,65.1743,0.00651743
2026-07-02,AMD,100,21.2648,0.212648
2026-07-02,KGS,100,89.4971,0.8949710000000001
2026-07-02,KZT,100,16.2808,0.16280799999999998
2026-07-02,TJS,10,84.3411,8.43411
2026-07-02,UZS,10000,65.5804,0.006558039999999999
2026-07-03,AMD,100,21.1649,0.211649
2026-07-03,KGS,100,89.113,0.89113
2026-07-03,KZT,100,16.2603,0.162603
2026-07-03,TJS,10,83.962,8.3962
2026-07-03,UZS,10000,65.4337,0.00654337
2026-07-04,AMD,100,20.9974,0.209974
2026-07-04,KGS,100,88.3115,0.883115
2026-07-04,KZT,100,16.2764,0.162764
2026-07-04,TJS,10,83.2002,8.32002
2026-07-04,UZS,10000,64.4956,0.00644956
2026-07-07,AMD,100,21.2179,0.212179
2026-07-07,KGS,100,89.1589,0.8915890000000001
2026-07-07,KZT,100,16.5179,0.16517900000000002
2026-07-07,TJS,10,84.037,8.4037
2026-07-07,UZS,10000,64.7477,0.0064747699999999995
2026-07-08,AMD,100,20.7162,0.207162
2026-07-08,KGS,100,87.0507,0.870507
2026-07-08,KZT,100,16.1273,0.16127300000000003
2026-07-08,TJS,10,82.0498,8.20498
2026-07-08,UZS,10000,63.3257,0.00633257
2026-07-09,AMD,100,20.8017,0.208017
2026-07-09,KGS,100,87.3672,0.873672
2026-07-09,KZT,100,16.22,0.16219999999999998
2026-07-09,TJS,10,82.3828,8.23828
2026-07-09,UZS,10000,63.6436,0.00636436
2026-07-10,AMD,100,20.6826,0.206826
2026-07-10,KGS,100,86.8287,0.868287
2026-07-10,KZT,100,16.2251,0.162251
2026-07-10,TJS,10,82.1415,8.21415
2026-07-10,UZS,10000,63.2107,0.006321070000000001
2026-07-11,AMD,100,20.868,0.20867999999999998
2026-07-11,KGS,100,87.6681,0.8766809999999999
2026-07-11,KZT,100,16.402,0.16402
2026-07-11,TJS,10,82.8387,8.28387
2026-07-11,UZS,10000,63.4853,0.00634853
2026-07-14,AMD,100,20.8954,0.20895399999999997
2026-07-14,KGS,100,87.6173,0.876173
2026-07-14,KZT,100,16.488,0.16488
2026-07-14,TJS,10,82.7918,8.27918
2026-07-14,UZS,10000,63.3607,0.00633607
2026-07-15,AMD,100,21.1297,0.21129699999999998
2026-07-15,KGS,100,88.6122,0.886122
2026-07-15,KZT,100,16.2418,0.162418
2026-07-15,TJS,10,83.7344,8.373439999999999
2026-07-15,UZS,10000,64.2255,0.00642255
2026-07-16,AMD,100,21.2272,0.212272
2026-07-16,KGS,100,89.1444,0.891444
2026-07-16,KZT,100,16.6262,0.16626200000000002
2026-07-16,TJS,10,84.2376,8.42376
2026-07-16,UZS,10000,64.4858,0.00644858
2026-07-17,AMD,100,21.3651,0.213651
2026-07-17,KGS,100,89.5576,0.8955759999999999
2026-07-17,KZT,100,16.6737,0.166737
2026-07-17,TJS,10,84.6234,8.462340000000001
2026-07-17,UZS,10000,64.7613,0.006476130000000001
2026-07-18,AMD,100,21.3708,0.21370799999999998
2026-07-18,KGS,100,89.6497,0.896497
2026-07-18,KZT,100,16.5979,0.165979
2026-07-18,TJS,10,84.7554,8.475539999999999
2026-07-18,UZS,10000,65.1626,0.006516259999999999
2026-07-21,AMD,100,21.4019,0.21401900000000001
2026-07-21,KGS,100,89.5551,0.895551
2026-07-21,KZT,100,16.669,0.16669
2026-07-21,TJS,10,84.6228,8.46228
2026-07-21,UZS,10000,65.481,0.006548099999999999
2026-07-22,AMD,100,21.423,0.21422999999999998
2026-07-22,KGS,100,89.8273,0.898273
2026-07-22,KZT,100,16.7037,0.16703700000000002
2026-07-22,TJS,10,84.8801,8.48801
2026-07-22,UZS,10000,65.5351,0.00655351
2026-07-23,AMD,100,21.3894,0.21389399999999997
2026-07-23,KGS,100,89.7377,0.8973770000000001
2026-07-23,KZT,100,16.7115,0.167115
2026-07-23,TJS,10,84.8238,8.482380000000001
2026-07-23,UZS,10000,65.1312,0.006513120000000001
2026-07-24,AMD,100,21.425,0.21425
2026-07-24,KGS,100,89.6568,0.896568
2026-07-24,KZT,100,16.7657,0.167657
2026-07-24,TJS,10,84.7648,8.476479999999999
2026-07-24,UZS,10000,64.7876,0.00647876
2026-07-25,AMD,100,21.3275,0.213275
2026-07-25,KGS,100,89.229,0.89229
2026-07-25,KZT,100,16.7542,0.167542
2026-07-25,TJS,10,84.2301,8.42301
2026-07-25,UZS,10000,64.9224,0.00649224
2026-07-28,AMD,100,21.2743,0.21274300000000002
2026-07-28,KGS,100,89.2135,0.892135
2026-07-28,KZT,100,16.3878,0.163878
2026-07-28,TJS,10,84.3101,8.43101
2026-07-28,UZS,10000,65.0744,0.00650744
2026-07-29,AMD,100,21.4705,0.214705
2026-07-29,KGS,100,89.992,0.89992
2026-07-29,KZT,100,16.624,0.16624
2026-07-29,TJS,10,85.1268,8.51268
2026-07-29,UZS,10000,65.3077,0.00653077
2026-07-30,AMD,100,21.6704,0.216704
2026-07-30,KGS,100,90.7456,0.9074559999999999
2026-07-30,KZT,100,16.6454,0.166454
2026-07-30,TJS,10,85.8517,8.58517
2026-07-30,UZS,10000,65.9371,0.00659371
2026-07-31,AMD,100,21.7814,0.217814
2026-07-31,KGS,100,91.3177,0.913177
2026-07-31,KZT,100,16.7356,0.167356
2026-07-31,TJS,10,86.3089,8.630889999999999
2026-07-31,UZS,10000,66.5123,0.006651229999999999
2026-08-01,AMD,100,21.6995,0.216995
2026-08-01,KGS,100,90.8676,0.9086759999999999
2026-08-01,KZT,100,16.7422,0.16742200000000002
2026-08-01,TJS,10,85.9216,8.59216
2026-08-01,UZS,10000,66.4402,0.0066440200000000005
2026-08-04,AMD,100,21.8779,0.218779
2026-08-04,KGS,100,91.5594,0.915594
2026-08-04,KZT,100,16.9068,0.169068
2026-08-04,TJS,10,86.5757,8.65757
2026-08-04,UZS,10000,66.7826,0.00667826
2026-08-05,AMD,100,22.1054,0.221054
2026-08-05,KGS,100,92.772,0.9277200000000001
2026-08-05,KZT,100,17.0662,0.17066199999999998
2026-08-05,TJS,10,87.7043,8.770430000000001
2026-08-05,UZS,10000,67.9347,0.00679347
2026-08-06,AMD,100,22.1034,0.221034
2026-08-06,KGS,100,92.5435,0.9254349999999999
2026-08-06,KZT,100,17.1468,0.17146799999999998
2026-08-06,TJS,10,87.6114,8.761140000000001
2026-08-06,UZS,10000,68.0838,0.006808379999999999
2026-08-07,AMD,100,22.2274,0.222274
2026-08-07,KGS,100,93.0906,0.9309059999999999
2026-08-07,KZT,100,17.3263,0.173263
2026-08-07,TJS,10,88.0312,8.80312
2026-08-07,UZS,10000,68.32,0.0068319999999999995
2026-08-08,AMD,100,22.4394,0.22439399999999998
2026-08-08,KGS,100,93.9583,0.939583
2026-08-08,KZT,100,17.5765,0.175765
2026-08-08,TJS,10,88.8517,8.885169999999999
2026-08-08,UZS,10000,68.7465,0.0068746499999999995
2026-08-11,AMD,100,22.5773,0.225773
2026-08-11,KGS,100,94.4608,0.9446080000000001
2026-08-11,KZT,100,17.5784,0.175784
2026-08-11,TJS,10,89.271,8.9271
2026-08-11,UZS,10000,69.2155,0.00692155
2026-08-12,AMD,100,22.5023,0.22502300000000003
2026-08-12,KGS,100,94.1958,0.9419580000000001
2026-08-12,KZT,100,17.6738,0.176738
2026-08-12,TJS,10,89.0205,8.90205
2026-08-12,UZS,10000,69.0213,0.006902129999999999
2026-08-13,AMD,100,22.6825,0.226825
2026-08-13,KGS,100,94.9087,0.949087
2026-08-13,KZT,100,17.8206,0.17820599999999998
2026-08-13,TJS,10,89.6991,8.96991
2026-08-13,UZS,10000,69.8049,0.006980490000000001
2026-08-14,AMD,100,22.9065,0.22906500000000002
2026-08-14,KGS,100,95.8328,0.9583280000000001
2026-08-14,KZT,100,18.0154,0.180154
2026-08-14,TJS,10,90.4757,9.04757
2026-08-14,UZS,10000,70.1387,0.00701387
2026-08-15,AMD,100,23.1111,0.231111
2026-08-15,KGS,100,96.678,0.96678
2026-08-15,KZT,100,18.1743,0.181743
2026-08-15,TJS,10,91.2736,9.12736
2026-08-15,UZS,10000,70.8206,0.00708206
2026-08-18,AMD,100,23.2595,0.232595
2026-08-18,KGS,100,97.214,0.97214
2026-08-18,KZT,100,18.3211,0.183211
2026-08-18,TJS,10,91.8143,9.18143
2026-08-18,UZS,10000,71.493,0.0071493
2026-08-19,AMD,100,23.3168,0.23316800000000001
2026-08-19,KGS,100,97.3865,0.973865
2026-08-19,KZT,100,18.4582,0.18458200000000002
2026-08-19,TJS,10,91.9991,9.19991
2026-08-19,UZS,10000,71.8242,0.00718242
2026-08-20,AMD,100,23.3257,0.23325700000000002
2026-08-20,KGS,100,97.3463,0.973463
2026-08-20,KZT,100,18.5011,0.185011
2026-08-20,TJS,10,91.9611,9.196110000000001
2026-08-20,UZS,10000,72.019,0.007201900000000001
2026-08-21,AMD,100,22.8207,0.228207
2026-08-21,KGS,100,95.3183,0.9531829999999999
2026-08-21,KZT,100,18.0336,0.180336
2026-08-21,TJS,10,90.0931,9.009310000000001
2026-08-21,UZS,10000,70.6705,0.00706705
2026-08-22,AMD,100,22.7082,0.227082
2026-08-22,KGS,100,94.8212,0.948212
2026-08-22,KZT,100,18.096,0.18096
2026-08-22,TJS,10,89.7026,8.97026
2026-08-22,UZS,10000,69.9924,0.00699924
2026-08-25,AMD,100,22.7948,0.22794799999999998
2026-08-25,KGS,100,95.2405,0.952405
2026-08-25,KZT,100,18.2297,0.18229700000000001
2026-08-25,TJS,10,90.0214,9.00214
2026-08-25,UZS,10000,70.264,0.0070263999999999995
2026-08-26,AMD,100,23.1661,0.231661
2026-08-26,KGS,100,96.5849,0.9658490000000001
2026-08-26,KZT,100,18.4422,0.184422
2026-08-26,TJS,10,91.2922,9.12922
2026-08-26,UZS,10000,71.7098,0.00717098
2026-08-27,AMD,100,23.1188,0.231188
2026-08-27,KGS,100,96.3774,0.9637739999999999
2026-08-27,KZT,100,18.3829,0.183829
2026-08-27,TJS,10,91.1265,9.112649999999999
2026-08-27,UZS,10000,71.5557,0.00715557
2026-08-28,AMD,100,23.5833,0.23583300000000001
2026-08-28,KGS,100,98.2894,0.982894
2026-08-28,KZT,100,18.7317,0.187317
2026-08-28,TJS,10,92.9284,9.29284
2026-08-28,UZS,10000,72.6965,0.00726965
2026-08-29,AMD,100,23.496,0.23495999999999997
2026-08-29,KGS,100,97.8853,0.978853
2026-08-29,KZT,100,18.5163,0.18516300000000002
2026-08-29,TJS,10,92.5493,9.25493
2026-08-29,UZS,10000,72.5354,0.007253539999999999
2026-09-01,AMD,100,23.7,0.237
2026-09-01,KGS,100,98.7756,0.987756
2026-09-01,KZT,100,18.5854,0.185854
2026-09-01,TJS,10,93.3084,9.33084
2026-09-01,UZS,10000,73.076,0.007307599999999999
2026-09-02,AMD,100,23.8162,0.23816199999999998
2026-09-02,KGS,100,99.203,0.9920300000000001
2026-09-02,KZT,100,18.7651,0.187651
2026-09-02,TJS,10,93.8073,9.38073
2026-09-02,UZS,10000,73.3921,0.00733921
