currency,strategy_id,signal_family,scenario,parameters,horizon,target_definition,signal_count,evaluated_signal_count,signals_per_week,hit_rate,random_hit_rate_mean,hit_lift,hit_p_value,benefit_bps,benefit_ci_low_95,benefit_ci_high_95,benefit_p_value_vs_zero,forward_change_bps,random_forward_change_bps_mean,median_gap_days,max_gap_days,first_signal,last_signal
AMD,corridor_exit_down_L10_r100_b0bp,corridor_exit_down,favourable_now,"{""breakout_bps"": 0.0, ""direction"": ""down"", ""lookback"": 10, ""max_range_bps"": 100.0}",2,no_lower_price_in_next_h_observations,4,4,0.025806451612903226,0.25,0.3908333333333333,0.6396588486140725,0.8604651162790697,36.55651864360454,-8.632729920595716,78.78536620998688,0.036544850498338874,-20.12825974155308,0.644685151984222,134.0,310.0,2024-07-24,2025-11-22
AMD,corridor_exit_down_L10_r100_b25bp,corridor_exit_down,favourable_now,"{""breakout_bps"": 25.0, ""direction"": ""down"", ""lookback"": 10, ""max_range_bps"": 100.0}",2,no_lower_price_in_next_h_observations,3,3,0.01935483870967742,0.3333333333333333,0.42111111111111105,0.79155672823219,0.7807308970099668,42.22017864366674,0.7536347855729986,87.60780753517936,0.059800664451827246,-43.42142758243591,-2.7259816478762544,243.0,310.0,2024-07-24,2025-11-22
AMD,corridor_exit_down_L10_r100_b50bp,corridor_exit_down,favourable_now,"{""breakout_bps"": 50.0, ""direction"": ""down"", ""lookback"": 10, ""max_range_bps"": 100.0}",2,no_lower_price_in_next_h_observations,2,2,0.012903225806451613,0.5,0.39,1.282051282051282,0.6146179401993356,81.72617998505105,75.84455243492272,87.60780753517938,0.0033222591362126247,42.821646673446566,-8.684784459008176,176.0,176.0,2025-05-30,2025-11-22
AMD,corridor_exit_down_L10_r200_b0bp,corridor_exit_down,favourable_now,"{""breakout_bps"": 0.0, ""direction"": ""down"", ""lookback"": 10, ""max_range_bps"": 200.0}",2,no_lower_price_in_next_h_observations,17,17,0.10967741935483871,0.35294117647058826,0.3984313725490196,0.8858267716535434,0.7043189368770764,31.85723674453917,6.60360996018728,54.146548504119004,0.0033222591362126247,-22.613914718186575,0.5413993644835778,41.5,268.0,2023-09-30,2026-05-13
AMD,corridor_exit_down_L10_r200_b25bp,corridor_exit_down,favourable_now,"{""breakout_bps"": 25.0, ""direction"": ""down"", ""lookback"": 10, ""max_range_bps"": 200.0}",2,no_lower_price_in_next_h_observations,16,16,0.1032258064516129,0.3125,0.405,0.7716049382716049,0.8471760797342193,33.06896527549972,4.950160973419172,62.40074189902994,0.006644518272425249,-41.032949585573036,2.7687882838938496,43.0,268.0,2023-10-03,2026-05-13
AMD,corridor_exit_down_L10_r200_b50bp,corridor_exit_down,favourable_now,"{""breakout_bps"": 50.0, ""direction"": ""down"", ""lookback"": 10, ""max_range_bps"": 200.0}",2,no_lower_price_in_next_h_observations,11,11,0.07096774193548387,0.36363636363636365,0.4012121212121212,0.906344410876133,0.7043189368770764,41.22257278551766,1.6879663806024097,76.97835374013056,0.016611295681063124,-46.73582639857671,-0.7501482067386246,83.5,268.0,2023-10-03,2026-05-14
AMD,corridor_exit_down_L10_r400_b0bp,corridor_exit_down,favourable_now,"{""breakout_bps"": 0.0, ""direction"": ""down"", ""lookback"": 10, ""max_range_bps"": 400.0}",2,no_lower_price_in_next_h_observations,37,37,0.23870967741935484,0.35135135135135137,0.40216216216216216,0.8736559139784946,0.7940199335548173,42.32169233434657,17.605007930616395,72.7756099579467,0.009966777408637873,-20.59431330197348,-0.7278798825469339,21.0,140.0,2023-09-13,2026-05-19
AMD,corridor_exit_down_L10_r400_b25bp,corridor_exit_down,favourable_now,"{""breakout_bps"": 25.0, ""direction"": ""down"", ""lookback"": 10, ""max_range_bps"": 400.0}",2,no_lower_price_in_next_h_observations,33,33,0.2129032258064516,0.3333333333333333,0.40404040404040403,0.825,0.8471760797342193,42.593559815811275,12.67932258342231,81.56138021698881,0.023255813953488372,-33.318134541599406,0.8752324810130346,24.0,140.0,2023-09-13,2026-05-19
AMD,corridor_exit_down_L10_r400_b50bp,corridor_exit_down,favourable_now,"{""breakout_bps"": 50.0, ""direction"": ""down"", ""lookback"": 10, ""max_range_bps"": 400.0}",2,no_lower_price_in_next_h_observations,26,26,0.16774193548387098,0.3076923076923077,0.40948717948717955,0.7514088916718847,0.8903654485049833,55.13723401060236,12.446393245394137,96.13118987682701,0.006644518272425249,-33.80409004494157,0.34963103263671,31.0,140.0,2023-09-13,2026-05-20
AMD,corridor_exit_down_L20_r200_b0bp,corridor_exit_down,favourable_now,"{""breakout_bps"": 0.0, ""direction"": ""down"", ""lookback"": 20, ""max_range_bps"": 200.0}",2,no_lower_price_in_next_h_observations,4,4,0.025806451612903226,0.0,0.405,0.0,1.0,22.365222056310863,6.082312654454025,28.62622925042801,0.0033222591362126247,-1.0370400120476861,3.7470039945356772,327.0,400.0,2024-05-07,2026-05-14
AMD,corridor_exit_down_L20_r200_b25bp,corridor_exit_down,favourable_now,"{""breakout_bps"": 25.0, ""direction"": ""down"", ""lookback"": 20, ""max_range_bps"": 200.0}",2,no_lower_price_in_next_h_observations,3,3,0.01935483870967742,0.0,0.4277777777777777,0.0,1.0,27.792858523596475,26.126117069933397,28.62622925042801,0.0033222591362126247,2.875226376391666,5.861682263129868,368.5,727.0,2024-05-07,2026-05-14
AMD,corridor_exit_down_L20_r200_b50bp,corridor_exit_down,favourable_now,"{""breakout_bps"": 50.0, ""direction"": ""down"", ""lookback"": 20, ""max_range_bps"": 200.0}",2,no_lower_price_in_next_h_observations,1,1,0.0064516129032258064,0.0,0.43,0.0,1.0,26.126117069933397,,,,-18.39584233858438,1.2434254357881485,,,2026-05-14,2026-05-14
AMD,corridor_exit_down_L20_r400_b0bp,corridor_exit_down,favourable_now,"{""breakout_bps"": 0.0, ""direction"": ""down"", ""lookback"": 20, ""max_range_bps"": 400.0}",2,no_lower_price_in_next_h_observations,15,15,0.0967741935483871,0.4,0.4042222222222222,0.989554700384827,0.6312292358803987,26.04067650291878,-2.245152582959933,51.8105073151544,0.026578073089700997,-26.891399771226197,0.14492847009031115,48.0,297.0,2023-10-03,2026-05-19
AMD,corridor_exit_down_L20_r400_b25bp,corridor_exit_down,favourable_now,"{""breakout_bps"": 25.0, ""direction"": ""down"", ""lookback"": 20, ""max_range_bps"": 400.0}",2,no_lower_price_in_next_h_observations,14,14,0.09032258064516129,0.42857142857142855,0.4066666666666666,1.053864168618267,0.5681063122923588,40.079898926091744,25.497537503933174,54.62157062858316,0.0033222591362126247,10.53067128058844,0.47475362512392244,43.0,297.0,2023-10-04,2026-05-20
AMD,corridor_exit_down_L20_r400_b50bp,corridor_exit_down,favourable_now,"{""breakout_bps"": 50.0, ""direction"": ""down"", ""lookback"": 20, ""max_range_bps"": 400.0}",2,no_lower_price_in_next_h_observations,9,9,0.05806451612903226,0.2222222222222222,0.3811111111111111,0.5830903790087463,0.9269102990033222,34.381253491888586,10.388477191604467,56.164798089070246,0.0033222591362126247,-12.977877543907486,-4.088114960198846,93.0,297.0,2023-10-04,2026-05-20
AMD,corridor_exit_down_L5_r100_b0bp,corridor_exit_down,favourable_now,"{""breakout_bps"": 0.0, ""direction"": ""down"", ""lookback"": 5, ""max_range_bps"": 100.0}",2,no_lower_price_in_next_h_observations,34,34,0.21935483870967742,0.2647058823529412,0.4037254901960784,0.6556580864497329,0.9767441860465116,15.178202945761734,0.6015645969851561,27.53191851787774,0.013289036544850499,-42.56302089711277,-0.0015303192366077193,21.0,110.0,2023-09-22,2026-07-25
AMD,corridor_exit_down_L5_r100_b25bp,corridor_exit_down,favourable_now,"{""breakout_bps"": 25.0, ""direction"": ""down"", ""lookback"": 5, ""max_range_bps"": 100.0}",2,no_lower_price_in_next_h_observations,25,25,0.16129032258064516,0.28,0.4070666666666667,0.6878480183426139,0.9401993355481728,23.589562443464242,2.217333021906648,43.572582009346135,0.009966777408637873,-65.39491055820967,1.2365896332761015,28.0,109.0,2023-09-23,2026-02-17
AMD,corridor_exit_down_L5_r100_b50bp,corridor_exit_down,favourable_now,"{""breakout_bps"": 50.0, ""direction"": ""down"", ""lookback"": 5, ""max_range_bps"": 100.0}",2,no_lower_price_in_next_h_observations,17,17,0.10967741935483871,0.29411764705882354,0.4105882352941176,0.7163323782234958,0.9069767441860465,23.719681014077693,-4.609026069274598,49.64760194950294,0.03986710963455149,-92.86840534952918,2.2828465163340805,42.5,123.0,2023-10-03,2026-02-17
AMD,corridor_exit_down_L5_r200_b0bp,corridor_exit_down,favourable_now,"{""breakout_bps"": 0.0, ""direction"": ""down"", ""lookback"": 5, ""max_range_bps"": 200.0}",2,no_lower_price_in_next_h_observations,58,58,0.3741935483870968,0.25862068965517243,0.40212643678160914,0.643132771187652,0.9933554817275747,23.186558668115598,11.427448398272626,33.45173101300848,0.0033222591362126247,-41.42284587170969,-0.24134914127506116,15.0,58.0,2023-09-12,2026-08-21
AMD,corridor_exit_down_L5_r200_b25bp,corridor_exit_down,favourable_now,"{""breakout_bps"": 25.0, ""direction"": ""down"", ""lookback"": 5, ""max_range_bps"": 200.0}",2,no_lower_price_in_next_h_observations,47,47,0.3032258064516129,0.3191489361702128,0.39503546099290776,0.8078994614003592,0.8637873754152824,33.069775003614744,16.00890540890924,47.637001455207844,0.0033222591362126247,-50.79276371337458,-2.5462847360716014,17.0,109.0,2023-09-13,2026-08-21
AMD,corridor_exit_down_L5_r200_b50bp,corridor_exit_down,favourable_now,"{""breakout_bps"": 50.0, ""direction"": ""down"", ""lookback"": 5, ""max_range_bps"": 200.0}",2,no_lower_price_in_next_h_observations,33,33,0.2129032258064516,0.24242424242424243,0.40212121212121216,0.6028636021100225,0.9867109634551495,33.83446173320894,12.063815671087854,53.02046178288212,0.0033222591362126247,-71.83592353017028,-0.5850643755444724,22.0,123.0,2023-09-13,2026-07-08
AMD,corridor_exit_down_L5_r400_b0bp,corridor_exit_down,favourable_now,"{""breakout_bps"": 0.0, ""direction"": ""down"", ""lookback"": 5, ""max_range_bps"": 400.0}",2,no_lower_price_in_next_h_observations,76,76,0.49032258064516127,0.3026315789473684,0.40342105263157896,0.7501630789302022,0.9700996677740864,35.90585437510785,18.447863179378462,53.30160054958855,0.0033222591362126247,-27.038662591065314,0.1585176810623918,12.0,52.0,2023-09-12,2026-08-21
AMD,corridor_exit_down_L5_r400_b25bp,corridor_exit_down,favourable_now,"{""breakout_bps"": 25.0, ""direction"": ""down"", ""lookback"": 5, ""max_range_bps"": 400.0}",2,no_lower_price_in_next_h_observations,65,65,0.41935483870967744,0.35384615384615387,0.4013333333333334,0.8816764630718119,0.8504983388704319,43.54920255559646,21.697697358929616,67.63336003088196,0.0033222591362126247,-32.55149028227838,-0.3222154348747161,11.5,92.0,2023-09-13,2026-08-21
AMD,corridor_exit_down_L5_r400_b50bp,corridor_exit_down,favourable_now,"{""breakout_bps"": 50.0, ""direction"": ""down"", ""lookback"": 5, ""max_range_bps"": 400.0}",2,no_lower_price_in_next_h_observations,49,49,0.3161290322580645,0.32653061224489793,0.40326530612244893,0.8097165991902834,0.9003322259136213,52.76767893014442,26.256051780799407,83.94371088360845,0.0033222591362126247,-35.95176885815525,-1.8291095580846126,14.5,123.0,2023-09-13,2026-07-08
AMD,corridor_exit_down_L5_r50_b0bp,corridor_exit_down,favourable_now,"{""breakout_bps"": 0.0, ""direction"": ""down"", ""lookback"": 5, ""max_range_bps"": 50.0}",2,no_lower_price_in_next_h_observations,14,14,0.09032258064516129,0.21428571428571427,0.4011904761904762,0.5341246290801186,0.9568106312292359,9.867779346811442,-18.311296677393436,36.35606506441656,0.2026578073089701,-60.52520227086996,1.6680296238971681,39.0,271.0,2023-09-30,2026-07-25
AMD,corridor_exit_down_L5_r50_b25bp,corridor_exit_down,favourable_now,"{""breakout_bps"": 25.0, ""direction"": ""down"", ""lookback"": 5, ""max_range_bps"": 50.0}",2,no_lower_price_in_next_h_observations,11,11,0.07096774193548387,0.36363636363636365,0.4018181818181818,0.904977375565611,0.707641196013289,29.678433495617938,-3.645246823040989,67.0171994410885,0.08637873754152824,-55.85123060106398,-1.7143953361832571,57.5,269.0,2023-10-03,2025-11-14
AMD,corridor_exit_down_L5_r50_b50bp,corridor_exit_down,favourable_now,"{""breakout_bps"": 50.0, ""direction"": ""down"", ""lookback"": 5, ""max_range_bps"": 50.0}",2,no_lower_price_in_next_h_observations,7,7,0.04516129032258064,0.42857142857142855,0.4019047619047619,1.066350710900474,0.5880398671096345,28.492248440326527,-18.409351048149198,84.49322129196469,0.23920265780730898,-88.73798394729413,0.4276644632368965,69.5,269.0,2023-10-03,2025-05-30
KGS,corridor_exit_down_L10_r100_b0bp,corridor_exit_down,favourable_now,"{""breakout_bps"": 0.0, ""direction"": ""down"", ""lookback"": 10, ""max_range_bps"": 100.0}",2,no_lower_price_in_next_h_observations,4,4,0.025806451612903226,0.0,0.4008333333333333,0.0,1.0,30.26455066005129,4.507904218191694,67.726259426375,0.046511627906976744,-23.427692447009207,5.5532649138241705,136.0,395.0,2024-05-21,2025-11-22
KGS,corridor_exit_down_L10_r100_b25bp,corridor_exit_down,favourable_now,"{""breakout_bps"": 25.0, ""direction"": ""down"", ""lookback"": 10, ""max_range_bps"": 100.0}",2,no_lower_price_in_next_h_observations,2,2,0.012903225806451613,0.0,0.405,0.0,1.0,56.5320997851293,25.49538182454958,87.56881774570901,0.0033222591362126247,26.5160529541697,4.723166036786814,134.0,134.0,2025-07-11,2025-11-22
KGS,corridor_exit_down_L10_r100_b50bp,corridor_exit_down,favourable_now,"{""breakout_bps"": 50.0, ""direction"": ""down"", ""lookback"": 10, ""max_range_bps"": 100.0}",2,no_lower_price_in_next_h_observations,1,1,0.0064516129032258064,0.0,0.4666666666666667,0.0,1.0,87.56881774570901,,,,-7.989774858767618,12.387554286956119,,,2025-11-22,2025-11-22
KGS,corridor_exit_down_L10_r200_b0bp,corridor_exit_down,favourable_now,"{""breakout_bps"": 0.0, ""direction"": ""down"", ""lookback"": 10, ""max_range_bps"": 200.0}",2,no_lower_price_in_next_h_observations,18,18,0.11612903225806452,0.3333333333333333,0.3864814814814814,0.8624820316243412,0.7441860465116279,26.456434901177303,8.70359057970076,49.66053350258767,0.013289036544850499,-22.428188446235296,-1.8024216676673261,41.0,261.0,2023-11-10,2026-05-08
KGS,corridor_exit_down_L10_r200_b25bp,corridor_exit_down,favourable_now,"{""breakout_bps"": 25.0, ""direction"": ""down"", ""lookback"": 10, ""max_range_bps"": 200.0}",2,no_lower_price_in_next_h_observations,14,14,0.09032258064516129,0.35714285714285715,0.3995238095238095,0.8939213349225269,0.707641196013289,41.52119290682234,10.817730738873843,67.6540600676909,0.006644518272425249,-2.2797851533616416,0.29221340981303606,51.0,268.0,2023-11-15,2026-05-09
KGS,corridor_exit_down_L10_r200_b50bp,corridor_exit_down,favourable_now,"{""breakout_bps"": 50.0, ""direction"": ""down"", ""lookback"": 10, ""max_range_bps"": 200.0}",2,no_lower_price_in_next_h_observations,12,12,0.07741935483870968,0.4166666666666667,0.38166666666666665,1.091703056768559,0.5348837209302325,54.372855956581105,24.79291406985433,80.51904902180466,0.0033222591362126247,18.599325611766698,-6.251664471838255,62.0,268.0,2023-11-15,2026-05-13
KGS,corridor_exit_down_L10_r400_b0bp,corridor_exit_down,favourable_now,"{""breakout_bps"": 0.0, ""direction"": ""down"", ""lookback"": 10, ""max_range_bps"": 400.0}",2,no_lower_price_in_next_h_observations,39,39,0.25161290322580643,0.3076923076923077,0.39504273504273507,0.7788836001730852,0.9102990033222591,47.82432380454746,27.594699508842854,77.26834356581874,0.006644518272425249,-15.151596904151265,-1.5333688862835408,19.5,112.0,2023-09-13,2026-05-15
KGS,corridor_exit_down_L10_r400_b25bp,corridor_exit_down,favourable_now,"{""breakout_bps"": 25.0, ""direction"": ""down"", ""lookback"": 10, ""max_range_bps"": 400.0}",2,no_lower_price_in_next_h_observations,34,34,0.21935483870967742,0.3235294117647059,0.3875490196078432,0.8348090058183657,0.8073089700996677,36.73606434203333,15.669881716779228,53.862541634914166,0.0033222591362126247,-37.74691843440445,-3.830590278952303,25.0,112.0,2023-09-13,2026-05-19
KGS,corridor_exit_down_L10_r400_b50bp,corridor_exit_down,favourable_now,"{""breakout_bps"": 50.0, ""direction"": ""down"", ""lookback"": 10, ""max_range_bps"": 400.0}",2,no_lower_price_in_next_h_observations,27,27,0.17419354838709677,0.3333333333333333,0.39185185185185184,0.8506616257088847,0.7973421926910299,39.54590043647663,17.77991549133771,62.084554112436955,0.0033222591362126247,-43.464920067427116,-1.7789247800984151,28.5,140.0,2023-09-13,2026-05-19
KGS,corridor_exit_down_L20_r200_b0bp,corridor_exit_down,favourable_now,"{""breakout_bps"": 0.0, ""direction"": ""down"", ""lookback"": 20, ""max_range_bps"": 200.0}",2,no_lower_price_in_next_h_observations,2,2,0.012903225806451613,0.5,0.405,1.2345679012345678,0.6411960132890365,20.293470831936887,16.11336520576101,24.473576458112767,0.0033222591362126247,-12.728590023913243,6.926538452263946,15.0,15.0,2025-06-24,2025-07-09
KGS,corridor_exit_down_L20_r200_b25bp,corridor_exit_down,favourable_now,"{""breakout_bps"": 25.0, ""direction"": ""down"", ""lookback"": 20, ""max_range_bps"": 200.0}",2,no_lower_price_in_next_h_observations,1,1,0.0064516129032258064,0.0,0.36666666666666664,0.0,1.0,25.49538182454958,,,,61.02188076710702,-1.2367853800786095,,,2025-07-11,2025-07-11
KGS,corridor_exit_down_L20_r400_b0bp,corridor_exit_down,favourable_now,"{""breakout_bps"": 0.0, ""direction"": ""down"", ""lookback"": 20, ""max_range_bps"": 400.0}",2,no_lower_price_in_next_h_observations,16,16,0.1032258064516129,0.25,0.38625,0.6472491909385114,0.9368770764119602,19.447758990039297,2.449955439672443,41.21351011770504,0.04318936877076412,-30.879942539596488,-3.9152873341217096,42.0,289.0,2024-01-11,2026-05-13
KGS,corridor_exit_down_L20_r400_b25bp,corridor_exit_down,favourable_now,"{""breakout_bps"": 25.0, ""direction"": ""down"", ""lookback"": 20, ""max_range_bps"": 400.0}",2,no_lower_price_in_next_h_observations,13,13,0.08387096774193549,0.3076923076923077,0.3807692307692308,0.8080808080808081,0.7840531561461794,25.98029500581454,5.982350150691406,43.80024964537493,0.0033222591362126247,-8.833338453038046,-2.3939001921572776,52.0,289.0,2024-01-11,2026-05-13
KGS,corridor_exit_down_L20_r400_b50bp,corridor_exit_down,favourable_now,"{""breakout_bps"": 50.0, ""direction"": ""down"", ""lookback"": 20, ""max_range_bps"": 400.0}",2,no_lower_price_in_next_h_observations,8,8,0.05161290322580645,0.25,0.38708333333333333,0.6458557588805167,0.8737541528239202,27.969352468600327,0.03785209439856515,53.24751972384679,0.023255813953488372,-23.769386139428086,-2.999851235354976,138.0,289.0,2024-01-11,2026-05-13
KGS,corridor_exit_down_L5_r100_b0bp,corridor_exit_down,favourable_now,"{""breakout_bps"": 0.0, ""direction"": ""down"", ""lookback"": 5, ""max_range_bps"": 100.0}",2,no_lower_price_in_next_h_observations,34,34,0.21935483870967742,0.2647058823529412,0.38931372549019605,0.6799294887937548,0.9335548172757475,16.316026680452953,4.937644229145438,27.4672416388689,0.0033222591362126247,-49.65878643175878,-3.8983442013480634,25.0,80.0,2023-09-22,2026-07-25
KGS,corridor_exit_down_L5_r100_b25bp,corridor_exit_down,favourable_now,"{""breakout_bps"": 25.0, ""direction"": ""down"", ""lookback"": 5, ""max_range_bps"": 100.0}",2,no_lower_price_in_next_h_observations,26,26,0.16774193548387098,0.3076923076923077,0.39564102564102566,0.7777057679844459,0.8704318936877077,31.660767482963188,16.131757269611494,46.34079881506075,0.0033222591362126247,-31.595936972554913,-0.6541379396307928,28.0,158.0,2023-10-21,2026-07-25
KGS,corridor_exit_down_L5_r100_b50bp,corridor_exit_down,favourable_now,"{""breakout_bps"": 50.0, ""direction"": ""down"", ""lookback"": 5, ""max_range_bps"": 100.0}",2,no_lower_price_in_next_h_observations,19,19,0.12258064516129032,0.3157894736842105,0.3963157894736842,0.7968127490039841,0.8272425249169435,38.55062461670193,18.4122996076055,60.548679808656516,0.0033222591362126247,-27.620255339373756,-3.9018035233168864,29.5,189.0,2023-10-21,2026-02-17
KGS,corridor_exit_down_L5_r200_b0bp,corridor_exit_down,favourable_now,"{""breakout_bps"": 0.0, ""direction"": ""down"", ""lookback"": 5, ""max_range_bps"": 200.0}",2,no_lower_price_in_next_h_observations,56,56,0.36129032258064514,0.26785714285714285,0.3918452380952381,0.6835789153881209,0.9900332225913622,28.788245290313803,16.887440523551653,39.27382079035852,0.0033222591362126247,-37.95192802205533,-1.7198379484580582,16.0,61.0,2023-09-12,2026-08-21
KGS,corridor_exit_down_L5_r200_b25bp,corridor_exit_down,favourable_now,"{""breakout_bps"": 25.0, ""direction"": ""down"", ""lookback"": 5, ""max_range_bps"": 200.0}",2,no_lower_price_in_next_h_observations,47,47,0.3032258064516129,0.2765957446808511,0.3861702127659574,0.7162534435261708,0.9667774086378738,34.692643668371176,20.68007239366883,47.71512374943013,0.0033222591362126247,-46.75351642161168,-3.631325721866896,17.0,109.0,2023-09-12,2026-08-21
KGS,corridor_exit_down_L5_r200_b50bp,corridor_exit_down,favourable_now,"{""breakout_bps"": 50.0, ""direction"": ""down"", ""lookback"": 5, ""max_range_bps"": 200.0}",2,no_lower_price_in_next_h_observations,40,40,0.25806451612903225,0.275,0.38816666666666666,0.7084585659081152,0.9534883720930233,41.255010568136996,26.713386144666693,55.60501087183681,0.0033222591362126247,-45.23660733111858,-2.6313702372325496,21.0,123.0,2023-09-13,2026-08-21
KGS,corridor_exit_down_L5_r400_b0bp,corridor_exit_down,favourable_now,"{""breakout_bps"": 0.0, ""direction"": ""down"", ""lookback"": 5, ""max_range_bps"": 400.0}",2,no_lower_price_in_next_h_observations,72,72,0.4645161290322581,0.2638888888888889,0.3909259259259259,0.675035528185694,0.9933554817275747,38.844367710872255,23.16488788961591,62.1144849776316,0.0033222591362126247,-30.393186650630305,-1.5302060502073074,13.0,49.0,2023-09-12,2026-08-21
KGS,corridor_exit_down_L5_r400_b25bp,corridor_exit_down,favourable_now,"{""breakout_bps"": 25.0, ""direction"": ""down"", ""lookback"": 5, ""max_range_bps"": 400.0}",2,no_lower_price_in_next_h_observations,63,63,0.4064516129032258,0.30158730158730157,0.3904761904761905,0.7723577235772358,0.9501661129568106,42.39155835264685,27.987549831255855,61.303766635336416,0.0033222591362126247,-33.00661139187392,-2.6553218569369976,12.5,93.0,2023-09-12,2026-08-21
KGS,corridor_exit_down_L5_r400_b50bp,corridor_exit_down,favourable_now,"{""breakout_bps"": 50.0, ""direction"": ""down"", ""lookback"": 5, ""max_range_bps"": 400.0}",2,no_lower_price_in_next_h_observations,52,52,0.33548387096774196,0.28846153846153844,0.3923076923076923,0.7352941176470588,0.9568106312292359,41.85209266671453,28.980501131536624,56.036073952791575,0.0033222591362126247,-51.12484850071591,-2.8656354851038395,15.0,123.0,2023-09-13,2026-08-21
KGS,corridor_exit_down_L5_r50_b0bp,corridor_exit_down,favourable_now,"{""breakout_bps"": 0.0, ""direction"": ""down"", ""lookback"": 5, ""max_range_bps"": 50.0}",2,no_lower_price_in_next_h_observations,14,14,0.09032258064516129,0.2857142857142857,0.39428571428571424,0.7246376811594203,0.8704318936877077,23.327238920039996,1.6452351422902294,44.13386504014874,0.019933554817275746,-28.876250884107353,2.195158234081999,61.0,245.0,2023-09-22,2026-07-25
KGS,corridor_exit_down_L5_r50_b25bp,corridor_exit_down,favourable_now,"{""breakout_bps"": 25.0, ""direction"": ""down"", ""lookback"": 5, ""max_range_bps"": 50.0}",2,no_lower_price_in_next_h_observations,11,11,0.07096774193548387,0.2727272727272727,0.39818181818181825,0.6849315068493149,0.8770764119601329,39.235272156014986,12.096071902466148,61.56077047202594,0.0033222591362126247,-11.171338597659526,-0.2675665848859443,65.0,269.0,2023-10-21,2026-07-25
KGS,corridor_exit_down_L5_r50_b50bp,corridor_exit_down,favourable_now,"{""breakout_bps"": 50.0, ""direction"": ""down"", ""lookback"": 5, ""max_range_bps"": 50.0}",2,no_lower_price_in_next_h_observations,8,8,0.05161290322580645,0.375,0.39791666666666664,0.9424083769633509,0.6943521594684385,44.37241741819725,10.300446056318677,72.11463615714023,0.0033222591362126247,-20.966855916979135,-1.754662821880214,58.0,269.0,2023-10-21,2025-11-22
KZT,corridor_exit_down_L10_r100_b0bp,corridor_exit_down,favourable_now,"{""breakout_bps"": 0.0, ""direction"": ""down"", ""lookback"": 10, ""max_range_bps"": 100.0}",2,no_lower_price_in_next_h_observations,1,1,0.0064516129032258064,0.0,0.37666666666666665,0.0,1.0,1.095121904359786,,,,-50.96159388269128,-4.903186573199594,,,2024-04-25,2024-04-25
KZT,corridor_exit_down_L10_r100_b25bp,corridor_exit_down,favourable_now,"{""breakout_bps"": 25.0, ""direction"": ""down"", ""lookback"": 10, ""max_range_bps"": 100.0}",2,no_lower_price_in_next_h_observations,1,1,0.0064516129032258064,0.0,0.38333333333333336,0.0,1.0,13.354337991930976,,,,-26.97846058976827,0.6614332954768664,,,2024-04-26,2024-04-26
KZT,corridor_exit_down_L10_r200_b0bp,corridor_exit_down,favourable_now,"{""breakout_bps"": 0.0, ""direction"": ""down"", ""lookback"": 10, ""max_range_bps"": 200.0}",2,no_lower_price_in_next_h_observations,17,17,0.10967741935483871,0.23529411764705882,0.4019607843137255,0.5853658536585366,0.9534883720930233,25.47992793597481,5.42516574852862,44.91909868222919,0.013289036544850499,-46.31792165355769,1.2809362317187178,45.0,167.0,2024-01-12,2026-05-09
KZT,corridor_exit_down_L10_r200_b25bp,corridor_exit_down,favourable_now,"{""breakout_bps"": 25.0, ""direction"": ""down"", ""lookback"": 10, ""max_range_bps"": 200.0}",2,no_lower_price_in_next_h_observations,12,12,0.07741935483870968,0.16666666666666666,0.3972222222222222,0.4195804195804196,0.973421926910299,37.91678272740045,16.430042523235983,63.172668132019,0.0033222591362126247,-49.43717927180597,-0.1515251770843516,56.0,167.0,2024-01-12,2026-05-09
KZT,corridor_exit_down_L10_r200_b50bp,corridor_exit_down,favourable_now,"{""breakout_bps"": 50.0, ""direction"": ""down"", ""lookback"": 10, ""max_range_bps"": 200.0}",2,no_lower_price_in_next_h_observations,9,9,0.05806451612903226,0.1111111111111111,0.3981481481481482,0.2790697674418604,0.9867109634551495,41.58624748858938,21.074768891014585,66.98995185248882,0.0033222591362126247,-52.97870375826247,-2.079678147883113,78.5,246.0,2024-01-12,2026-04-10
KZT,corridor_exit_down_L10_r400_b0bp,corridor_exit_down,favourable_now,"{""breakout_bps"": 0.0, ""direction"": ""down"", ""lookback"": 10, ""max_range_bps"": 400.0}",2,no_lower_price_in_next_h_observations,42,42,0.2709677419354839,0.47619047619047616,0.39666666666666667,1.2004801920768307,0.17940199335548174,63.71124545557044,39.969693634165104,94.9091889965823,0.0033222591362126247,17.61482899070761,-1.7328618019149553,21.0,82.0,2023-09-13,2026-05-30
KZT,corridor_exit_down_L10_r400_b25bp,corridor_exit_down,favourable_now,"{""breakout_bps"": 25.0, ""direction"": ""down"", ""lookback"": 10, ""max_range_bps"": 400.0}",2,no_lower_price_in_next_h_observations,35,35,0.22580645161290322,0.4857142857142857,0.40009523809523806,1.2139966674601286,0.2059800664451827,73.30013674041723,42.11211822469931,101.50411842774288,0.0033222591362126247,27.080007054810356,-1.6815181636947762,23.5,83.0,2023-09-13,2026-05-30
KZT,corridor_exit_down_L10_r400_b50bp,corridor_exit_down,favourable_now,"{""breakout_bps"": 50.0, ""direction"": ""down"", ""lookback"": 10, ""max_range_bps"": 400.0}",2,no_lower_price_in_next_h_observations,27,27,0.17419354838709677,0.4074074074074074,0.39888888888888885,1.021355617455896,0.5149501661129569,73.98907296985792,39.76590074837918,112.23344598666486,0.0033222591362126247,0.36011581666369563,-0.7116014262739976,29.5,140.0,2023-09-13,2026-05-30
KZT,corridor_exit_down_L20_r200_b0bp,corridor_exit_down,favourable_now,"{""breakout_bps"": 0.0, ""direction"": ""down"", ""lookback"": 20, ""max_range_bps"": 200.0}",2,no_lower_price_in_next_h_observations,1,1,0.0064516129032258064,0.0,0.43333333333333335,0.0,1.0,7.019928635580985,,,,-75.3452921329223,15.378167637472286,,,2024-05-17,2024-05-17
KZT,corridor_exit_down_L20_r200_b25bp,corridor_exit_down,favourable_now,"{""breakout_bps"": 25.0, ""direction"": ""down"", ""lookback"": 20, ""max_range_bps"": 200.0}",2,no_lower_price_in_next_h_observations,1,1,0.0064516129032258064,0.0,0.37,0.0,1.0,7.019928635580985,,,,-75.3452921329223,-12.225296350064726,,,2024-05-17,2024-05-17
KZT,corridor_exit_down_L20_r400_b0bp,corridor_exit_down,favourable_now,"{""breakout_bps"": 0.0, ""direction"": ""down"", ""lookback"": 20, ""max_range_bps"": 400.0}",2,no_lower_price_in_next_h_observations,14,14,0.09032258064516129,0.2857142857142857,0.39666666666666667,0.7202881152460984,0.8970099667774086,42.766377242430345,14.305976008700945,66.33782660320647,0.0033222591362126247,0.5676170124507068,-1.6443556446578804,52.0,178.0,2023-11-21,2026-05-15
KZT,corridor_exit_down_L20_r400_b25bp,corridor_exit_down,favourable_now,"{""breakout_bps"": 25.0, ""direction"": ""down"", ""lookback"": 20, ""max_range_bps"": 400.0}",2,no_lower_price_in_next_h_observations,13,13,0.08387096774193549,0.23076923076923078,0.4015384615384615,0.574712643678161,0.9568106312292359,41.95376140781504,19.564547199024585,63.84484849832443,0.0033222591362126247,-8.584003779626723,-2.268711449734115,57.0,182.0,2023-11-21,2026-05-15
KZT,corridor_exit_down_L20_r400_b50bp,corridor_exit_down,favourable_now,"{""breakout_bps"": 50.0, ""direction"": ""down"", ""lookback"": 20, ""max_range_bps"": 400.0}",2,no_lower_price_in_next_h_observations,12,12,0.07741935483870968,0.25,0.3908333333333333,0.6396588486140725,0.9003322259136213,45.46309794348178,24.368098874323774,72.98603513121245,0.0033222591362126247,3.1438066921496435,-0.06860729535469753,62.0,191.0,2023-11-21,2026-05-15
KZT,corridor_exit_down_L5_r100_b0bp,corridor_exit_down,favourable_now,"{""breakout_bps"": 0.0, ""direction"": ""down"", ""lookback"": 5, ""max_range_bps"": 100.0}",2,no_lower_price_in_next_h_observations,34,34,0.21935483870967742,0.35294117647058826,0.3993137254901961,0.883869383746624,0.7973421926910299,40.31714780028626,18.948331740440178,60.710327291265514,0.0033222591362126247,2.3681854215700353,0.2211859730806024,22.0,112.0,2023-09-12,2026-07-28
KZT,corridor_exit_down_L5_r100_b25bp,corridor_exit_down,favourable_now,"{""breakout_bps"": 25.0, ""direction"": ""down"", ""lookback"": 5, ""max_range_bps"": 100.0}",2,no_lower_price_in_next_h_observations,29,29,0.1870967741935484,0.4482758620689655,0.39034482758620687,1.148409893992933,0.3588039867109635,60.85055300893729,42.98790497736099,76.07241890533402,0.0033222591362126247,22.1973360328867,-3.1823937695897584,27.0,112.0,2023-09-12,2026-07-28
KZT,corridor_exit_down_L5_r100_b50bp,corridor_exit_down,favourable_now,"{""breakout_bps"": 50.0, ""direction"": ""down"", ""lookback"": 5, ""max_range_bps"": 100.0}",2,no_lower_price_in_next_h_observations,23,23,0.14838709677419354,0.4782608695652174,0.39391304347826084,1.2141280353200885,0.2558139534883721,67.13025128917127,48.40736266323886,85.68356956380282,0.0033222591362126247,22.117533273012366,-2.562864898531615,44.0,112.0,2023-09-12,2026-07-28
KZT,corridor_exit_down_L5_r200_b0bp,corridor_exit_down,favourable_now,"{""breakout_bps"": 0.0, ""direction"": ""down"", ""lookback"": 5, ""max_range_bps"": 200.0}",2,no_lower_price_in_next_h_observations,60,60,0.3870967741935484,0.3333333333333333,0.3977222222222222,0.8381058807095964,0.8837209302325582,42.60406860126523,30.76818026540007,56.700048340112154,0.0033222591362126247,-13.429625428734997,-2.473097356228228,14.0,61.0,2023-09-12,2026-07-28
KZT,corridor_exit_down_L5_r200_b25bp,corridor_exit_down,favourable_now,"{""breakout_bps"": 25.0, ""direction"": ""down"", ""lookback"": 5, ""max_range_bps"": 200.0}",2,no_lower_price_in_next_h_observations,50,50,0.3225806451612903,0.38,0.4005333333333333,0.948735019973369,0.6578073089700996,56.90131042766629,44.538807143539756,67.64508807287227,0.0033222591362126247,1.760021910958831,-1.800108720970909,18.0,61.0,2023-09-12,2026-07-28
KZT,corridor_exit_down_L5_r200_b50bp,corridor_exit_down,favourable_now,"{""breakout_bps"": 50.0, ""direction"": ""down"", ""lookback"": 5, ""max_range_bps"": 200.0}",2,no_lower_price_in_next_h_observations,42,42,0.2709677419354839,0.35714285714285715,0.3933333333333333,0.9079903147699758,0.7408637873754153,59.408072115806796,46.98619348711752,72.00699055022709,0.0033222591362126247,-8.336132213472,-1.3354987012366684,20.0,81.0,2023-09-12,2026-07-28
KZT,corridor_exit_down_L5_r400_b0bp,corridor_exit_down,favourable_now,"{""breakout_bps"": 0.0, ""direction"": ""down"", ""lookback"": 5, ""max_range_bps"": 400.0}",2,no_lower_price_in_next_h_observations,75,75,0.4838709677419355,0.4,0.39884444444444445,1.002897258747493,0.521594684385382,55.65410650624489,37.49750007276174,73.95825508574703,0.0033222591362126247,3.8200940135345833,-1.5693134098254222,10.5,49.0,2023-09-12,2026-07-28
KZT,corridor_exit_down_L5_r400_b25bp,corridor_exit_down,favourable_now,"{""breakout_bps"": 25.0, ""direction"": ""down"", ""lookback"": 5, ""max_range_bps"": 400.0}",2,no_lower_price_in_next_h_observations,65,65,0.41935483870967744,0.4307692307692308,0.39641025641025646,1.0866752910737387,0.31893687707641194,72.44751708813237,55.981716228859284,93.64827771643913,0.0033222591362126247,22.405923160998352,-0.8224684780565061,13.0,49.0,2023-09-12,2026-07-28
KZT,corridor_exit_down_L5_r400_b50bp,corridor_exit_down,favourable_now,"{""breakout_bps"": 50.0, ""direction"": ""down"", ""lookback"": 5, ""max_range_bps"": 400.0}",2,no_lower_price_in_next_h_observations,52,52,0.33548387096774196,0.40384615384615385,0.3983333333333333,1.013839716768587,0.53156146179402,76.26454386342712,57.014271311818945,101.55123712285558,0.0033222591362126247,13.0290894032649,-0.9396204861645521,15.0,81.0,2023-09-12,2026-07-28
KZT,corridor_exit_down_L5_r50_b0bp,corridor_exit_down,favourable_now,"{""breakout_bps"": 0.0, ""direction"": ""down"", ""lookback"": 5, ""max_range_bps"": 50.0}",2,no_lower_price_in_next_h_observations,3,3,0.01935483870967742,0.3333333333333333,0.4011111111111111,0.8310249307479225,0.7873754152823921,43.221256306440466,4.828720389100649,89.51727599765702,0.04983388704318937,-28.425232534398486,3.077109217627777,449.5,634.0,2023-10-21,2026-04-07
KZT,corridor_exit_down_L5_r50_b25bp,corridor_exit_down,favourable_now,"{""breakout_bps"": 25.0, ""direction"": ""down"", ""lookback"": 5, ""max_range_bps"": 50.0}",2,no_lower_price_in_next_h_observations,3,3,0.01935483870967742,0.3333333333333333,0.38,0.8771929824561403,0.7342192691029901,43.221256306440466,4.828720389100649,89.51727599765702,0.053156146179401995,-28.425232534398486,-3.971875796242601,449.5,634.0,2023-10-21,2026-04-07
KZT,corridor_exit_down_L5_r50_b50bp,corridor_exit_down,favourable_now,"{""breakout_bps"": 50.0, ""direction"": ""down"", ""lookback"": 5, ""max_range_bps"": 50.0}",2,no_lower_price_in_next_h_observations,3,3,0.01935483870967742,0.3333333333333333,0.3922222222222222,0.8498583569405099,0.7541528239202658,43.221256306440466,4.828720389100649,89.51727599765702,0.04318936877076412,-28.425232534398486,2.6067377284853337,449.5,634.0,2023-10-21,2026-04-07
TJS,corridor_exit_down_L10_r100_b0bp,corridor_exit_down,favourable_now,"{""breakout_bps"": 0.0, ""direction"": ""down"", ""lookback"": 10, ""max_range_bps"": 100.0}",2,no_lower_price_in_next_h_observations,4,4,0.025806451612903226,0.0,0.43416666666666665,0.0,1.0,12.216884770048509,-27.510898317058825,70.5163501787487,0.31561461794019935,-75.88771859482146,0.7426123548503463,35.0,486.0,2024-05-22,2025-11-22
TJS,corridor_exit_down_L10_r100_b25bp,corridor_exit_down,favourable_now,"{""breakout_bps"": 25.0, ""direction"": ""down"", ""lookback"": 10, ""max_range_bps"": 100.0}",2,no_lower_price_in_next_h_observations,3,3,0.01935483870967742,0.0,0.4444444444444445,0.0,1.0,13.200518719950205,-29.35600508160108,90.93313926488378,0.23255813953488372,-104.43232001387265,7.9328118545013515,260.5,486.0,2024-06-19,2025-11-22
TJS,corridor_exit_down_L10_r100_b50bp,corridor_exit_down,favourable_now,"{""breakout_bps"": 50.0, ""direction"": ""down"", ""lookback"": 10, ""max_range_bps"": 100.0}",2,no_lower_price_in_next_h_observations,3,3,0.01935483870967742,0.0,0.44333333333333336,0.0,1.0,13.200518719950205,-29.35600508160108,90.93313926488378,0.292358803986711,-104.43232001387265,5.900495418004246,260.5,486.0,2024-06-19,2025-11-22
TJS,corridor_exit_down_L10_r200_b0bp,corridor_exit_down,favourable_now,"{""breakout_bps"": 0.0, ""direction"": ""down"", ""lookback"": 10, ""max_range_bps"": 200.0}",2,no_lower_price_in_next_h_observations,14,14,0.09032258064516129,0.2857142857142857,0.4047619047619047,0.7058823529411765,0.8770764119601329,35.236780514232294,16.252471991108095,49.60880629102835,0.0033222591362126247,-19.745086967956784,1.4400471415140734,40.0,398.0,2023-11-10,2026-05-13
TJS,corridor_exit_down_L10_r200_b25bp,corridor_exit_down,favourable_now,"{""breakout_bps"": 25.0, ""direction"": ""down"", ""lookback"": 10, ""max_range_bps"": 200.0}",2,no_lower_price_in_next_h_observations,13,13,0.08387096774193549,0.15384615384615385,0.41948717948717956,0.3667481662591687,0.9867109634551495,27.160033130598954,1.325196745996993,50.04512095813137,0.013289036544850499,-50.23826998281462,0.3888307154912501,45.5,398.0,2023-11-15,2026-05-13
TJS,corridor_exit_down_L10_r200_b50bp,corridor_exit_down,favourable_now,"{""breakout_bps"": 50.0, ""direction"": ""down"", ""lookback"": 10, ""max_range_bps"": 200.0}",2,no_lower_price_in_next_h_observations,12,12,0.07741935483870968,0.08333333333333333,0.421388888888889,0.19775873434410016,0.9966777408637874,28.62878174677277,1.606601788204351,53.5501843772216,0.016611295681063124,-50.12982848415615,1.129913427421284,51.0,398.0,2023-11-15,2026-05-13
TJS,corridor_exit_down_L10_r400_b0bp,corridor_exit_down,favourable_now,"{""breakout_bps"": 0.0, ""direction"": ""down"", ""lookback"": 10, ""max_range_bps"": 400.0}",2,no_lower_price_in_next_h_observations,38,38,0.24516129032258063,0.39473684210526316,0.42359649122807014,0.9318699523710914,0.6843853820598007,67.0458026400308,40.05894630082935,94.55103987221696,0.0033222591362126247,22.772497442447143,2.522412001415584,18.0,112.0,2023-09-13,2026-05-19
TJS,corridor_exit_down_L10_r400_b25bp,corridor_exit_down,favourable_now,"{""breakout_bps"": 25.0, ""direction"": ""down"", ""lookback"": 10, ""max_range_bps"": 400.0}",2,no_lower_price_in_next_h_observations,33,33,0.2129032258064516,0.36363636363636365,0.42070707070707075,0.864345738295318,0.8205980066445183,59.5975220783894,25.006280085129127,97.64867426201367,0.006644518272425249,-8.548123593513674,2.9049806276012866,21.5,112.0,2023-09-13,2026-05-19
TJS,corridor_exit_down_L10_r400_b50bp,corridor_exit_down,favourable_now,"{""breakout_bps"": 50.0, ""direction"": ""down"", ""lookback"": 10, ""max_range_bps"": 400.0}",2,no_lower_price_in_next_h_observations,27,27,0.17419354838709677,0.3333333333333333,0.42345679012345677,0.7871720116618076,0.8737541528239202,48.315523620860056,17.27599236147177,74.75474021947743,0.0033222591362126247,-39.11351861691609,2.8715518819899577,31.0,140.0,2023-09-13,2026-05-19
TJS,corridor_exit_down_L10_r50_b0bp,corridor_exit_down,favourable_now,"{""breakout_bps"": 0.0, ""direction"": ""down"", ""lookback"": 10, ""max_range_bps"": 50.0}",2,no_lower_price_in_next_h_observations,1,1,0.0064516129032258064,0.0,0.44333333333333336,0.0,1.0,-29.356005081601076,,,,-211.42382488029023,6.361081930083642,,,2024-07-24,2024-07-24
TJS,corridor_exit_down_L10_r50_b25bp,corridor_exit_down,favourable_now,"{""breakout_bps"": 25.0, ""direction"": ""down"", ""lookback"": 10, ""max_range_bps"": 50.0}",2,no_lower_price_in_next_h_observations,1,1,0.0064516129032258064,0.0,0.42,0.0,1.0,-29.356005081601076,,,,-211.42382488029023,-3.8623709208472343,,,2024-07-24,2024-07-24
TJS,corridor_exit_down_L10_r50_b50bp,corridor_exit_down,favourable_now,"{""breakout_bps"": 50.0, ""direction"": ""down"", ""lookback"": 10, ""max_range_bps"": 50.0}",2,no_lower_price_in_next_h_observations,1,1,0.0064516129032258064,0.0,0.43,0.0,1.0,-29.356005081601076,,,,-211.42382488029023,21.126068626715274,,,2024-07-24,2024-07-24
TJS,corridor_exit_down_L20_r200_b0bp,corridor_exit_down,favourable_now,"{""breakout_bps"": 0.0, ""direction"": ""down"", ""lookback"": 20, ""max_range_bps"": 200.0}",2,no_lower_price_in_next_h_observations,1,1,0.0064516129032258064,0.0,0.43666666666666665,0.0,1.0,27.877960566182747,,,,-16.763518297622237,9.949472059861968,,,2026-05-14,2026-05-14
TJS,corridor_exit_down_L20_r200_b25bp,corridor_exit_down,favourable_now,"{""breakout_bps"": 25.0, ""direction"": ""down"", ""lookback"": 20, ""max_range_bps"": 200.0}",2,no_lower_price_in_next_h_observations,1,1,0.0064516129032258064,0.0,0.44333333333333336,0.0,1.0,27.877960566182747,,,,-16.763518297622237,-7.764658458671589,,,2026-05-14,2026-05-14
TJS,corridor_exit_down_L20_r200_b50bp,corridor_exit_down,favourable_now,"{""breakout_bps"": 50.0, ""direction"": ""down"", ""lookback"": 20, ""max_range_bps"": 200.0}",2,no_lower_price_in_next_h_observations,1,1,0.0064516129032258064,0.0,0.44333333333333336,0.0,1.0,27.877960566182747,,,,-16.763518297622237,14.602380417737793,,,2026-05-14,2026-05-14
TJS,corridor_exit_down_L20_r400_b0bp,corridor_exit_down,favourable_now,"{""breakout_bps"": 0.0, ""direction"": ""down"", ""lookback"": 20, ""max_range_bps"": 400.0}",2,no_lower_price_in_next_h_observations,15,15,0.0967741935483871,0.4,0.4346666666666667,0.9202453987730062,0.7043189368770764,32.2804602053884,10.954492000864253,58.91761824707884,0.016611295681063124,14.428798691606657,6.475579490922794,45.0,386.0,2024-01-11,2026-05-19
TJS,corridor_exit_down_L20_r400_b25bp,corridor_exit_down,favourable_now,"{""breakout_bps"": 25.0, ""direction"": ""down"", ""lookback"": 20, ""max_range_bps"": 400.0}",2,no_lower_price_in_next_h_observations,10,10,0.06451612903225806,0.3,0.432,0.6944444444444444,0.8837209302325582,32.8722404458901,3.6663901389179063,73.51261980212345,0.04983388704318937,3.155227768865121,1.7877084396457106,55.0,484.0,2024-01-12,2026-05-20
TJS,corridor_exit_down_L20_r400_b50bp,corridor_exit_down,favourable_now,"{""breakout_bps"": 50.0, ""direction"": ""down"", ""lookback"": 20, ""max_range_bps"": 400.0}",2,no_lower_price_in_next_h_observations,6,6,0.03870967741935484,0.16666666666666666,0.41444444444444445,0.40214477211796246,0.9568106312292359,49.209721245424554,10.569667782058596,89.14997314939245,0.023255813953488372,21.70620801504393,0.007364264821288392,137.0,484.0,2024-01-12,2026-05-20
TJS,corridor_exit_down_L5_r100_b0bp,corridor_exit_down,favourable_now,"{""breakout_bps"": 0.0, ""direction"": ""down"", ""lookback"": 5, ""max_range_bps"": 100.0}",2,no_lower_price_in_next_h_observations,32,32,0.2064516129032258,0.21875,0.4222916666666667,0.5180069067587568,0.9966777408637874,14.077554594092366,4.209680382471467,25.237400739855833,0.009966777408637873,-48.59201265336871,4.035931381612416,22.0,112.0,2023-09-22,2026-07-25
TJS,corridor_exit_down_L5_r100_b25bp,corridor_exit_down,favourable_now,"{""breakout_bps"": 25.0, ""direction"": ""down"", ""lookback"": 5, ""max_range_bps"": 100.0}",2,no_lower_price_in_next_h_observations,25,25,0.16129032258064516,0.24,0.41639999999999994,0.5763688760806918,0.9833887043189369,17.21513361669116,-0.7568956927829504,34.57858632029869,0.029900332225913623,-63.27071436901295,2.1914065187637926,31.5,109.0,2023-10-21,2026-07-25
TJS,corridor_exit_down_L5_r100_b50bp,corridor_exit_down,favourable_now,"{""breakout_bps"": 50.0, ""direction"": ""down"", ""lookback"": 5, ""max_range_bps"": 100.0}",2,no_lower_price_in_next_h_observations,17,17,0.10967741935483871,0.23529411764705882,0.4209803921568627,0.5589194224499302,0.9634551495016611,23.073224509666208,2.5504297179387967,41.03149903174272,0.013289036544850499,-62.1898245080708,3.865769190838529,39.5,168.0,2023-10-21,2026-01-17
TJS,corridor_exit_down_L5_r200_b0bp,corridor_exit_down,favourable_now,"{""breakout_bps"": 0.0, ""direction"": ""down"", ""lookback"": 5, ""max_range_bps"": 200.0}",2,no_lower_price_in_next_h_observations,53,53,0.3419354838709677,0.2830188679245283,0.42144654088050315,0.6715415609610506,0.9833887043189369,23.513271209995864,9.486818663266837,34.05223996185839,0.0033222591362126247,-45.602781965917835,3.287946575477569,16.5,60.0,2023-09-12,2026-08-21
TJS,corridor_exit_down_L5_r200_b25bp,corridor_exit_down,favourable_now,"{""breakout_bps"": 25.0, ""direction"": ""down"", ""lookback"": 5, ""max_range_bps"": 200.0}",2,no_lower_price_in_next_h_observations,44,44,0.2838709677419355,0.29545454545454547,0.4265151515151515,0.6927175843694494,0.9767441860465116,31.943632718606228,11.136128079469483,48.40622809487014,0.0033222591362126247,-56.10842308198048,2.929959346117973,18.0,109.0,2023-09-13,2026-08-21
TJS,corridor_exit_down_L5_r200_b50bp,corridor_exit_down,favourable_now,"{""breakout_bps"": 50.0, ""direction"": ""down"", ""lookback"": 5, ""max_range_bps"": 200.0}",2,no_lower_price_in_next_h_observations,38,38,0.24516129032258063,0.3157894736842105,0.4163157894736842,0.7585335018963337,0.9335548172757475,43.504105958312884,28.39712196645137,58.511089990021546,0.0033222591362126247,-44.21537801564182,2.099982694939041,21.0,109.0,2023-09-13,2026-07-08
TJS,corridor_exit_down_L5_r400_b0bp,corridor_exit_down,favourable_now,"{""breakout_bps"": 0.0, ""direction"": ""down"", ""lookback"": 5, ""max_range_bps"": 400.0}",2,no_lower_price_in_next_h_observations,66,66,0.4258064516129032,0.30303030303030304,0.4217171717171717,0.718562874251497,0.9966777408637874,37.55564663897589,16.785113479307125,60.081795721288834,0.006644518272425249,-25.840519914982554,2.8836761479740125,12.0,60.0,2023-09-12,2026-08-21
TJS,corridor_exit_down_L5_r400_b25bp,corridor_exit_down,favourable_now,"{""breakout_bps"": 25.0, ""direction"": ""down"", ""lookback"": 5, ""max_range_bps"": 400.0}",2,no_lower_price_in_next_h_observations,57,57,0.36774193548387096,0.3333333333333333,0.4188304093567251,0.7958670762356884,0.9335548172757475,45.54479745178321,23.51263326924182,72.930928537133,0.0033222591362126247,-31.00048034633812,1.7723695203616865,13.5,109.0,2023-09-13,2026-08-21
TJS,corridor_exit_down_L5_r400_b50bp,corridor_exit_down,favourable_now,"{""breakout_bps"": 50.0, ""direction"": ""down"", ""lookback"": 5, ""max_range_bps"": 400.0}",2,no_lower_price_in_next_h_observations,47,47,0.3032258064516129,0.3617021276595745,0.41773049645390076,0.865874363327674,0.8438538205980066,47.969834136856065,31.46769656072848,62.67221122413423,0.0033222591362126247,-37.951086216602334,3.245911290554487,16.5,109.0,2023-09-13,2026-07-08
TJS,corridor_exit_down_L5_r50_b0bp,corridor_exit_down,favourable_now,"{""breakout_bps"": 0.0, ""direction"": ""down"", ""lookback"": 5, ""max_range_bps"": 50.0}",2,no_lower_price_in_next_h_observations,12,12,0.07741935483870968,0.25,0.4216666666666667,0.5928853754940712,0.9302325581395349,16.94147368467856,-5.023671253604467,45.611278259141216,0.1362126245847176,-34.53954411265032,0.7534171829302941,58.0,314.0,2023-10-21,2026-07-25
TJS,corridor_exit_down_L5_r50_b25bp,corridor_exit_down,favourable_now,"{""breakout_bps"": 25.0, ""direction"": ""down"", ""lookback"": 5, ""max_range_bps"": 50.0}",2,no_lower_price_in_next_h_observations,8,8,0.05161290322580645,0.375,0.4191666666666667,0.8946322067594433,0.7209302325581395,30.892338730054703,4.602180213016223,60.83670601432462,0.023255813953488372,-28.0659354459073,2.4384477733540715,69.0,478.0,2023-10-21,2026-07-25
TJS,corridor_exit_down_L5_r50_b50bp,corridor_exit_down,favourable_now,"{""breakout_bps"": 50.0, ""direction"": ""down"", ""lookback"": 5, ""max_range_bps"": 50.0}",2,no_lower_price_in_next_h_observations,5,5,0.03225806451612903,0.4,0.39000000000000007,1.0256410256410255,0.6378737541528239,34.160537490431246,-8.19279881434598,73.74809910618964,0.06976744186046512,-51.818820402498964,-2.5761356892613207,133.0,478.0,2023-10-21,2025-11-14
UZS,corridor_exit_down_L10_r100_b0bp,corridor_exit_down,favourable_now,"{""breakout_bps"": 0.0, ""direction"": ""down"", ""lookback"": 10, ""max_range_bps"": 100.0}",2,no_lower_price_in_next_h_observations,3,3,0.01935483870967742,0.3333333333333333,0.4211111111111111,0.7915567282321899,0.7906976744186046,10.628584329665332,-40.44533431814878,62.00330189739978,0.3388704318936877,-101.42598180901352,0.2822939556519744,299.5,486.0,2024-04-02,2025-11-22
UZS,corridor_exit_down_L10_r100_b25bp,corridor_exit_down,favourable_now,"{""breakout_bps"": 25.0, ""direction"": ""down"", ""lookback"": 10, ""max_range_bps"": 100.0}",2,no_lower_price_in_next_h_observations,2,2,0.012903225806451613,0.5,0.41,1.2195121951219512,0.6611295681063123,40.70723097101437,19.41116004462895,62.00330189739978,0.0033222591362126247,-26.52611004428762,5.975248411890697,596.0,596.0,2024-04-05,2025-11-22
UZS,corridor_exit_down_L10_r100_b50bp,corridor_exit_down,favourable_now,"{""breakout_bps"": 50.0, ""direction"": ""down"", ""lookback"": 10, ""max_range_bps"": 100.0}",2,no_lower_price_in_next_h_observations,1,1,0.0064516129032258064,0.0,0.38666666666666666,0.0,1.0,62.00330189739978,,,,-69.37000098016566,1.581302161818268,,,2025-11-22,2025-11-22
UZS,corridor_exit_down_L10_r200_b0bp,corridor_exit_down,favourable_now,"{""breakout_bps"": 0.0, ""direction"": ""down"", ""lookback"": 10, ""max_range_bps"": 200.0}",2,no_lower_price_in_next_h_observations,17,17,0.10967741935483871,0.47058823529411764,0.41568627450980394,1.1320754716981132,0.39867109634551495,27.035919941903135,5.469397848450494,51.33598422804906,0.009966777408637873,-30.89968518317058,-0.22633840883976916,35.0,213.0,2023-11-09,2026-05-08
UZS,corridor_exit_down_L10_r200_b25bp,corridor_exit_down,favourable_now,"{""breakout_bps"": 25.0, ""direction"": ""down"", ""lookback"": 10, ""max_range_bps"": 200.0}",2,no_lower_price_in_next_h_observations,15,15,0.0967741935483871,0.4,0.4057777777777778,0.9857612267250822,0.584717607973422,25.882066798210772,4.6092382146734305,50.28133453801926,0.023255813953488372,-35.4009559804637,-5.994122780779059,38.5,261.0,2023-11-09,2026-05-08
UZS,corridor_exit_down_L10_r200_b50bp,corridor_exit_down,favourable_now,"{""breakout_bps"": 50.0, ""direction"": ""down"", ""lookback"": 10, ""max_range_bps"": 200.0}",2,no_lower_price_in_next_h_observations,9,9,0.05806451612903226,0.3333333333333333,0.4148148148148148,0.8035714285714286,0.7873754152823921,25.86340735398898,-9.371226207256719,61.64161416186881,0.05647840531561462,-55.16443051416705,-3.261269151972005,58.0,268.0,2024-03-01,2026-05-08
UZS,corridor_exit_down_L10_r400_b0bp,corridor_exit_down,favourable_now,"{""breakout_bps"": 0.0, ""direction"": ""down"", ""lookback"": 10, ""max_range_bps"": 400.0}",2,no_lower_price_in_next_h_observations,39,39,0.25161290322580643,0.3333333333333333,0.41666666666666674,0.7999999999999998,0.8870431893687708,41.36828355180353,17.105928168311802,69.48476940268053,0.0033222591362126247,-25.12387389760417,0.35836448601639115,20.0,78.0,2023-09-13,2026-05-19
UZS,corridor_exit_down_L10_r400_b25bp,corridor_exit_down,favourable_now,"{""breakout_bps"": 25.0, ""direction"": ""down"", ""lookback"": 10, ""max_range_bps"": 400.0}",2,no_lower_price_in_next_h_observations,33,33,0.2129032258064516,0.3939393939393939,0.40646464646464653,0.9691848906560634,0.6146179401993356,38.817565460747026,21.576317126802255,56.64896588915387,0.0033222591362126247,-30.331086708199688,-1.4956043985960703,27.0,112.0,2023-09-13,2026-05-19
UZS,corridor_exit_down_L10_r400_b50bp,corridor_exit_down,favourable_now,"{""breakout_bps"": 50.0, ""direction"": ""down"", ""lookback"": 10, ""max_range_bps"": 400.0}",2,no_lower_price_in_next_h_observations,26,26,0.16774193548387098,0.34615384615384615,0.4035897435897436,0.8576874205844981,0.7641196013289037,33.875268253566546,7.542979120892277,59.650795041625976,0.0033222591362126247,-56.59970373937959,-3.142331930433253,31.0,140.0,2023-09-13,2026-05-19
UZS,corridor_exit_down_L20_r400_b0bp,corridor_exit_down,favourable_now,"{""breakout_bps"": 0.0, ""direction"": ""down"", ""lookback"": 20, ""max_range_bps"": 400.0}",2,no_lower_price_in_next_h_observations,16,16,0.1032258064516129,0.3125,0.418125,0.7473841554559043,0.8637873754152824,15.533042236825153,-7.9116331787986205,39.29960519871032,0.10299003322259136,-50.589734550091634,-1.1249934959080397,26.0,289.0,2024-03-07,2026-05-19
UZS,corridor_exit_down_L20_r400_b25bp,corridor_exit_down,favourable_now,"{""breakout_bps"": 25.0, ""direction"": ""down"", ""lookback"": 20, ""max_range_bps"": 400.0}",2,no_lower_price_in_next_h_observations,13,13,0.08387096774193549,0.46153846153846156,0.40205128205128204,1.1479591836734695,0.4152823920265781,19.700857013527337,-4.918644352325153,49.054539571248235,0.08637873754152824,-44.171043804304915,0.477242473148246,36.5,338.0,2024-03-07,2026-05-19
UZS,corridor_exit_down_L20_r400_b50bp,corridor_exit_down,favourable_now,"{""breakout_bps"": 50.0, ""direction"": ""down"", ""lookback"": 20, ""max_range_bps"": 400.0}",2,no_lower_price_in_next_h_observations,9,9,0.05806451612903226,0.4444444444444444,0.41703703703703704,1.0657193605683837,0.5614617940199336,20.901334364106237,-6.401217508033216,53.09640907999801,0.11960132890365449,-47.42657352384611,-2.151348510611042,63.5,345.0,2024-03-07,2026-05-19
UZS,corridor_exit_down_L5_r100_b0bp,corridor_exit_down,favourable_now,"{""breakout_bps"": 0.0, ""direction"": ""down"", ""lookback"": 5, ""max_range_bps"": 100.0}",2,no_lower_price_in_next_h_observations,32,32,0.2064516129032258,0.21875,0.41760416666666667,0.5238214018458468,0.9966777408637874,7.380512759149263,-3.867917344541429,18.276490834198942,0.11960132890365449,-73.65917718624539,0.6735635823430911,20.0,176.0,2023-09-22,2026-05-19
UZS,corridor_exit_down_L5_r100_b25bp,corridor_exit_down,favourable_now,"{""breakout_bps"": 25.0, ""direction"": ""down"", ""lookback"": 5, ""max_range_bps"": 100.0}",2,no_lower_price_in_next_h_observations,25,25,0.16129032258064516,0.24,0.4033333333333333,0.5950413223140496,0.9800664451827242,11.071917062843362,-7.893497209365822,26.663738310754105,0.07973421926910298,-86.57891818867913,-2.1031103442962102,30.0,176.0,2023-10-21,2026-05-19
UZS,corridor_exit_down_L5_r100_b50bp,corridor_exit_down,favourable_now,"{""breakout_bps"": 50.0, ""direction"": ""down"", ""lookback"": 5, ""max_range_bps"": 100.0}",2,no_lower_price_in_next_h_observations,17,17,0.10967741935483871,0.23529411764705882,0.4105882352941177,0.5730659025787965,0.973421926910299,18.41834519700253,0.8931714322980863,35.74937416707754,0.023255813953488372,-78.07841794202294,-1.2094052189425277,39.0,189.0,2023-10-21,2026-05-19
UZS,corridor_exit_down_L5_r200_b0bp,corridor_exit_down,favourable_now,"{""breakout_bps"": 0.0, ""direction"": ""down"", ""lookback"": 5, ""max_range_bps"": 200.0}",2,no_lower_price_in_next_h_observations,59,59,0.38064516129032255,0.3220338983050847,0.41231638418079103,0.7810359002466427,0.9601328903654485,27.82089092428659,13.97961720319874,40.12514465943514,0.0033222591362126247,-34.36169824409228,-1.1040892770378872,12.5,61.0,2023-09-12,2026-08-22
UZS,corridor_exit_down_L5_r200_b25bp,corridor_exit_down,favourable_now,"{""breakout_bps"": 25.0, ""direction"": ""down"", ""lookback"": 5, ""max_range_bps"": 200.0}",2,no_lower_price_in_next_h_observations,48,48,0.3096774193548387,0.3333333333333333,0.41,0.8130081300813008,0.9069767441860465,34.156465838056214,19.383461685584344,47.920855544848614,0.0033222591362126247,-38.8927113680595,-1.239016981127783,18.0,63.0,2023-09-12,2026-08-22
UZS,corridor_exit_down_L5_r200_b50bp,corridor_exit_down,favourable_now,"{""breakout_bps"": 50.0, ""direction"": ""down"", ""lookback"": 5, ""max_range_bps"": 200.0}",2,no_lower_price_in_next_h_observations,37,37,0.23870967741935484,0.35135135135135137,0.40747747747747753,0.8622595622374529,0.7873754152823921,44.715026233662485,26.119951985779736,62.95660081469737,0.0033222591362126247,-37.077193248562146,-1.5246046654151402,27.0,112.0,2023-09-13,2026-08-22
UZS,corridor_exit_down_L5_r400_b0bp,corridor_exit_down,favourable_now,"{""breakout_bps"": 0.0, ""direction"": ""down"", ""lookback"": 5, ""max_range_bps"": 400.0}",2,no_lower_price_in_next_h_observations,78,78,0.5032258064516129,0.32051282051282054,0.40846153846153843,0.7846829880728187,0.9634551495016611,37.28466881255446,20.992211766395208,57.47208422161461,0.006644518272425249,-32.4776259599602,-2.187197279057534,11.0,47.0,2023-09-12,2026-08-22
UZS,corridor_exit_down_L5_r400_b25bp,corridor_exit_down,favourable_now,"{""breakout_bps"": 25.0, ""direction"": ""down"", ""lookback"": 5, ""max_range_bps"": 400.0}",2,no_lower_price_in_next_h_observations,63,63,0.4064516129032258,0.30158730158730157,0.41005291005291006,0.7354838709677419,0.9700996677740864,34.642297473756486,20.90525835720037,46.56206027809557,0.0033222591362126247,-49.916773389948084,-0.1442918909674233,13.0,54.0,2023-09-12,2026-08-22
UZS,corridor_exit_down_L5_r400_b50bp,corridor_exit_down,favourable_now,"{""breakout_bps"": 50.0, ""direction"": ""down"", ""lookback"": 5, ""max_range_bps"": 400.0}",2,no_lower_price_in_next_h_observations,53,53,0.3419354838709677,0.33962264150943394,0.410251572327044,0.8278399509428177,0.8637873754152824,44.27200511237124,29.062226022317958,59.28717980674743,0.0033222591362126247,-44.33618521451299,-2.612652836967243,16.5,93.0,2023-09-13,2026-08-22
UZS,corridor_exit_down_L5_r50_b0bp,corridor_exit_down,favourable_now,"{""breakout_bps"": 0.0, ""direction"": ""down"", ""lookback"": 5, ""max_range_bps"": 50.0}",2,no_lower_price_in_next_h_observations,9,9,0.05806451612903226,0.3333333333333333,0.4033333333333334,0.8264462809917354,0.7807308970099668,14.036763093886956,-2.978315804199999,36.79842022925062,0.11295681063122924,-45.34598705247774,-1.7265797273473777,53.5,273.0,2023-10-21,2025-12-02
UZS,corridor_exit_down_L5_r50_b25bp,corridor_exit_down,favourable_now,"{""breakout_bps"": 25.0, ""direction"": ""down"", ""lookback"": 5, ""max_range_bps"": 50.0}",2,no_lower_price_in_next_h_observations,8,8,0.05161290322580645,0.375,0.4191666666666667,0.8946322067594433,0.7408637873754153,17.49695700959064,-0.005914913859317059,37.09235945876168,0.046511627906976744,-43.57866683081565,2.1580081944607254,67.0,269.0,2023-10-21,2025-12-02
UZS,corridor_exit_down_L5_r50_b50bp,corridor_exit_down,favourable_now,"{""breakout_bps"": 50.0, ""direction"": ""down"", ""lookback"": 5, ""max_range_bps"": 50.0}",2,no_lower_price_in_next_h_observations,4,4,0.025806451612903226,0.5,0.4091666666666667,1.2219959266802443,0.5714285714285714,30.753276024558797,-2.817355686787204,64.3239077359048,0.06312292358803986,-43.3196381498524,-1.129874114237378,269.0,318.0,2023-10-21,2025-12-02
AMD,corridor_exit_up_L10_r100_b0bp,corridor_exit_up,window_closing,"{""breakout_bps"": 0.0, ""direction"": ""up"", ""lookback"": 10, ""max_range_bps"": 100.0}",2,rub_per_unit_at_T_plus_h_is_higher_than_at_T,4,4,0.025806451612903226,0.75,0.5058333333333334,1.4827018121911038,0.3289036544850498,-2.904416742793569,-37.41595253790475,13.356240563786592,0.7973421926910299,44.577534149863595,0.7634134343030323,42.0,352.0,2024-07-17,2025-09-04
AMD,corridor_exit_up_L10_r100_b25bp,corridor_exit_up,window_closing,"{""breakout_bps"": 25.0, ""direction"": ""up"", ""lookback"": 10, ""max_range_bps"": 100.0}",2,rub_per_unit_at_T_plus_h_is_higher_than_at_T,2,2,0.012903225806451613,1.0,0.5,2.0,0.2558139534883721,-1.212132864582549,-4.711259062827322,2.286993333662224,0.7641196013289037,105.75712589355192,0.41302240393469974,42.0,42.0,2025-07-25,2025-09-05
AMD,corridor_exit_up_L10_r100_b50bp,corridor_exit_up,window_closing,"{""breakout_bps"": 50.0, ""direction"": ""up"", ""lookback"": 10, ""max_range_bps"": 100.0}",2,rub_per_unit_at_T_plus_h_is_higher_than_at_T,2,2,0.012903225806451613,1.0,0.5116666666666667,1.9543973941368076,0.2591362126245847,-1.212132864582549,-4.711259062827322,2.286993333662224,0.7408637873754153,105.75712589355192,5.734690919473345,42.0,42.0,2025-07-25,2025-09-05
AMD,corridor_exit_up_L10_r200_b0bp,corridor_exit_up,window_closing,"{""breakout_bps"": 0.0, ""direction"": ""up"", ""lookback"": 10, ""max_range_bps"": 200.0}",2,rub_per_unit_at_T_plus_h_is_higher_than_at_T,23,23,0.14838709677419354,0.7391304347826086,0.5117391304347826,1.4443500424808835,0.026578073089700997,1.1586171107420162,-11.680414810623251,14.029542634463839,0.4019933554817276,92.97940602249056,-1.3572556094736428,24.5,224.0,2023-12-02,2026-07-29
AMD,corridor_exit_up_L10_r200_b25bp,corridor_exit_up,window_closing,"{""breakout_bps"": 25.0, ""direction"": ""up"", ""lookback"": 10, ""max_range_bps"": 200.0}",2,rub_per_unit_at_T_plus_h_is_higher_than_at_T,18,18,0.11612903225806452,0.7777777777777778,0.5112962962962962,1.5211879753712425,0.013289036544850499,-2.929190542987225,-16.346539112580952,11.680765471170522,0.6345514950166113,98.60133560989162,2.2375051673382607,30.0,245.0,2023-12-02,2026-07-30
AMD,corridor_exit_up_L10_r200_b50bp,corridor_exit_up,window_closing,"{""breakout_bps"": 50.0, ""direction"": ""up"", ""lookback"": 10, ""max_range_bps"": 200.0}",2,rub_per_unit_at_T_plus_h_is_higher_than_at_T,13,13,0.08387096774193549,0.6923076923076923,0.5033333333333333,1.3754457463066736,0.16611295681063123,-15.899167222708574,-33.001658108187804,2.350211641815497,0.9634551495016611,92.0150906255212,-1.383853278543336,55.0,252.0,2023-12-02,2026-07-30
AMD,corridor_exit_up_L10_r400_b0bp,corridor_exit_up,window_closing,"{""breakout_bps"": 0.0, ""direction"": ""up"", ""lookback"": 10, ""max_range_bps"": 400.0}",2,rub_per_unit_at_T_plus_h_is_higher_than_at_T,47,47,0.3032258064516129,0.7021276595744681,0.5127659574468085,1.3692946058091287,0.009966777408637873,-17.996963902717628,-32.71455351261611,-4.358295334902813,0.9900332225913622,55.211463569036795,0.760523100365013,13.0,87.0,2023-09-07,2026-08-28
AMD,corridor_exit_up_L10_r400_b25bp,corridor_exit_up,window_closing,"{""breakout_bps"": 25.0, ""direction"": ""up"", ""lookback"": 10, ""max_range_bps"": 400.0}",2,rub_per_unit_at_T_plus_h_is_higher_than_at_T,34,34,0.21935483870967742,0.7647058823529411,0.5070588235294118,1.508120649651972,0.0033222591362126247,-20.19588842965583,-37.93428418292424,-2.9877661193774125,0.9833887043189369,69.32143520508801,-1.175409016585063,20.0,121.0,2023-09-07,2026-08-28
AMD,corridor_exit_up_L10_r400_b50bp,corridor_exit_up,window_closing,"{""breakout_bps"": 50.0, ""direction"": ""up"", ""lookback"": 10, ""max_range_bps"": 400.0}",2,rub_per_unit_at_T_plus_h_is_higher_than_at_T,29,29,0.1870967741935484,0.7586206896551724,0.5163218390804597,1.4692787177203919,0.006644518272425249,-31.3084030343438,-48.14894406797047,-15.717478647646157,1.0,69.92554031388381,2.388152391757407,23.0,129.0,2023-09-06,2026-08-28
AMD,corridor_exit_up_L20_r200_b0bp,corridor_exit_up,window_closing,"{""breakout_bps"": 0.0, ""direction"": ""up"", ""lookback"": 20, ""max_range_bps"": 200.0}",2,rub_per_unit_at_T_plus_h_is_higher_than_at_T,4,4,0.025806451612903226,1.0,0.49916666666666665,2.003338898163606,0.06976744186046512,3.958609235657218,-2.4996498459500804,10.5889287562555,0.12292358803986711,74.28279261305404,-5.093674740558308,181.0,264.0,2024-11-03,2026-03-04
AMD,corridor_exit_up_L20_r200_b25bp,corridor_exit_up,window_closing,"{""breakout_bps"": 25.0, ""direction"": ""up"", ""lookback"": 20, ""max_range_bps"": 200.0}",2,rub_per_unit_at_T_plus_h_is_higher_than_at_T,2,2,0.012903225806451613,1.0,0.515,1.941747572815534,0.2558139534883721,3.1123209061512114,-18.98759171938824,25.212233531690664,0.2026578073089701,169.93391174353278,0.04214704475187489,262.0,262.0,2024-11-06,2025-07-26
AMD,corridor_exit_up_L20_r200_b50bp,corridor_exit_up,window_closing,"{""breakout_bps"": 50.0, ""direction"": ""up"", ""lookback"": 20, ""max_range_bps"": 200.0}",2,rub_per_unit_at_T_plus_h_is_higher_than_at_T,2,2,0.012903225806451613,1.0,0.4683333333333333,2.135231316725979,0.2059800664451827,3.1123209061512114,-18.98759171938824,25.212233531690664,0.28903654485049834,169.93391174353278,-3.7854157159372,262.0,262.0,2024-11-06,2025-07-26
AMD,corridor_exit_up_L20_r400_b0bp,corridor_exit_up,window_closing,"{""breakout_bps"": 0.0, ""direction"": ""up"", ""lookback"": 20, ""max_range_bps"": 400.0}",2,rub_per_unit_at_T_plus_h_is_higher_than_at_T,12,12,0.07741935483870968,0.9166666666666666,0.5119444444444444,1.7905588714053173,0.013289036544850499,9.22865164214757,-13.194568500960463,23.495790143166253,0.12956810631229235,109.19289679517858,-0.4318086671206436,44.0,245.0,2024-02-03,2026-07-29
AMD,corridor_exit_up_L20_r400_b25bp,corridor_exit_up,window_closing,"{""breakout_bps"": 25.0, ""direction"": ""up"", ""lookback"": 20, ""max_range_bps"": 400.0}",2,rub_per_unit_at_T_plus_h_is_higher_than_at_T,11,11,0.07096774193548387,0.9090909090909091,0.5048484848484848,1.8007202881152464,0.0033222591362126247,-10.480368192034824,-33.53315266040277,6.334506029778037,0.7873754152823921,87.73062312250319,-1.1999603544840463,47.0,246.0,2024-02-03,2026-07-30
AMD,corridor_exit_up_L20_r400_b50bp,corridor_exit_up,window_closing,"{""breakout_bps"": 50.0, ""direction"": ""up"", ""lookback"": 20, ""max_range_bps"": 400.0}",2,rub_per_unit_at_T_plus_h_is_higher_than_at_T,11,11,0.07096774193548387,0.9090909090909091,0.5009090909090909,1.8148820326678767,0.0033222591362126247,-21.68926806106142,-38.80960798817967,-6.466265557734526,0.9867109634551495,79.53111410924423,-6.370230332453273,45.5,245.0,2024-02-06,2026-07-30
AMD,corridor_exit_up_L5_r100_b0bp,corridor_exit_up,window_closing,"{""breakout_bps"": 0.0, ""direction"": ""up"", ""lookback"": 5, ""max_range_bps"": 100.0}",2,rub_per_unit_at_T_plus_h_is_higher_than_at_T,35,35,0.22580645161290322,0.6285714285714286,0.5068571428571429,1.2401352874859075,0.10631229235880399,-11.56708371018917,-24.649944648664537,1.615541178466464,0.9435215946843853,39.95853034098469,-2.16563865789859,19.0,140.0,2023-09-05,2026-07-30
AMD,corridor_exit_up_L5_r100_b25bp,corridor_exit_up,window_closing,"{""breakout_bps"": 25.0, ""direction"": ""up"", ""lookback"": 5, ""max_range_bps"": 100.0}",2,rub_per_unit_at_T_plus_h_is_higher_than_at_T,26,26,0.16774193548387098,0.6923076923076923,0.5121794871794871,1.3516896120150188,0.05647840531561462,-13.274391450414644,-26.53068985679587,-1.0025463147023357,0.973421926910299,49.47925425630093,-0.27441569239722563,24.0,146.0,2023-09-05,2026-07-30
AMD,corridor_exit_up_L5_r100_b50bp,corridor_exit_up,window_closing,"{""breakout_bps"": 50.0, ""direction"": ""up"", ""lookback"": 5, ""max_range_bps"": 100.0}",2,rub_per_unit_at_T_plus_h_is_higher_than_at_T,17,17,0.10967741935483871,0.7058823529411765,0.5154901960784313,1.369341955116014,0.07973421926910298,-27.238001511051365,-42.19357700762535,-15.241340419146395,1.0,43.6185706512926,0.8417102767311837,34.0,170.0,2023-12-02,2026-07-30
AMD,corridor_exit_up_L5_r200_b0bp,corridor_exit_up,window_closing,"{""breakout_bps"": 0.0, ""direction"": ""up"", ""lookback"": 5, ""max_range_bps"": 200.0}",2,rub_per_unit_at_T_plus_h_is_higher_than_at_T,60,60,0.3870967741935484,0.65,0.5115,1.2707722385141742,0.013289036544850499,-17.602189874018315,-32.481557725982086,-6.848273704562207,0.9900332225913622,46.53463070083274,0.31405108388421993,13.0,74.0,2023-09-06,2026-08-05
AMD,corridor_exit_up_L5_r200_b25bp,corridor_exit_up,window_closing,"{""breakout_bps"": 25.0, ""direction"": ""up"", ""lookback"": 5, ""max_range_bps"": 200.0}",2,rub_per_unit_at_T_plus_h_is_higher_than_at_T,46,46,0.2967741935483871,0.717391304347826,0.5151449275362319,1.3926009284006189,0.0033222591362126247,-22.904714928743058,-39.93345179028874,-10.185344796372709,1.0,41.77633653627644,0.9449392887655063,20.0,86.0,2023-09-07,2026-08-05
AMD,corridor_exit_up_L5_r200_b50bp,corridor_exit_up,window_closing,"{""breakout_bps"": 50.0, ""direction"": ""up"", ""lookback"": 5, ""max_range_bps"": 200.0}",2,rub_per_unit_at_T_plus_h_is_higher_than_at_T,37,37,0.23870967741935484,0.6486486486486487,0.5110810810810811,1.269169751454257,0.05647840531561462,-33.6925339990656,-47.74316508276052,-20.31984463667808,1.0,41.71175664065993,0.9605127696166093,19.5,130.0,2023-09-06,2026-08-05
AMD,corridor_exit_up_L5_r400_b0bp,corridor_exit_up,window_closing,"{""breakout_bps"": 0.0, ""direction"": ""up"", ""lookback"": 5, ""max_range_bps"": 400.0}",2,rub_per_unit_at_T_plus_h_is_higher_than_at_T,72,72,0.4645161290322581,0.6805555555555556,0.5150925925925925,1.3212295523997843,0.006644518272425249,-23.033494520342057,-36.17642018457788,-11.886760990026135,1.0,47.61818397429003,0.216669143747671,11.0,74.0,2023-09-06,2026-08-28
AMD,corridor_exit_up_L5_r400_b25bp,corridor_exit_up,window_closing,"{""breakout_bps"": 25.0, ""direction"": ""up"", ""lookback"": 5, ""max_range_bps"": 400.0}",2,rub_per_unit_at_T_plus_h_is_higher_than_at_T,57,57,0.36774193548387096,0.7719298245614035,0.5061988304093568,1.5249537892791125,0.0033222591362126247,-25.543217167932873,-39.91398647808578,-14.302838099301017,1.0,54.09615645880239,-1.3856787557583314,14.5,86.0,2023-09-07,2026-08-28
AMD,corridor_exit_up_L5_r400_b50bp,corridor_exit_up,window_closing,"{""breakout_bps"": 50.0, ""direction"": ""up"", ""lookback"": 5, ""max_range_bps"": 400.0}",2,rub_per_unit_at_T_plus_h_is_higher_than_at_T,47,47,0.3032258064516129,0.6808510638297872,0.5059574468085105,1.3456686291000843,0.009966777408637873,-36.73985695638423,-48.764570832738215,-24.02278811740847,1.0,45.50038975144145,-0.11387938579606333,15.5,92.0,2023-09-06,2026-08-28
AMD,corridor_exit_up_L5_r50_b0bp,corridor_exit_up,window_closing,"{""breakout_bps"": 0.0, ""direction"": ""up"", ""lookback"": 5, ""max_range_bps"": 50.0}",2,rub_per_unit_at_T_plus_h_is_higher_than_at_T,15,15,0.0967741935483871,0.5333333333333333,0.5179999999999999,1.0296010296010298,0.5548172757475083,-9.302011938740288,-19.759712802266026,3.1975342309601107,0.9601328903654485,36.21063032380923,3.3006022034070273,41.0,324.0,2023-12-02,2026-07-24
AMD,corridor_exit_up_L5_r50_b25bp,corridor_exit_up,window_closing,"{""breakout_bps"": 25.0, ""direction"": ""up"", ""lookback"": 5, ""max_range_bps"": 50.0}",2,rub_per_unit_at_T_plus_h_is_higher_than_at_T,12,12,0.07741935483870968,0.6666666666666666,0.5055555555555556,1.3186813186813184,0.2159468438538206,-5.9001154639625355,-16.124618614756695,4.977573209025752,0.8239202657807309,48.024836548862346,1.1714429731882197,47.0,225.0,2023-12-02,2025-09-04
AMD,corridor_exit_up_L5_r50_b50bp,corridor_exit_up,window_closing,"{""breakout_bps"": 50.0, ""direction"": ""up"", ""lookback"": 5, ""max_range_bps"": 50.0}",2,rub_per_unit_at_T_plus_h_is_higher_than_at_T,4,4,0.025806451612903226,0.75,0.5,1.5,0.3388704318936877,-5.792100141297773,-25.482659687425222,10.456115241670153,0.7308970099667774,81.81545006515302,0.833014558649824,252.0,349.0,2023-12-02,2025-08-23
KGS,corridor_exit_up_L10_r100_b0bp,corridor_exit_up,window_closing,"{""breakout_bps"": 0.0, ""direction"": ""up"", ""lookback"": 10, ""max_range_bps"": 100.0}",2,rub_per_unit_at_T_plus_h_is_higher_than_at_T,10,10,0.06451612903225806,0.8,0.49833333333333335,1.605351170568562,0.04318936877076412,-4.115944714292885,-16.24294476097619,5.727465186663284,0.7308970099667774,60.298039984251105,-1.0348876110460439,99.0,329.0,2023-09-29,2026-07-30
KGS,corridor_exit_up_L10_r100_b25bp,corridor_exit_up,window_closing,"{""breakout_bps"": 25.0, ""direction"": ""up"", ""lookback"": 10, ""max_range_bps"": 100.0}",2,rub_per_unit_at_T_plus_h_is_higher_than_at_T,8,8,0.05161290322580645,0.875,0.5120833333333333,1.7087062652563059,0.05647840531561462,-9.436362284790112,-22.6984052725575,2.335498315765693,0.9003322259136213,59.197124541418006,2.657622718794919,121.0,328.0,2023-09-29,2026-07-30
KGS,corridor_exit_up_L10_r100_b50bp,corridor_exit_up,window_closing,"{""breakout_bps"": 50.0, ""direction"": ""up"", ""lookback"": 10, ""max_range_bps"": 100.0}",2,rub_per_unit_at_T_plus_h_is_higher_than_at_T,4,4,0.025806451612903226,1.0,0.49416666666666664,2.0236087689713322,0.07973421926910298,-9.564948841996323,-25.56002310396329,3.112877596878061,0.8903654485049833,64.15220680078271,-3.323448856904932,328.0,470.0,2024-04-11,2026-07-30
KGS,corridor_exit_up_L10_r200_b0bp,corridor_exit_up,window_closing,"{""breakout_bps"": 0.0, ""direction"": ""up"", ""lookback"": 10, ""max_range_bps"": 200.0}",2,rub_per_unit_at_T_plus_h_is_higher_than_at_T,23,23,0.14838709677419354,0.782608695652174,0.5047826086956522,1.550387596899225,0.013289036544850499,-5.766190911882866,-15.507065404062844,2.4606696615070796,0.8870431893687708,62.095087313105566,1.3119774449880905,23.0,226.0,2023-09-29,2026-07-29
KGS,corridor_exit_up_L10_r200_b25bp,corridor_exit_up,window_closing,"{""breakout_bps"": 25.0, ""direction"": ""up"", ""lookback"": 10, ""max_range_bps"": 200.0}",2,rub_per_unit_at_T_plus_h_is_higher_than_at_T,19,19,0.12258064516129032,0.7894736842105263,0.4928070175438595,1.6019935920256323,0.013289036544850499,-13.269517128262398,-22.430047631769437,-2.9836938720542094,1.0,58.23737684280349,-3.8230212522453226,36.0,252.0,2023-09-29,2026-07-30
KGS,corridor_exit_up_L10_r200_b50bp,corridor_exit_up,window_closing,"{""breakout_bps"": 50.0, ""direction"": ""up"", ""lookback"": 10, ""max_range_bps"": 200.0}",2,rub_per_unit_at_T_plus_h_is_higher_than_at_T,14,14,0.09032258064516129,0.7142857142857143,0.503095238095238,1.4197823000473262,0.10299003322259136,-23.449623477244266,-34.023719231299076,-11.310448532825387,1.0,60.945554304197174,-0.2050792351600892,53.0,251.0,2023-10-03,2026-07-30
KGS,corridor_exit_up_L10_r400_b0bp,corridor_exit_up,window_closing,"{""breakout_bps"": 0.0, ""direction"": ""up"", ""lookback"": 10, ""max_range_bps"": 400.0}",2,rub_per_unit_at_T_plus_h_is_higher_than_at_T,44,44,0.2838709677419355,0.6818181818181818,0.5026515151515152,1.3564431047475507,0.016611295681063124,-15.054471374538572,-26.54618969573472,-4.387349678047133,0.9867109634551495,59.22499018225749,-0.7910578903409451,14.0,87.0,2023-09-07,2026-08-28
KGS,corridor_exit_up_L10_r400_b25bp,corridor_exit_up,window_closing,"{""breakout_bps"": 25.0, ""direction"": ""up"", ""lookback"": 10, ""max_range_bps"": 400.0}",2,rub_per_unit_at_T_plus_h_is_higher_than_at_T,35,35,0.22580645161290322,0.6571428571428571,0.49419047619047624,1.3297359799576025,0.036544850498338874,-23.7497336306467,-37.9444850640426,-9.921373167743063,1.0,49.56364883626229,-3.4778105524364817,22.5,108.0,2023-09-07,2026-08-28
KGS,corridor_exit_up_L10_r400_b50bp,corridor_exit_up,window_closing,"{""breakout_bps"": 50.0, ""direction"": ""up"", ""lookback"": 10, ""max_range_bps"": 400.0}",2,rub_per_unit_at_T_plus_h_is_higher_than_at_T,28,28,0.18064516129032257,0.6785714285714286,0.5017857142857143,1.3523131672597866,0.04318936877076412,-34.10913898337832,-43.811385774519636,-22.226447580486813,1.0,49.47569505981388,-2.179407367357137,27.0,191.0,2023-09-06,2026-08-28
KGS,corridor_exit_up_L10_r50_b0bp,corridor_exit_up,window_closing,"{""breakout_bps"": 0.0, ""direction"": ""up"", ""lookback"": 10, ""max_range_bps"": 50.0}",2,rub_per_unit_at_T_plus_h_is_higher_than_at_T,1,1,0.0064516129032258064,0.0,0.5,0.0,1.0,-12.856132748284566,,,,-8.202971940064474,2.660549318051467,,,2025-07-04,2025-07-04
KGS,corridor_exit_up_L20_r200_b0bp,corridor_exit_up,window_closing,"{""breakout_bps"": 0.0, ""direction"": ""up"", ""lookback"": 20, ""max_range_bps"": 200.0}",2,rub_per_unit_at_T_plus_h_is_higher_than_at_T,5,5,0.03225806451612903,1.0,0.4866666666666667,2.054794520547945,0.04983388704318937,9.492068021117905,-0.728708256582655,19.72492763479483,0.036544850498338874,100.99699396443195,-2.8930666036333954,199.5,253.0,2024-04-11,2026-03-05
KGS,corridor_exit_up_L20_r200_b25bp,corridor_exit_up,window_closing,"{""breakout_bps"": 25.0, ""direction"": ""up"", ""lookback"": 20, ""max_range_bps"": 200.0}",2,rub_per_unit_at_T_plus_h_is_higher_than_at_T,4,4,0.025806451612903226,1.0,0.49833333333333335,2.0066889632107023,0.053156146179401995,5.6928786901983,-5.502694936402319,13.351794962697117,0.15614617940199335,141.10241067333163,-3.0605824151483025,218.0,253.0,2024-04-11,2025-09-05
KGS,corridor_exit_up_L20_r200_b50bp,corridor_exit_up,window_closing,"{""breakout_bps"": 50.0, ""direction"": ""up"", ""lookback"": 20, ""max_range_bps"": 200.0}",2,rub_per_unit_at_T_plus_h_is_higher_than_at_T,4,4,0.025806451612903226,1.0,0.4925,2.030456852791878,0.03986710963455149,-6.586148151504211,-30.81001968951641,12.983881478821901,0.6976744186046512,122.27394579120809,-5.827743810510034,219.0,252.0,2024-04-11,2025-09-05
KGS,corridor_exit_up_L20_r400_b0bp,corridor_exit_up,window_closing,"{""breakout_bps"": 0.0, ""direction"": ""up"", ""lookback"": 20, ""max_range_bps"": 400.0}",2,rub_per_unit_at_T_plus_h_is_higher_than_at_T,16,16,0.1032258064516129,0.8125,0.49083333333333334,1.6553480475382003,0.006644518272425249,-0.32190653929994895,-16.831835249424376,12.725096204035955,0.5149501661129569,93.81305145178563,-3.0319776592469263,41.0,247.0,2023-10-04,2026-07-29
KGS,corridor_exit_up_L20_r400_b25bp,corridor_exit_up,window_closing,"{""breakout_bps"": 25.0, ""direction"": ""up"", ""lookback"": 20, ""max_range_bps"": 400.0}",2,rub_per_unit_at_T_plus_h_is_higher_than_at_T,14,14,0.09032258064516129,0.8571428571428571,0.49833333333333335,1.720019111323459,0.013289036544850499,-4.5096995224824,-20.767858705275234,12.743097439385384,0.6777408637873754,94.70928782792977,-3.8859853397413175,55.0,246.0,2023-10-04,2026-07-30
KGS,corridor_exit_up_L20_r400_b50bp,corridor_exit_up,window_closing,"{""breakout_bps"": 50.0, ""direction"": ""up"", ""lookback"": 20, ""max_range_bps"": 400.0}",2,rub_per_unit_at_T_plus_h_is_higher_than_at_T,12,12,0.07741935483870968,0.8333333333333334,0.5019444444444444,1.6602102933038188,0.019933554817275746,-22.74070114943932,-39.51972816084551,-6.73619187856557,1.0,84.87114535724787,-1.3874191500852806,65.0,245.0,2023-10-04,2026-07-30
KGS,corridor_exit_up_L5_r100_b0bp,corridor_exit_up,window_closing,"{""breakout_bps"": 0.0, ""direction"": ""up"", ""lookback"": 5, ""max_range_bps"": 100.0}",2,rub_per_unit_at_T_plus_h_is_higher_than_at_T,37,37,0.23870967741935484,0.5675675675675675,0.4956756756756757,1.1450381679389312,0.20930232558139536,-18.727687982523808,-31.85797125913164,-7.888231049853768,0.9966777408637874,31.9338343903535,-2.6114511174179014,19.5,140.0,2023-09-05,2026-07-29
KGS,corridor_exit_up_L5_r100_b25bp,corridor_exit_up,window_closing,"{""breakout_bps"": 25.0, ""direction"": ""up"", ""lookback"": 5, ""max_range_bps"": 100.0}",2,rub_per_unit_at_T_plus_h_is_higher_than_at_T,29,29,0.1870967741935484,0.5517241379310345,0.4972413793103448,1.1095700416088767,0.33554817275747506,-24.426779874862163,-40.287161354163885,-11.765700028845938,1.0,27.386062286664497,-2.7857829140576724,22.0,140.0,2023-09-05,2026-07-30
KGS,corridor_exit_up_L5_r100_b50bp,corridor_exit_up,window_closing,"{""breakout_bps"": 50.0, ""direction"": ""up"", ""lookback"": 5, ""max_range_bps"": 100.0}",2,rub_per_unit_at_T_plus_h_is_higher_than_at_T,15,15,0.0967741935483871,0.6,0.5015555555555555,1.1962782454585734,0.3222591362126246,-36.28552413051793,-64.07870336605592,-19.687866308908802,0.9933554817275747,30.43794453257501,-0.3321289036534927,55.0,226.0,2023-09-06,2026-07-30
KGS,corridor_exit_up_L5_r200_b0bp,corridor_exit_up,window_closing,"{""breakout_bps"": 0.0, ""direction"": ""up"", ""lookback"": 5, ""max_range_bps"": 200.0}",2,rub_per_unit_at_T_plus_h_is_higher_than_at_T,62,62,0.4,0.5645161290322581,0.49629032258064515,1.1374715632109198,0.16611295681063123,-22.099909645300823,-36.83802732726624,-10.532064086312838,1.0,37.37192882452477,-2.70652005057843,12.0,74.0,2023-09-07,2026-08-28
KGS,corridor_exit_up_L5_r200_b25bp,corridor_exit_up,window_closing,"{""breakout_bps"": 25.0, ""direction"": ""up"", ""lookback"": 5, ""max_range_bps"": 200.0}",2,rub_per_unit_at_T_plus_h_is_higher_than_at_T,49,49,0.3161290322580645,0.5918367346938775,0.4969387755102041,1.190965092402464,0.08305647840531562,-25.450318217406544,-42.70776915699102,-9.770671226715613,1.0,40.13873346658625,-2.5004770265558744,17.0,108.0,2023-09-05,2026-08-28
KGS,corridor_exit_up_L5_r200_b50bp,corridor_exit_up,window_closing,"{""breakout_bps"": 50.0, ""direction"": ""up"", ""lookback"": 5, ""max_range_bps"": 200.0}",2,rub_per_unit_at_T_plus_h_is_higher_than_at_T,34,34,0.21935483870967742,0.6764705882352942,0.4875490196078431,1.3874924592801128,0.013289036544850499,-31.136396568735442,-47.72386131654989,-18.589073651292388,1.0,63.24039119063507,-3.8612508352976054,19.0,133.0,2023-09-06,2026-08-28
KGS,corridor_exit_up_L5_r400_b0bp,corridor_exit_up,window_closing,"{""breakout_bps"": 0.0, ""direction"": ""up"", ""lookback"": 5, ""max_range_bps"": 400.0}",2,rub_per_unit_at_T_plus_h_is_higher_than_at_T,72,72,0.4645161290322581,0.625,0.4963888888888889,1.2590934527140458,0.013289036544850499,-26.510949492646272,-40.132046786665754,-15.957070126222373,1.0,42.15454150871869,-2.333480485356499,11.0,74.0,2023-09-07,2026-08-28
KGS,corridor_exit_up_L5_r400_b25bp,corridor_exit_up,window_closing,"{""breakout_bps"": 25.0, ""direction"": ""up"", ""lookback"": 5, ""max_range_bps"": 400.0}",2,rub_per_unit_at_T_plus_h_is_higher_than_at_T,56,56,0.36129032258064514,0.6607142857142857,0.5007738095238095,1.319386663496969,0.013289036544850499,-27.074943927478248,-39.62875948758789,-13.227935381446917,1.0,48.76929497989715,-2.4692289624741646,15.0,108.0,2023-09-05,2026-08-28
KGS,corridor_exit_up_L5_r400_b50bp,corridor_exit_up,window_closing,"{""breakout_bps"": 50.0, ""direction"": ""up"", ""lookback"": 5, ""max_range_bps"": 400.0}",2,rub_per_unit_at_T_plus_h_is_higher_than_at_T,41,41,0.2645161290322581,0.7073170731707317,0.5073170731707317,1.3942307692307692,0.0033222591362126247,-35.306102650266496,-48.24854344103133,-22.09958587713507,1.0,58.603438378681815,-1.5996519503846924,18.0,115.0,2023-09-06,2026-08-28
KGS,corridor_exit_up_L5_r50_b0bp,corridor_exit_up,window_closing,"{""breakout_bps"": 0.0, ""direction"": ""up"", ""lookback"": 5, ""max_range_bps"": 50.0}",2,rub_per_unit_at_T_plus_h_is_higher_than_at_T,12,12,0.07741935483870968,0.75,0.4944444444444444,1.5168539325842698,0.05647840531561462,0.7537657788600501,-8.092324901298754,10.068489212612556,0.4684385382059801,60.87346997520458,-3.174049669669707,23.0,231.0,2023-09-29,2025-09-03
KGS,corridor_exit_up_L5_r50_b25bp,corridor_exit_up,window_closing,"{""breakout_bps"": 25.0, ""direction"": ""up"", ""lookback"": 5, ""max_range_bps"": 50.0}",2,rub_per_unit_at_T_plus_h_is_higher_than_at_T,6,6,0.03870967741935484,0.5,0.5061111111111111,0.9879253567508234,0.6810631229235881,-10.423788385543661,-26.644145750432116,11.106654364971222,0.8604651162790697,39.238470306522764,-1.695666524734905,94.0,403.0,2023-09-29,2025-09-04
KGS,corridor_exit_up_L5_r50_b50bp,corridor_exit_up,window_closing,"{""breakout_bps"": 50.0, ""direction"": ""up"", ""lookback"": 5, ""max_range_bps"": 50.0}",2,rub_per_unit_at_T_plus_h_is_higher_than_at_T,1,1,0.0064516129032258064,1.0,0.49666666666666665,2.0134228187919465,0.4983388704318937,12.876439225584235,,,,152.26755192186303,-2.7204293585524875,,,2023-09-29,2023-09-29
KZT,corridor_exit_up_L10_r100_b0bp,corridor_exit_up,window_closing,"{""breakout_bps"": 0.0, ""direction"": ""up"", ""lookback"": 10, ""max_range_bps"": 100.0}",2,rub_per_unit_at_T_plus_h_is_higher_than_at_T,2,2,0.012903225806451613,1.0,0.51,1.9607843137254901,0.2425249169435216,28.385602062327983,-8.32166744439422,65.09287156905019,0.24584717607973422,159.5118866549006,-0.2399412944819221,527.0,527.0,2024-03-28,2025-09-06
KZT,corridor_exit_up_L10_r200_b0bp,corridor_exit_up,window_closing,"{""breakout_bps"": 0.0, ""direction"": ""up"", ""lookback"": 10, ""max_range_bps"": 200.0}",2,rub_per_unit_at_T_plus_h_is_higher_than_at_T,22,22,0.14193548387096774,0.5909090909090909,0.5043939393939394,1.171522979873836,0.2724252491694352,-41.91677597174426,-72.94838058882434,-15.972717165154029,1.0,4.306351598596789,-4.685550098586993,26.0,169.0,2023-11-08,2026-03-07
KZT,corridor_exit_up_L10_r200_b25bp,corridor_exit_up,window_closing,"{""breakout_bps"": 25.0, ""direction"": ""up"", ""lookback"": 10, ""max_range_bps"": 200.0}",2,rub_per_unit_at_T_plus_h_is_higher_than_at_T,18,18,0.11612903225806452,0.5555555555555556,0.5081481481481481,1.0932944606413995,0.4152823920265781,-49.953346031558766,-82.53039099858078,-23.03488904881226,1.0,10.797403289340853,-2.2454043466726623,32.0,176.0,2023-11-08,2026-03-07
KZT,corridor_exit_up_L10_r200_b50bp,corridor_exit_up,window_closing,"{""breakout_bps"": 50.0, ""direction"": ""up"", ""lookback"": 10, ""max_range_bps"": 200.0}",2,rub_per_unit_at_T_plus_h_is_higher_than_at_T,13,13,0.08387096774193549,0.5384615384615384,0.5048717948717949,1.0665312341289994,0.5448504983388704,-70.24595396207103,-112.29939452595697,-35.479920155503514,1.0,-17.01847940538592,-3.559097136564704,45.5,233.0,2023-11-08,2026-03-07
KZT,corridor_exit_up_L10_r400_b0bp,corridor_exit_up,window_closing,"{""breakout_bps"": 0.0, ""direction"": ""up"", ""lookback"": 10, ""max_range_bps"": 400.0}",2,rub_per_unit_at_T_plus_h_is_higher_than_at_T,48,48,0.3096774193548387,0.5,0.5030555555555556,0.9939260077305355,0.5714285714285714,-48.88525588822616,-66.67335632874912,-33.86192534652754,1.0,2.9804088822334407,-1.404756556203632,17.0,91.0,2023-09-07,2026-08-28
KZT,corridor_exit_up_L10_r400_b25bp,corridor_exit_up,window_closing,"{""breakout_bps"": 25.0, ""direction"": ""up"", ""lookback"": 10, ""max_range_bps"": 400.0}",2,rub_per_unit_at_T_plus_h_is_higher_than_at_T,38,38,0.24516129032258063,0.5526315789473685,0.5075438596491229,1.0888351192533703,0.33554817275747506,-49.365751368484034,-69.53541443560276,-33.612098151817044,1.0,20.124997652851,-1.919446727753289,24.0,122.0,2023-09-02,2026-08-28
KZT,corridor_exit_up_L10_r400_b50bp,corridor_exit_up,window_closing,"{""breakout_bps"": 50.0, ""direction"": ""up"", ""lookback"": 10, ""max_range_bps"": 400.0}",2,rub_per_unit_at_T_plus_h_is_higher_than_at_T,27,27,0.17419354838709677,0.5555555555555556,0.5079012345679013,1.0938259601361207,0.34551495016611294,-59.01920622722394,-79.81040407827773,-37.39481127499,1.0,20.869968238494266,-0.7489667659671239,26.0,175.0,2023-09-05,2026-08-28
KZT,corridor_exit_up_L20_r200_b0bp,corridor_exit_up,window_closing,"{""breakout_bps"": 0.0, ""direction"": ""up"", ""lookback"": 20, ""max_range_bps"": 200.0}",2,rub_per_unit_at_T_plus_h_is_higher_than_at_T,1,1,0.0064516129032258064,1.0,0.52,1.923076923076923,0.521594684385382,-31.52291152012765,,,,16.452355271463492,-6.177461755377468,,,2024-11-15,2024-11-15
KZT,corridor_exit_up_L20_r200_b25bp,corridor_exit_up,window_closing,"{""breakout_bps"": 25.0, ""direction"": ""up"", ""lookback"": 20, ""max_range_bps"": 200.0}",2,rub_per_unit_at_T_plus_h_is_higher_than_at_T,1,1,0.0064516129032258064,0.0,0.5133333333333333,0.0,1.0,-74.85986616292628,,,,-77.43783490135603,-1.6015702913309837,,,2024-11-16,2024-11-16
KZT,corridor_exit_up_L20_r200_b50bp,corridor_exit_up,window_closing,"{""breakout_bps"": 50.0, ""direction"": ""up"", ""lookback"": 20, ""max_range_bps"": 200.0}",2,rub_per_unit_at_T_plus_h_is_higher_than_at_T,1,1,0.0064516129032258064,0.0,0.5233333333333333,0.0,1.0,-74.85986616292628,,,,-77.43783490135603,-3.6205946901099515,,,2024-11-16,2024-11-16
KZT,corridor_exit_up_L20_r400_b0bp,corridor_exit_up,window_closing,"{""breakout_bps"": 0.0, ""direction"": ""up"", ""lookback"": 20, ""max_range_bps"": 400.0}",2,rub_per_unit_at_T_plus_h_is_higher_than_at_T,15,15,0.0967741935483871,0.7333333333333333,0.49933333333333335,1.4686248331108143,0.053156146179401995,-23.479836670031435,-50.38444361847266,-3.2191748509858784,0.9534883720930233,51.439893433983706,-4.941870233727321,45.0,288.0,2024-02-02,2026-08-04
KZT,corridor_exit_up_L20_r400_b25bp,corridor_exit_up,window_closing,"{""breakout_bps"": 25.0, ""direction"": ""up"", ""lookback"": 20, ""max_range_bps"": 400.0}",2,rub_per_unit_at_T_plus_h_is_higher_than_at_T,12,12,0.07741935483870968,0.75,0.49638888888888894,1.5109121432568549,0.0664451827242525,-35.022310978496115,-69.10414928639811,-8.560880980238018,0.973421926910299,66.01290814323664,-7.0192302600300716,49.0,291.0,2024-02-02,2026-08-04
KZT,corridor_exit_up_L20_r400_b50bp,corridor_exit_up,window_closing,"{""breakout_bps"": 50.0, ""direction"": ""up"", ""lookback"": 20, ""max_range_bps"": 400.0}",2,rub_per_unit_at_T_plus_h_is_higher_than_at_T,9,9,0.05806451612903226,0.7777777777777778,0.5125925925925926,1.5173410404624277,0.10963455149501661,-53.79576618304238,-92.69252669512757,-12.486353736651113,0.9933554817275747,71.11635596640556,-2.350711504018109,50.5,290.0,2024-11-16,2026-08-04
KZT,corridor_exit_up_L5_r100_b0bp,corridor_exit_up,window_closing,"{""breakout_bps"": 0.0, ""direction"": ""up"", ""lookback"": 5, ""max_range_bps"": 100.0}",2,rub_per_unit_at_T_plus_h_is_higher_than_at_T,26,26,0.16774193548387098,0.5384615384615384,0.5017948717948718,1.0730710270822688,0.44518272425249167,-32.32737188470447,-50.187309755557884,-17.00632138928042,1.0,12.25710230535782,-5.26279228166792,22.0,140.0,2023-11-30,2026-07-23
KZT,corridor_exit_up_L5_r100_b25bp,corridor_exit_up,window_closing,"{""breakout_bps"": 25.0, ""direction"": ""up"", ""lookback"": 5, ""max_range_bps"": 100.0}",2,rub_per_unit_at_T_plus_h_is_higher_than_at_T,22,22,0.14193548387096774,0.5,0.4993939393939394,1.0012135922330097,0.5548172757475083,-40.76279472812476,-62.762101375257444,-20.514280192341875,1.0,2.5862304199724737,-2.7095754289641625,34.0,141.0,2023-11-30,2026-07-24
KZT,corridor_exit_up_L5_r100_b50bp,corridor_exit_up,window_closing,"{""breakout_bps"": 50.0, ""direction"": ""up"", ""lookback"": 5, ""max_range_bps"": 100.0}",2,rub_per_unit_at_T_plus_h_is_higher_than_at_T,11,11,0.07096774193548387,0.45454545454545453,0.5063636363636363,0.8976660682226212,0.7508305647840532,-64.54583907977062,-102.73652072663995,-31.279171417039215,1.0,-19.566034869961822,-3.017714871118493,64.0,239.0,2023-12-22,2026-03-05
KZT,corridor_exit_up_L5_r200_b0bp,corridor_exit_up,window_closing,"{""breakout_bps"": 0.0, ""direction"": ""up"", ""lookback"": 5, ""max_range_bps"": 200.0}",2,rub_per_unit_at_T_plus_h_is_higher_than_at_T,63,62,0.4064516129032258,0.3709677419354839,0.5045698924731183,0.7352157698454981,0.9900332225913622,-51.84347793364766,-69.6639136785188,-36.41717587842307,1.0,-31.570091086357685,-1.680795977191338,12.5,59.0,2023-09-08,2026-09-02
KZT,corridor_exit_up_L5_r200_b25bp,corridor_exit_up,window_closing,"{""breakout_bps"": 25.0, ""direction"": ""up"", ""lookback"": 5, ""max_range_bps"": 200.0}",2,rub_per_unit_at_T_plus_h_is_higher_than_at_T,48,48,0.3096774193548387,0.4375,0.5020833333333333,0.8713692946058091,0.867109634551495,-55.73528009658773,-75.36549003766817,-38.68179566074516,1.0,-17.193967516235396,-2.9514536722689115,18.0,72.0,2023-09-30,2026-08-05
KZT,corridor_exit_up_L5_r200_b50bp,corridor_exit_up,window_closing,"{""breakout_bps"": 50.0, ""direction"": ""up"", ""lookback"": 5, ""max_range_bps"": 200.0}",2,rub_per_unit_at_T_plus_h_is_higher_than_at_T,36,36,0.23225806451612904,0.4444444444444444,0.5028703703703705,0.8838151353341923,0.7940199335548173,-66.59544341905148,-88.15979034080604,-48.22598784877703,1.0,-14.41278379008472,-1.9874537409802953,23.0,151.0,2023-09-05,2026-08-05
KZT,corridor_exit_up_L5_r400_b0bp,corridor_exit_up,window_closing,"{""breakout_bps"": 0.0, ""direction"": ""up"", ""lookback"": 5, ""max_range_bps"": 400.0}",2,rub_per_unit_at_T_plus_h_is_higher_than_at_T,79,79,0.5096774193548387,0.4430379746835443,0.5064556962025316,0.8747813046738315,0.9136212624584718,-51.15907242609669,-63.34630566535306,-35.93865857802255,1.0,-12.191169396944801,-2.427825159964754,11.0,54.0,2023-09-07,2026-08-28
KZT,corridor_exit_up_L5_r400_b25bp,corridor_exit_up,window_closing,"{""breakout_bps"": 25.0, ""direction"": ""up"", ""lookback"": 5, ""max_range_bps"": 400.0}",2,rub_per_unit_at_T_plus_h_is_higher_than_at_T,63,63,0.4064516129032258,0.5238095238095238,0.5032804232804233,1.0407905803195963,0.42524916943521596,-52.715163653571054,-68.35638610742886,-36.70056340292339,1.0,5.427624231361873,-2.043094684146151,13.0,69.0,2023-09-30,2026-08-28
KZT,corridor_exit_up_L5_r400_b50bp,corridor_exit_up,window_closing,"{""breakout_bps"": 50.0, ""direction"": ""up"", ""lookback"": 5, ""max_range_bps"": 400.0}",2,rub_per_unit_at_T_plus_h_is_higher_than_at_T,48,48,0.3096774193548387,0.5,0.5106944444444443,0.979059015501768,0.6112956810631229,-62.94366607369731,-82.70669932420968,-46.53552595751112,1.0,2.604536643823577,-1.2223480877966273,17.0,151.0,2023-09-05,2026-08-28
KZT,corridor_exit_up_L5_r50_b0bp,corridor_exit_up,window_closing,"{""breakout_bps"": 0.0, ""direction"": ""up"", ""lookback"": 5, ""max_range_bps"": 50.0}",2,rub_per_unit_at_T_plus_h_is_higher_than_at_T,10,10,0.06451612903225806,0.7,0.5143333333333334,1.36098509397278,0.19933554817275748,-23.262021108123257,-46.577308638628466,-0.9139357769653941,0.973421926910299,40.786573725369315,-1.8948840706858394,56.0,231.0,2023-12-22,2025-12-04
KZT,corridor_exit_up_L5_r50_b25bp,corridor_exit_up,window_closing,"{""breakout_bps"": 25.0, ""direction"": ""up"", ""lookback"": 5, ""max_range_bps"": 50.0}",2,rub_per_unit_at_T_plus_h_is_higher_than_at_T,9,9,0.05806451612903226,0.6666666666666666,0.49111111111111105,1.3574660633484164,0.2292358803986711,-32.82482493253346,-55.66312074503879,-11.439664201382127,1.0,31.375232208970356,-6.7786606865530565,66.0,231.0,2023-12-22,2025-12-04
KZT,corridor_exit_up_L5_r50_b50bp,corridor_exit_up,window_closing,"{""breakout_bps"": 50.0, ""direction"": ""up"", ""lookback"": 5, ""max_range_bps"": 50.0}",2,rub_per_unit_at_T_plus_h_is_higher_than_at_T,6,6,0.03870967741935484,0.6666666666666666,0.46777777777777774,1.4251781472684086,0.28903654485049834,-49.04955003935896,-70.17112959771407,-23.56672334213454,1.0,10.625458919245231,-13.957028101426774,103.0,281.0,2023-12-22,2025-12-04
TJS,corridor_exit_up_L10_r100_b0bp,corridor_exit_up,window_closing,"{""breakout_bps"": 0.0, ""direction"": ""up"", ""lookback"": 10, ""max_range_bps"": 100.0}",2,rub_per_unit_at_T_plus_h_is_higher_than_at_T,5,5,0.03225806451612903,0.8,0.5313333333333333,1.50564617314931,0.2059800664451827,2.036169799711551,-12.454032346240762,13.000348447500995,0.4750830564784053,72.15847561791189,-3.1837023618776454,237.5,314.0,2023-09-29,2026-03-04
TJS,corridor_exit_up_L10_r100_b25bp,corridor_exit_up,window_closing,"{""breakout_bps"": 25.0, ""direction"": ""up"", ""lookback"": 10, ""max_range_bps"": 100.0}",2,rub_per_unit_at_T_plus_h_is_higher_than_at_T,3,3,0.01935483870967742,1.0,0.5222222222222223,1.9148936170212765,0.132890365448505,-2.9592828719626763,-13.018560521355083,12.431341803154083,0.6976744186046512,67.20197244672728,3.9934956850213195,303.5,412.0,2023-09-29,2025-05-28
TJS,corridor_exit_up_L10_r100_b50bp,corridor_exit_up,window_closing,"{""breakout_bps"": 50.0, ""direction"": ""up"", ""lookback"": 10, ""max_range_bps"": 100.0}",2,rub_per_unit_at_T_plus_h_is_higher_than_at_T,1,1,0.0064516129032258064,1.0,0.52,1.923076923076923,0.521594684385382,-8.29062989768703,,,,30.605596351278574,8.117431665797186,,,2024-04-11,2024-04-11
TJS,corridor_exit_up_L10_r200_b0bp,corridor_exit_up,window_closing,"{""breakout_bps"": 0.0, ""direction"": ""up"", ""lookback"": 10, ""max_range_bps"": 200.0}",2,rub_per_unit_at_T_plus_h_is_higher_than_at_T,26,26,0.16774193548387098,0.7692307692307693,0.5256410256410257,1.4634146341463414,0.016611295681063124,-1.5104535682557692,-15.145305960542492,11.159845093041291,0.6112956810631229,78.72124722082361,1.9946059446068414,25.0,194.0,2023-09-29,2026-07-29
TJS,corridor_exit_up_L10_r200_b25bp,corridor_exit_up,window_closing,"{""breakout_bps"": 25.0, ""direction"": ""up"", ""lookback"": 10, ""max_range_bps"": 200.0}",2,rub_per_unit_at_T_plus_h_is_higher_than_at_T,22,22,0.14193548387096774,0.8181818181818182,0.5206060606060606,1.571594877764843,0.0033222591362126247,-9.453497254215655,-19.528865217537554,2.3861626235130546,0.9634551495016611,74.72214838105839,2.2775825007899093,29.0,194.0,2023-09-29,2026-07-29
TJS,corridor_exit_up_L10_r200_b50bp,corridor_exit_up,window_closing,"{""breakout_bps"": 50.0, ""direction"": ""up"", ""lookback"": 10, ""max_range_bps"": 200.0}",2,rub_per_unit_at_T_plus_h_is_higher_than_at_T,17,17,0.10967741935483871,0.7058823529411765,0.522156862745098,1.351858805858055,0.10963455149501661,-21.7955963003909,-38.111024913054216,-6.970543773066622,0.9900332225913622,68.3866010503202,1.3679768840940194,54.5,200.0,2023-10-03,2026-07-30
TJS,corridor_exit_up_L10_r400_b0bp,corridor_exit_up,window_closing,"{""breakout_bps"": 0.0, ""direction"": ""up"", ""lookback"": 10, ""max_range_bps"": 400.0}",2,rub_per_unit_at_T_plus_h_is_higher_than_at_T,54,54,0.34838709677419355,0.6481481481481481,0.5254320987654321,1.2335526315789473,0.05647840531561462,-16.24469074740026,-27.15464313914014,-6.538001831540969,0.9933554817275747,57.967711347596605,2.3403430857369956,15.0,76.0,2023-09-07,2026-08-28
TJS,corridor_exit_up_L10_r400_b25bp,corridor_exit_up,window_closing,"{""breakout_bps"": 25.0, ""direction"": ""up"", ""lookback"": 10, ""max_range_bps"": 400.0}",2,rub_per_unit_at_T_plus_h_is_higher_than_at_T,41,41,0.2645161290322581,0.7317073170731707,0.5245528455284553,1.3949163050216986,0.006644518272425249,-17.555025670392908,-35.584229710328835,-2.579309620348896,0.9667774086378738,62.49863575632621,2.389864928437189,21.0,114.0,2023-09-07,2026-08-28
TJS,corridor_exit_up_L10_r400_b50bp,corridor_exit_up,window_closing,"{""breakout_bps"": 50.0, ""direction"": ""up"", ""lookback"": 10, ""max_range_bps"": 400.0}",2,rub_per_unit_at_T_plus_h_is_higher_than_at_T,32,32,0.2064516129032258,0.65625,0.5270833333333333,1.2450592885375493,0.11295681063122924,-37.001098159086254,-54.15556973304706,-22.768975187990097,1.0,55.747737840570366,1.059306112987514,28.0,114.0,2023-09-06,2026-08-28
TJS,corridor_exit_up_L10_r50_b0bp,corridor_exit_up,window_closing,"{""breakout_bps"": 0.0, ""direction"": ""up"", ""lookback"": 10, ""max_range_bps"": 50.0}",2,rub_per_unit_at_T_plus_h_is_higher_than_at_T,2,2,0.012903225806451613,0.5,0.5216666666666666,0.9584664536741215,0.7973421926910299,-4.627456115011142,-26.499017681728134,17.24410545170585,0.7807308970099668,36.33309371700311,2.091042340890343,98.0,98.0,2024-04-10,2024-07-17
TJS,corridor_exit_up_L20_r200_b0bp,corridor_exit_up,window_closing,"{""breakout_bps"": 0.0, ""direction"": ""up"", ""lookback"": 20, ""max_range_bps"": 200.0}",2,rub_per_unit_at_T_plus_h_is_higher_than_at_T,2,2,0.012903225806451613,1.0,0.49666666666666665,2.0134228187919465,0.24916943521594684,0.3518879437747202,-8.29062989768703,8.99440578523647,0.23255813953488372,48.74801580423749,-6.151846780682602,206.0,206.0,2024-04-11,2024-11-03
TJS,corridor_exit_up_L20_r200_b25bp,corridor_exit_up,window_closing,"{""breakout_bps"": 25.0, ""direction"": ""up"", ""lookback"": 20, ""max_range_bps"": 200.0}",2,rub_per_unit_at_T_plus_h_is_higher_than_at_T,2,2,0.012903225806451613,1.0,0.545,1.8348623853211008,0.2823920265780731,-13.286374664424061,-18.282119431161092,-8.29062989768703,1.0,16.13913562585223,4.386408218727848,209.0,209.0,2024-04-11,2024-11-06
TJS,corridor_exit_up_L20_r200_b50bp,corridor_exit_up,window_closing,"{""breakout_bps"": 50.0, ""direction"": ""up"", ""lookback"": 20, ""max_range_bps"": 200.0}",2,rub_per_unit_at_T_plus_h_is_higher_than_at_T,1,1,0.0064516129032258064,1.0,0.4666666666666667,2.142857142857143,0.4684385382059801,-8.29062989768703,,,,30.605596351278574,-5.409911704029642,,,2024-04-11,2024-04-11
TJS,corridor_exit_up_L20_r400_b0bp,corridor_exit_up,window_closing,"{""breakout_bps"": 0.0, ""direction"": ""up"", ""lookback"": 20, ""max_range_bps"": 400.0}",2,rub_per_unit_at_T_plus_h_is_higher_than_at_T,19,19,0.12258064516129032,0.8421052631578947,0.5329824561403509,1.5799868334430545,0.0033222591362126247,5.573643929368603,-11.874617527007546,20.45065064065329,0.26578073089701,111.87855580495531,1.9021705864238554,33.5,194.0,2023-10-03,2026-07-29
TJS,corridor_exit_up_L20_r400_b25bp,corridor_exit_up,window_closing,"{""breakout_bps"": 25.0, ""direction"": ""up"", ""lookback"": 20, ""max_range_bps"": 400.0}",2,rub_per_unit_at_T_plus_h_is_higher_than_at_T,17,17,0.10967741935483871,0.9411764705882353,0.52,1.8099547511312217,0.0033222591362126247,-0.4461942253376674,-15.243564626485913,15.478524516517355,0.5282392026578073,114.8694117826987,0.6418226005153389,43.5,193.0,2023-10-03,2026-07-29
TJS,corridor_exit_up_L20_r400_b50bp,corridor_exit_up,window_closing,"{""breakout_bps"": 50.0, ""direction"": ""up"", ""lookback"": 20, ""max_range_bps"": 400.0}",2,rub_per_unit_at_T_plus_h_is_higher_than_at_T,12,12,0.07741935483870968,0.75,0.518611111111111,1.4461703267273704,0.07641196013289037,-20.65629286956573,-36.537395986243496,-2.136801760119914,0.9900332225913622,63.75733755996334,2.3179349451833082,56.0,200.0,2024-02-06,2026-07-30
TJS,corridor_exit_up_L5_r100_b0bp,corridor_exit_up,window_closing,"{""breakout_bps"": 0.0, ""direction"": ""up"", ""lookback"": 5, ""max_range_bps"": 100.0}",2,rub_per_unit_at_T_plus_h_is_higher_than_at_T,33,33,0.2129032258064516,0.7272727272727273,0.5334343434343435,1.3633781480780154,0.013289036544850499,-10.464013664890897,-22.077912794052477,0.25736972798499,0.9601328903654485,70.40887394135508,3.9114962371864626,19.0,161.0,2023-09-05,2026-07-29
TJS,corridor_exit_up_L5_r100_b25bp,corridor_exit_up,window_closing,"{""breakout_bps"": 25.0, ""direction"": ""up"", ""lookback"": 5, ""max_range_bps"": 100.0}",2,rub_per_unit_at_T_plus_h_is_higher_than_at_T,26,26,0.16774193548387098,0.8076923076923077,0.525128205128205,1.5380859375000004,0.0033222591362126247,-13.33523081579712,-28.018172778374712,-0.7572314611017563,0.9634551495016611,65.9187725963291,2.903757288138037,22.0,161.0,2023-09-05,2026-07-29
TJS,corridor_exit_up_L5_r100_b50bp,corridor_exit_up,window_closing,"{""breakout_bps"": 50.0, ""direction"": ""up"", ""lookback"": 5, ""max_range_bps"": 100.0}",2,rub_per_unit_at_T_plus_h_is_higher_than_at_T,18,18,0.11612903225806452,0.6666666666666666,0.52,1.282051282051282,0.16943521594684385,-30.919073393100298,-49.558463056386245,-18.64361627817458,1.0,51.96289823897612,1.8129194643428574,39.0,162.0,2023-09-06,2026-07-15
TJS,corridor_exit_up_L5_r200_b0bp,corridor_exit_up,window_closing,"{""breakout_bps"": 0.0, ""direction"": ""up"", ""lookback"": 5, ""max_range_bps"": 200.0}",2,rub_per_unit_at_T_plus_h_is_higher_than_at_T,63,63,0.4064516129032258,0.6190476190476191,0.5228042328042327,1.1840906790810648,0.05647840531561462,-21.187571941492283,-32.4397145687848,-10.586643274605846,1.0,50.09755098527676,2.103954269756744,10.5,88.0,2023-09-07,2026-08-28
TJS,corridor_exit_up_L5_r200_b25bp,corridor_exit_up,window_closing,"{""breakout_bps"": 25.0, ""direction"": ""up"", ""lookback"": 5, ""max_range_bps"": 200.0}",2,rub_per_unit_at_T_plus_h_is_higher_than_at_T,51,51,0.32903225806451614,0.7058823529411765,0.5200653594771242,1.357295463114239,0.0033222591362126247,-26.307588576308273,-41.64499422450932,-14.717848783481703,1.0,51.15186738953505,0.9930222597568104,14.5,88.0,2023-09-07,2026-08-28
TJS,corridor_exit_up_L5_r200_b50bp,corridor_exit_up,window_closing,"{""breakout_bps"": 50.0, ""direction"": ""up"", ""lookback"": 5, ""max_range_bps"": 200.0}",2,rub_per_unit_at_T_plus_h_is_higher_than_at_T,41,41,0.2645161290322581,0.6585365853658537,0.53,1.242521859180856,0.07641196013289037,-37.31318005886144,-53.44844908212334,-22.76278853658529,1.0,45.269951748321404,3.0924345056216005,18.0,140.0,2023-09-06,2026-08-28
TJS,corridor_exit_up_L5_r400_b0bp,corridor_exit_up,window_closing,"{""breakout_bps"": 0.0, ""direction"": ""up"", ""lookback"": 5, ""max_range_bps"": 400.0}",2,rub_per_unit_at_T_plus_h_is_higher_than_at_T,78,78,0.5032258064516129,0.6538461538461539,0.5212393162393162,1.2544068213495123,0.016611295681063124,-22.087835938241827,-34.07265229660195,-11.782677054236816,1.0,56.322536316116256,3.012063376832683,11.0,56.0,2023-09-07,2026-08-28
TJS,corridor_exit_up_L5_r400_b25bp,corridor_exit_up,window_closing,"{""breakout_bps"": 25.0, ""direction"": ""up"", ""lookback"": 5, ""max_range_bps"": 400.0}",2,rub_per_unit_at_T_plus_h_is_higher_than_at_T,61,61,0.3935483870967742,0.7213114754098361,0.5223497267759563,1.3808975834292292,0.0033222591362126247,-29.3348805327688,-42.53918570987515,-16.55731679262819,1.0,49.25804235267738,2.0964912512505887,14.0,69.0,2023-09-07,2026-08-28
TJS,corridor_exit_up_L5_r400_b50bp,corridor_exit_up,window_closing,"{""breakout_bps"": 50.0, ""direction"": ""up"", ""lookback"": 5, ""max_range_bps"": 400.0}",2,rub_per_unit_at_T_plus_h_is_higher_than_at_T,49,49,0.3161290322580645,0.673469387755102,0.5198639455782313,1.2954723894268514,0.026578073089700997,-40.90807191007324,-55.781159880067634,-28.5430711644058,1.0,41.83117446757585,0.9366064907461623,16.5,81.0,2023-09-06,2026-08-28
TJS,corridor_exit_up_L5_r50_b0bp,corridor_exit_up,window_closing,"{""breakout_bps"": 0.0, ""direction"": ""up"", ""lookback"": 5, ""max_range_bps"": 50.0}",2,rub_per_unit_at_T_plus_h_is_higher_than_at_T,13,13,0.08387096774193549,0.8461538461538461,0.5328205128205128,1.5880654475457172,0.013289036544850499,-0.10956729026187736,-24.189384018891023,15.43108387551459,0.5049833887043189,79.24072086678643,3.830489764334889,63.5,202.0,2023-09-29,2026-03-06
TJS,corridor_exit_up_L5_r50_b25bp,corridor_exit_up,window_closing,"{""breakout_bps"": 25.0, ""direction"": ""up"", ""lookback"": 5, ""max_range_bps"": 50.0}",2,rub_per_unit_at_T_plus_h_is_higher_than_at_T,7,7,0.04516129032258064,0.8571428571428571,0.518095238095238,1.6544117647058825,0.08305647840531562,-6.266551866210041,-54.746613255109956,17.670989615769514,0.7574750830564784,81.59685958983707,1.6462798321192653,78.0,486.0,2023-09-29,2026-03-06
TJS,corridor_exit_up_L5_r50_b50bp,corridor_exit_up,window_closing,"{""breakout_bps"": 50.0, ""direction"": ""up"", ""lookback"": 5, ""max_range_bps"": 50.0}",2,rub_per_unit_at_T_plus_h_is_higher_than_at_T,4,4,0.025806451612903226,0.75,0.51,1.4705882352941175,0.3289036544850498,-18.236639771869733,-89.46321705996296,20.18095864522131,0.7342192691029901,92.14918515814185,0.9654943783946462,115.0,486.0,2023-09-29,2025-07-25
UZS,corridor_exit_up_L10_r100_b0bp,corridor_exit_up,window_closing,"{""breakout_bps"": 0.0, ""direction"": ""up"", ""lookback"": 10, ""max_range_bps"": 100.0}",2,rub_per_unit_at_T_plus_h_is_higher_than_at_T,4,4,0.025806451612903226,0.5,0.5158333333333334,0.9693053311793214,0.717607973421927,-17.178409550651086,-44.261657196937136,8.758859105213457,0.920265780730897,43.760251837785816,-2.419910837786031,140.0,686.0,2023-09-29,2026-02-27
UZS,corridor_exit_up_L10_r100_b25bp,corridor_exit_up,window_closing,"{""breakout_bps"": 25.0, ""direction"": ""up"", ""lookback"": 10, ""max_range_bps"": 100.0}",2,rub_per_unit_at_T_plus_h_is_higher_than_at_T,3,3,0.01935483870967742,0.3333333333333333,0.49111111111111105,0.6787330316742082,0.8538205980066446,-26.157473073862292,-44.570889622923914,7.758937191444382,1.0,5.395881760509312,6.268197301859441,371.0,686.0,2024-02-16,2026-02-27
UZS,corridor_exit_up_L10_r100_b50bp,corridor_exit_up,window_closing,"{""breakout_bps"": 50.0, ""direction"": ""up"", ""lookback"": 10, ""max_range_bps"": 100.0}",2,rub_per_unit_at_T_plus_h_is_higher_than_at_T,2,2,0.012903225806451613,0.0,0.5033333333333333,0.0,1.0,-43.115678206515625,-47.4813124557405,-38.75004395729076,1.0,-22.28378984743984,1.1064645551540215,686.0,686.0,2024-04-12,2026-02-27
UZS,corridor_exit_up_L10_r200_b0bp,corridor_exit_up,window_closing,"{""breakout_bps"": 0.0, ""direction"": ""up"", ""lookback"": 10, ""max_range_bps"": 200.0}",2,rub_per_unit_at_T_plus_h_is_higher_than_at_T,24,24,0.15483870967741936,0.75,0.5115277777777778,1.4661960358403474,0.013289036544850499,-12.82318234956295,-26.37486525641948,1.1276451486440418,0.9601328903654485,69.00731893070486,-0.9509987169735958,27.0,208.0,2023-09-29,2026-07-30
UZS,corridor_exit_up_L10_r200_b25bp,corridor_exit_up,window_closing,"{""breakout_bps"": 25.0, ""direction"": ""up"", ""lookback"": 10, ""max_range_bps"": 200.0}",2,rub_per_unit_at_T_plus_h_is_higher_than_at_T,19,19,0.12258064516129032,0.6842105263157895,0.5126315789473684,1.3347022587268993,0.09302325581395349,-18.940477945303666,-37.165020050539226,1.5359649198373175,0.9833887043189369,68.54220624493217,-1.0868776742192756,37.5,209.0,2023-09-30,2026-07-30
UZS,corridor_exit_up_L10_r200_b50bp,corridor_exit_up,window_closing,"{""breakout_bps"": 50.0, ""direction"": ""up"", ""lookback"": 10, ""max_range_bps"": 200.0}",2,rub_per_unit_at_T_plus_h_is_higher_than_at_T,15,15,0.0967741935483871,0.6,0.5120000000000001,1.1718749999999998,0.3488372093023256,-23.602328031460342,-39.82900380735296,0.5110816531368945,0.9933554817275747,70.2953061835389,-1.1635625056066048,55.5,247.0,2023-10-03,2026-07-30
UZS,corridor_exit_up_L10_r400_b0bp,corridor_exit_up,window_closing,"{""breakout_bps"": 0.0, ""direction"": ""up"", ""lookback"": 10, ""max_range_bps"": 400.0}",2,rub_per_unit_at_T_plus_h_is_higher_than_at_T,44,44,0.2838709677419355,0.6590909090909091,0.5162878787878787,1.2765957446808511,0.04318936877076412,-20.687949788714057,-37.74981890078405,-3.8679003711101587,0.9933554817275747,66.2966211764807,-0.1551727084376195,21.0,92.0,2023-09-07,2026-08-28
UZS,corridor_exit_up_L10_r400_b25bp,corridor_exit_up,window_closing,"{""breakout_bps"": 25.0, ""direction"": ""up"", ""lookback"": 10, ""max_range_bps"": 400.0}",2,rub_per_unit_at_T_plus_h_is_higher_than_at_T,36,36,0.23225806451612904,0.6666666666666666,0.5160185185185184,1.2919432980441414,0.05647840531561462,-26.94101760393484,-46.53995659414086,-9.388159191692226,1.0,69.7964346181375,0.9850197587502089,22.0,120.0,2023-09-08,2026-08-28
UZS,corridor_exit_up_L10_r400_b50bp,corridor_exit_up,window_closing,"{""breakout_bps"": 50.0, ""direction"": ""up"", ""lookback"": 10, ""max_range_bps"": 400.0}",2,rub_per_unit_at_T_plus_h_is_higher_than_at_T,30,30,0.1935483870967742,0.6666666666666666,0.5109999999999999,1.3046314416177431,0.0664451827242525,-27.038839955658922,-44.17549112033526,-7.560820655289809,1.0,84.70778525802491,0.5091924850944586,23.0,170.0,2023-09-06,2026-08-28
UZS,corridor_exit_up_L20_r200_b0bp,corridor_exit_up,window_closing,"{""breakout_bps"": 0.0, ""direction"": ""up"", ""lookback"": 20, ""max_range_bps"": 200.0}",2,rub_per_unit_at_T_plus_h_is_higher_than_at_T,3,3,0.01935483870967742,0.6666666666666666,0.5122222222222222,1.3015184381778742,0.5382059800664452,-2.51092115287584,-38.75004395729076,18.580849356929132,0.654485049833887,56.46747700125076,-1.2249501069205329,345.5,486.0,2024-04-12,2026-03-04
UZS,corridor_exit_up_L20_r200_b25bp,corridor_exit_up,window_closing,"{""breakout_bps"": 25.0, ""direction"": ""up"", ""lookback"": 20, ""max_range_bps"": 200.0}",2,rub_per_unit_at_T_plus_h_is_higher_than_at_T,3,3,0.01935483870967742,0.6666666666666666,0.5044444444444444,1.3215859030837005,0.5016611295681063,-9.944494571835955,-26.015596361450193,15.76782843243807,0.8504983388704319,46.02691414018145,-2.849526277465082,343.5,484.0,2024-04-17,2026-03-05
UZS,corridor_exit_up_L20_r200_b50bp,corridor_exit_up,window_closing,"{""breakout_bps"": 50.0, ""direction"": ""up"", ""lookback"": 20, ""max_range_bps"": 200.0}",2,rub_per_unit_at_T_plus_h_is_higher_than_at_T,1,1,0.0064516129032258064,0.0,0.47333333333333333,0.0,1.0,-32.445476936404646,,,,-29.90310747497005,-6.133812587805285,,,2024-04-17,2024-04-17
UZS,corridor_exit_up_L20_r400_b0bp,corridor_exit_up,window_closing,"{""breakout_bps"": 0.0, ""direction"": ""up"", ""lookback"": 20, ""max_range_bps"": 400.0}",2,rub_per_unit_at_T_plus_h_is_higher_than_at_T,19,19,0.12258064516129032,0.7368421052631579,0.5194736842105262,1.418439716312057,0.04318936877076412,-5.973276227114217,-27.657062835572145,12.916652752022278,0.7142857142857143,101.5253008882814,0.5108561447870208,33.5,211.0,2023-10-03,2026-07-30
UZS,corridor_exit_up_L20_r400_b25bp,corridor_exit_up,window_closing,"{""breakout_bps"": 25.0, ""direction"": ""up"", ""lookback"": 20, ""max_range_bps"": 400.0}",2,rub_per_unit_at_T_plus_h_is_higher_than_at_T,17,17,0.10967741935483871,0.8235294117647058,0.512549019607843,1.606732976281561,0.006644518272425249,-6.123485721885622,-25.345156930813026,13.743585886411134,0.7109634551495017,104.00167666215341,-0.23026249496367351,38.0,210.0,2023-10-04,2026-07-30
UZS,corridor_exit_up_L20_r400_b50bp,corridor_exit_up,window_closing,"{""breakout_bps"": 50.0, ""direction"": ""up"", ""lookback"": 20, ""max_range_bps"": 400.0}",2,rub_per_unit_at_T_plus_h_is_higher_than_at_T,13,13,0.08387096774193549,0.6923076923076923,0.5133333333333333,1.3486513486513487,0.15282392026578073,-14.153531414086148,-35.495863106738426,9.451626859367208,0.8803986710963455,86.23070092523159,0.2156850052169829,58.0,214.0,2023-10-04,2026-07-30
UZS,corridor_exit_up_L5_r100_b0bp,corridor_exit_up,window_closing,"{""breakout_bps"": 0.0, ""direction"": ""up"", ""lookback"": 5, ""max_range_bps"": 100.0}",2,rub_per_unit_at_T_plus_h_is_higher_than_at_T,29,29,0.1870967741935484,0.7241379310344828,0.509080459770115,1.4224429893881236,0.019933554817275746,-18.351476607890252,-37.004870996697996,-4.3141135402313,0.9700996677740864,59.69070746143325,-1.7500250371137924,23.0,138.0,2023-09-05,2026-07-30
UZS,corridor_exit_up_L5_r100_b25bp,corridor_exit_up,window_closing,"{""breakout_bps"": 25.0, ""direction"": ""up"", ""lookback"": 5, ""max_range_bps"": 100.0}",2,rub_per_unit_at_T_plus_h_is_higher_than_at_T,24,24,0.15483870967741936,0.7083333333333334,0.5209722222222223,1.3596374300186616,0.036544850498338874,-27.666682698741692,-47.48236275277214,-11.768992318930634,0.9900332225913622,54.966179187947624,1.829903761995663,27.0,155.0,2023-09-06,2026-07-30
UZS,corridor_exit_up_L5_r100_b50bp,corridor_exit_up,window_closing,"{""breakout_bps"": 50.0, ""direction"": ""up"", ""lookback"": 5, ""max_range_bps"": 100.0}",2,rub_per_unit_at_T_plus_h_is_higher_than_at_T,19,19,0.12258064516129032,0.6842105263157895,0.5214035087719299,1.3122476446837146,0.10963455149501661,-32.37844909743957,-53.73310367266091,-14.615391716316456,0.9966777408637874,57.979840283608226,0.6618004441197497,46.5,162.0,2023-09-06,2026-07-30
UZS,corridor_exit_up_L5_r200_b0bp,corridor_exit_up,window_closing,"{""breakout_bps"": 0.0, ""direction"": ""up"", ""lookback"": 5, ""max_range_bps"": 200.0}",2,rub_per_unit_at_T_plus_h_is_higher_than_at_T,56,56,0.36129032258064514,0.6607142857142857,0.5082738095238095,1.299918023187727,0.016611295681063124,-20.28588503293958,-33.32611101770334,-6.979961825677317,0.9966777408637874,52.01177352399234,-2.716896900874713,14.0,89.0,2023-09-06,2026-08-13
UZS,corridor_exit_up_L5_r200_b25bp,corridor_exit_up,window_closing,"{""breakout_bps"": 25.0, ""direction"": ""up"", ""lookback"": 5, ""max_range_bps"": 200.0}",2,rub_per_unit_at_T_plus_h_is_higher_than_at_T,46,46,0.2967741935483871,0.6304347826086957,0.5121014492753623,1.231074005943116,0.04983388704318937,-28.718901947379432,-44.45483064528957,-12.86021155628304,0.9966777408637874,51.36909729510396,-0.4299409512740954,20.0,84.0,2023-09-08,2026-08-13
UZS,corridor_exit_up_L5_r200_b50bp,corridor_exit_up,window_closing,"{""breakout_bps"": 50.0, ""direction"": ""up"", ""lookback"": 5, ""max_range_bps"": 200.0}",2,rub_per_unit_at_T_plus_h_is_higher_than_at_T,39,39,0.25161290322580643,0.5897435897435898,0.5101709401709401,1.155972524711007,0.1893687707641196,-37.21890795239114,-52.642358433234904,-24.26382057921157,1.0,46.51236192930662,-1.7813587327722997,20.0,84.0,2023-09-06,2026-08-13
UZS,corridor_exit_up_L5_r400_b0bp,corridor_exit_up,window_closing,"{""breakout_bps"": 0.0, ""direction"": ""up"", ""lookback"": 5, ""max_range_bps"": 400.0}",2,rub_per_unit_at_T_plus_h_is_higher_than_at_T,70,70,0.45161290322580644,0.7,0.5077142857142858,1.3787281935846931,0.0033222591362126247,-24.976396435505517,-38.927152450641856,-11.184007135407047,1.0,57.94097476487504,-1.627362142295691,13.0,58.0,2023-09-06,2026-08-28
UZS,corridor_exit_up_L5_r400_b25bp,corridor_exit_up,window_closing,"{""breakout_bps"": 25.0, ""direction"": ""up"", ""lookback"": 5, ""max_range_bps"": 400.0}",2,rub_per_unit_at_T_plus_h_is_higher_than_at_T,59,59,0.38064516129032255,0.6610169491525424,0.51,1.296111665004985,0.0033222591362126247,-32.18653947609726,-47.958465336243854,-17.784621463690375,1.0,56.3231760693592,-1.8296580731606422,13.0,76.0,2023-09-08,2026-08-28
UZS,corridor_exit_up_L5_r400_b50bp,corridor_exit_up,window_closing,"{""breakout_bps"": 50.0, ""direction"": ""up"", ""lookback"": 5, ""max_range_bps"": 400.0}",2,rub_per_unit_at_T_plus_h_is_higher_than_at_T,50,50,0.3225806451612903,0.6,0.5145333333333334,1.1661052086032648,0.14285714285714285,-44.168219054326464,-57.087860048629395,-31.314898351584187,1.0,41.95736979425853,0.7019550271884892,15.0,81.0,2023-09-06,2026-08-28
UZS,corridor_exit_up_L5_r50_b0bp,corridor_exit_up,window_closing,"{""breakout_bps"": 0.0, ""direction"": ""up"", ""lookback"": 5, ""max_range_bps"": 50.0}",2,rub_per_unit_at_T_plus_h_is_higher_than_at_T,7,7,0.04516129032258064,0.8571428571428571,0.5133333333333333,1.6697588126159555,0.09302325581395349,-6.693704991611118,-26.15098951236785,8.660577804964486,0.7674418604651163,94.84001854627864,2.4248600368619706,68.5,461.0,2023-12-02,2026-02-27
UZS,corridor_exit_up_L5_r50_b25bp,corridor_exit_up,window_closing,"{""breakout_bps"": 25.0, ""direction"": ""up"", ""lookback"": 5, ""max_range_bps"": 50.0}",2,rub_per_unit_at_T_plus_h_is_higher_than_at_T,5,5,0.03225806451612903,0.8,0.52,1.5384615384615385,0.20930232558139536,-9.52005352059282,-28.900527912763874,5.043311724741484,0.8073089700996677,104.42169494911101,-1.6790611325621076,151.0,461.0,2023-12-02,2026-02-27
UZS,corridor_exit_up_L5_r50_b50bp,corridor_exit_up,window_closing,"{""breakout_bps"": 50.0, ""direction"": ""up"", ""lookback"": 5, ""max_range_bps"": 50.0}",2,rub_per_unit_at_T_plus_h_is_higher_than_at_T,4,4,0.025806451612903226,0.75,0.5275,1.4218009478672986,0.33554817275747506,-13.839801198602121,-36.97772208968775,3.1006136836672638,0.9269102990033222,115.33831244228688,7.473102822629465,226.0,461.0,2023-12-02,2026-02-27
AMD,level_L120_p70,level,favourable_now,"{""higher_share"": 0.7, ""lookback"": 120}",2,no_lower_price_in_next_h_observations,78,78,0.5032258064516129,0.38461538461538464,0.4077350427350427,0.9432973482863434,0.6910299003322259,4.333799408103815,-8.196124025677609,22.665410877750162,0.2956810631229236,-14.745916590446328,0.47041777832606013,6.0,189.0,2023-11-01,2026-06-18
AMD,level_L120_p80,level,favourable_now,"{""higher_share"": 0.8, ""lookback"": 120}",2,no_lower_price_in_next_h_observations,69,69,0.44516129032258067,0.3333333333333333,0.3944444444444445,0.8450704225352111,0.8803986710963455,18.710604084224716,-4.081765887571949,43.18239979945853,0.06976744186046512,1.5850752092900506,-2.1902471935980183,6.0,188.0,2023-11-15,2026-06-19
AMD,level_L120_p90,level,favourable_now,"{""higher_share"": 0.9, ""lookback"": 120}",2,no_lower_price_in_next_h_observations,52,52,0.33548387096774196,0.3076923076923077,0.39737179487179486,0.7743184384578159,0.9435215946843853,18.713242412833257,-1.3413713275981156,55.82258568338683,0.1461794019933555,-0.7737170315313721,-2.9552332076186048,6.0,192.0,2023-12-15,2026-06-10
AMD,level_L120_p95,level,favourable_now,"{""higher_share"": 0.95, ""lookback"": 120}",2,no_lower_price_in_next_h_observations,39,39,0.25161290322580643,0.3333333333333333,0.40358974358974353,0.8259212198221093,0.840531561461794,25.32395606616294,-1.8335603055916712,61.844482298497894,0.07308970099667775,-5.17845521787193,0.14664874373807066,6.0,191.0,2024-01-11,2026-05-29
AMD,level_L20_p70,level,favourable_now,"{""higher_share"": 0.7, ""lookback"": 20}",2,no_lower_price_in_next_h_observations,88,88,0.567741935483871,0.29545454545454547,0.40068181818181825,0.7373794668179239,0.9833887043189369,0.05063853933323967,-15.460772642110218,14.355817554071173,0.4584717607973422,-52.557265056132316,-0.32061257224979706,6.0,93.0,2023-09-23,2026-05-28
AMD,level_L20_p80,level,favourable_now,"{""higher_share"": 0.8, ""lookback"": 20}",2,no_lower_price_in_next_h_observations,76,76,0.49032258064516127,0.3026315789473684,0.3994736842105263,0.7575757575757576,0.9568106312292359,17.65445448428201,2.4232513626220293,33.34335104991689,0.016611295681063124,-23.488586489547792,-0.3564648050307072,6.0,126.0,2023-09-23,2026-05-30
AMD,level_L20_p90,level,favourable_now,"{""higher_share"": 0.9, ""lookback"": 20}",2,no_lower_price_in_next_h_observations,64,64,0.4129032258064516,0.359375,0.40338541666666666,0.8908973531310523,0.8006644518272426,39.680188242349985,21.06988432732293,65.02599447084485,0.0033222591362126247,-1.6696933313957771,-0.6419090540283571,7.0,123.0,2023-09-30,2026-05-23
AMD,level_L20_p95,level,favourable_now,"{""higher_share"": 0.95, ""lookback"": 20}",2,no_lower_price_in_next_h_observations,52,52,0.33548387096774196,0.38461538461538464,0.40064102564102566,0.96,0.654485049833887,52.53374909279101,29.68675169849156,87.1240946110967,0.0033222591362126247,20.47823798486117,0.8900381132371197,10.0,123.0,2023-09-30,2026-05-28
AMD,level_L250_p70,level,favourable_now,"{""higher_share"": 0.7, ""lookback"": 250}",2,no_lower_price_in_next_h_observations,72,72,0.4645161290322581,0.4027777777777778,0.39902777777777776,1.0093978419770275,0.5382059800664452,7.72718193127108,-7.78453392341065,25.658312788432845,0.2159468438538206,-9.959707943476811,-1.4505680114291317,6.0,193.0,2024-06-19,2026-06-23
AMD,level_L250_p80,level,favourable_now,"{""higher_share"": 0.8, ""lookback"": 250}",2,no_lower_price_in_next_h_observations,61,61,0.3935483870967742,0.4098360655737705,0.4090710382513661,1.0018701576275715,0.5548172757475083,19.01854674185919,-4.013531019715754,51.72029465336293,0.14285714285714285,1.1887556352630504,1.1694768770029795,6.0,199.0,2024-06-20,2026-06-18
AMD,level_L250_p90,level,favourable_now,"{""higher_share"": 0.9, ""lookback"": 250}",2,no_lower_price_in_next_h_observations,48,48,0.3096774193548387,0.2708333333333333,0.40201388888888895,0.6736914838486784,0.973421926910299,21.96355241428201,-5.171951595239397,54.711921480876505,0.09634551495016612,5.341207248062903,-2.716022807306778,6.0,199.0,2024-06-20,2026-06-19
AMD,level_L250_p95,level,favourable_now,"{""higher_share"": 0.95, ""lookback"": 250}",2,no_lower_price_in_next_h_observations,41,41,0.2645161290322581,0.3902439024390244,0.4059349593495935,0.9613458842379331,0.6378737541528239,31.8441943947903,9.079073877497258,71.84303871498598,0.09302325581395349,26.094153864945138,1.116999307564921,6.0,204.0,2024-06-20,2026-06-10
AMD,level_L60_p70,level,favourable_now,"{""higher_share"": 0.7, ""lookback"": 60}",2,no_lower_price_in_next_h_observations,91,91,0.5870967741935483,0.3516483516483517,0.40413919413919414,0.8701169219613887,0.9269102990033222,15.73568575435304,4.035178673275551,29.355815252817234,0.013289036544850499,-7.903326338727768,-0.5528098478783673,6.0,122.0,2023-10-04,2026-06-12
AMD,level_L60_p80,level,favourable_now,"{""higher_share"": 0.8, ""lookback"": 60}",2,no_lower_price_in_next_h_observations,81,81,0.5225806451612903,0.3950617283950617,0.3990534979423868,0.989996906259668,0.5980066445182725,23.14836899091084,6.436375431429628,37.165165602103556,0.006644518272425249,-0.3078689776148804,-0.6706023835807884,6.0,167.0,2023-10-05,2026-06-10
AMD,level_L60_p90,level,favourable_now,"{""higher_share"": 0.9, ""lookback"": 60}",2,no_lower_price_in_next_h_observations,60,60,0.3870967741935484,0.35,0.4043888888888889,0.8655035032284654,0.8770764119601329,21.42732708791671,-2.3283244110796693,50.02458436161104,0.08637873754152824,-17.90979589261445,-0.03966605926509383,6.0,170.0,2023-10-05,2026-05-28
AMD,level_L60_p95,level,favourable_now,"{""higher_share"": 0.95, ""lookback"": 60}",2,no_lower_price_in_next_h_observations,51,51,0.32903225806451614,0.45098039215686275,0.3999346405228758,1.1276352345154437,0.24916943521594684,44.8559576425974,21.641515183278496,73.65067023220034,0.006644518272425249,15.533294098554766,-0.6552734064065584,7.0,170.0,2023-10-05,2026-05-30
KGS,level_L120_p70,level,favourable_now,"{""higher_share"": 0.7, ""lookback"": 120}",2,no_lower_price_in_next_h_observations,82,82,0.5290322580645161,0.3780487804878049,0.391951219512195,0.9645301804604857,0.6378737541528239,21.715491997287486,6.336984339814334,42.22435710160356,0.023255813953488372,6.968976244532056,-2.700705493939572,6.0,183.0,2023-11-15,2026-06-23
KGS,level_L120_p80,level,favourable_now,"{""higher_share"": 0.8, ""lookback"": 120}",2,no_lower_price_in_next_h_observations,71,71,0.45806451612903226,0.352112676056338,0.3989671361502347,0.8825606024947046,0.8604651162790697,11.851963871626646,2.431381057847953,21.487896736969432,0.013289036544850499,-2.803144608200124,-0.4375889366046552,6.0,190.0,2023-11-16,2026-06-17
KGS,level_L120_p90,level,favourable_now,"{""higher_share"": 0.9, ""lookback"": 120}",2,no_lower_price_in_next_h_observations,53,53,0.3419354838709677,0.24528301886792453,0.389811320754717,0.6292352371732817,0.9867109634551495,9.223369753894406,-4.7042770699979926,25.424713464706162,0.10631229235880399,-22.34462213314849,-2.0156361872689863,6.0,192.0,2024-01-11,2026-06-10
KGS,level_L120_p95,level,favourable_now,"{""higher_share"": 0.95, ""lookback"": 120}",2,no_lower_price_in_next_h_observations,44,44,0.2838709677419355,0.29545454545454547,0.3951515151515151,0.7476993865030677,0.9435215946843853,20.510233153437085,-9.904255555036297,62.322326495009364,0.15614617940199335,-9.794291595329717,-2.033872418636002,6.0,192.0,2024-01-12,2026-05-27
KGS,level_L20_p70,level,favourable_now,"{""higher_share"": 0.7, ""lookback"": 20}",2,no_lower_price_in_next_h_observations,89,89,0.5741935483870968,0.30337078651685395,0.3898876404494382,0.7780979827089338,0.973421926910299,15.178101295579404,-1.8959370437504122,33.0960712725458,0.053156146179401995,-30.44634250031982,-2.434290397486583,6.0,122.0,2023-09-13,2026-05-27
KGS,level_L20_p80,level,favourable_now,"{""higher_share"": 0.8, ""lookback"": 20}",2,no_lower_price_in_next_h_observations,76,76,0.49032258064516127,0.3026315789473684,0.3882894736842106,0.7793968146391053,0.9401993355481728,25.817628606673203,6.677152107113262,47.21873301356728,0.009966777408637873,-14.49134275341764,-2.260032407800159,6.0,122.0,2023-09-22,2026-05-28
KGS,level_L20_p90,level,favourable_now,"{""higher_share"": 0.9, ""lookback"": 20}",2,no_lower_price_in_next_h_observations,65,65,0.41935483870967744,0.3230769230769231,0.39769230769230773,0.8123791102514506,0.9235880398671097,34.09833141923916,14.5870554797042,61.78596277632621,0.009966777408637873,-12.222456162645546,0.3293638981736878,7.0,139.0,2023-10-21,2026-05-28
KGS,level_L20_p95,level,favourable_now,"{""higher_share"": 0.95, ""lookback"": 20}",2,no_lower_price_in_next_h_observations,51,51,0.32903225806451614,0.27450980392156865,0.3936601307189542,0.6973269134982568,0.9767441860465116,30.878525089982542,16.16529223260202,48.31449648167298,0.0033222591362126247,-22.63772955625233,-1.0834284515703996,7.0,142.0,2023-10-21,2026-05-28
KGS,level_L250_p70,level,favourable_now,"{""higher_share"": 0.7, ""lookback"": 250}",2,no_lower_price_in_next_h_observations,77,77,0.4967741935483871,0.35064935064935066,0.3878787878787878,0.9040178571428573,0.7840531561461794,12.728627635995013,-5.296054295272492,32.836260306230464,0.11627906976744186,-1.0721259546695792,-2.440442005145652,6.0,199.0,2024-05-28,2026-07-14
KGS,level_L250_p80,level,favourable_now,"{""higher_share"": 0.8, ""lookback"": 250}",2,no_lower_price_in_next_h_observations,66,66,0.4258064516129032,0.4090909090909091,0.3948484848484849,1.0360706062931695,0.43853820598006643,11.703336019019812,-5.575929616212689,30.023931541565048,0.11960132890365449,-2.5572296960355083,-1.358424818116871,6.0,199.0,2024-06-19,2026-07-10
KGS,level_L250_p90,level,favourable_now,"{""higher_share"": 0.9, ""lookback"": 250}",2,no_lower_price_in_next_h_observations,52,52,0.33548387096774196,0.2692307692307692,0.39365384615384613,0.6839276990718124,0.9833887043189369,7.566742311110318,-15.290851901678028,45.64628164223498,0.3488372093023256,-16.971549480345264,-1.528390459240498,6.0,238.0,2024-06-20,2026-06-17
KGS,level_L250_p95,level,favourable_now,"{""higher_share"": 0.95, ""lookback"": 250}",2,no_lower_price_in_next_h_observations,46,46,0.2967741935483871,0.2608695652173913,0.3913768115942029,0.6665432327346787,0.9800664451827242,21.328940700939146,0.43499994019827515,56.87278544034944,0.07641196013289037,2.0034064133673937,-2.116867536554472,6.0,239.0,2024-06-20,2026-06-10
KGS,level_L60_p70,level,favourable_now,"{""higher_share"": 0.7, ""lookback"": 60}",2,no_lower_price_in_next_h_observations,85,85,0.5483870967741935,0.3176470588235294,0.395921568627451,0.8022979397781299,0.9634551495016611,7.275390068670057,-4.7995624783014055,18.83870514361339,0.16943521594684385,-25.18676364378453,-1.9806377109075668,6.0,170.0,2023-10-21,2026-06-17
KGS,level_L60_p80,level,favourable_now,"{""higher_share"": 0.8, ""lookback"": 60}",2,no_lower_price_in_next_h_observations,73,73,0.47096774193548385,0.2876712328767123,0.38945205479452055,0.7386563489271896,0.9700996677740864,13.094791221173093,-0.3211802129495635,29.13920788001865,0.06312292358803986,-26.791841746037328,-3.446757680057405,6.0,170.0,2023-10-24,2026-06-10
KGS,level_L60_p90,level,favourable_now,"{""higher_share"": 0.9, ""lookback"": 60}",2,no_lower_price_in_next_h_observations,62,62,0.4,0.3225806451612903,0.39532258064516135,0.8159934720522234,0.9003322259136213,14.335429441228811,-7.980764013449571,37.95132936176908,0.11627906976744186,-31.083168037478874,-0.9878095278618194,6.0,170.0,2023-10-24,2026-05-27
KGS,level_L60_p95,level,favourable_now,"{""higher_share"": 0.95, ""lookback"": 60}",2,no_lower_price_in_next_h_observations,50,50,0.3225806451612903,0.28,0.3889333333333333,0.7199177236887214,0.9601328903654485,38.18196744781428,14.959824489034672,74.10344342776716,0.016611295681063124,-1.3812537847750337,-1.9143384177917073,7.0,209.0,2023-10-25,2026-05-28
KZT,level_L120_p70,level,favourable_now,"{""higher_share"": 0.7, ""lookback"": 120}",2,no_lower_price_in_next_h_observations,79,79,0.5096774193548387,0.46835443037974683,0.3939662447257384,1.1888186783763521,0.09302325581395349,26.101357299686885,10.861093707666372,41.805500210745436,0.0033222591362126247,16.34204249429508,-2.512722706656725,6.0,137.0,2023-11-01,2026-06-18
KZT,level_L120_p80,level,favourable_now,"{""higher_share"": 0.8, ""lookback"": 120}",2,no_lower_price_in_next_h_observations,66,66,0.4258064516129032,0.4696969696969697,0.39141414141414144,1.2,0.11960132890365449,32.126371987681296,12.315321644684406,55.82869889564406,0.016611295681063124,12.361212806912302,-3.752481603635089,6.0,204.0,2023-11-16,2026-06-18
KZT,level_L120_p90,level,favourable_now,"{""higher_share"": 0.9, ""lookback"": 120}",2,no_lower_price_in_next_h_observations,53,53,0.3419354838709677,0.4528301886792453,0.3947798742138365,1.1470447666082524,0.21926910299003322,31.680645686167164,6.54262055914294,59.66151665547606,0.013289036544850499,15.875267906037037,-2.277736368421081,6.0,205.0,2024-01-13,2026-06-16
KZT,level_L120_p95,level,favourable_now,"{""higher_share"": 0.95, ""lookback"": 120}",2,no_lower_price_in_next_h_observations,43,43,0.27741935483870966,0.3953488372093023,0.3963565891472868,0.997457461372971,0.584717607973422,49.49582082648426,17.61230042363717,80.82545297583673,0.006644518272425249,16.7579520139963,-2.5696903403751086,6.0,205.0,2024-06-14,2026-06-17
KZT,level_L20_p70,level,favourable_now,"{""higher_share"": 0.7, ""lookback"": 20}",2,no_lower_price_in_next_h_observations,96,96,0.6193548387096774,0.4166666666666667,0.3984027777777778,1.0458427749694963,0.4186046511627907,36.701860341078266,23.065597807712688,52.147969088157645,0.0033222591362126247,7.427987227978369,-1.4130467732249883,6.0,68.0,2023-09-12,2026-06-17
KZT,level_L20_p80,level,favourable_now,"{""higher_share"": 0.8, ""lookback"": 20}",2,no_lower_price_in_next_h_observations,85,85,0.5483870967741935,0.35294117647058826,0.39650980392156865,0.8901196716447434,0.8338870431893688,33.29574649440832,19.665283597238677,47.48024728276564,0.0033222591362126247,-3.1628858878464152,-2.8836085229279442,6.0,92.0,2023-09-13,2026-06-17
KZT,level_L20_p90,level,favourable_now,"{""higher_share"": 0.9, ""lookback"": 20}",2,no_lower_price_in_next_h_observations,67,67,0.432258064516129,0.40298507462686567,0.39313432835820894,1.0250569476082005,0.4584717607973422,50.976969613239504,32.39000109356574,67.97440116781951,0.0033222591362126247,15.816862481139632,-1.6000118999080943,7.0,120.0,2023-09-13,2026-06-17
KZT,level_L20_p95,level,favourable_now,"{""higher_share"": 0.95, ""lookback"": 20}",2,no_lower_price_in_next_h_observations,47,47,0.3032258064516129,0.40425531914893614,0.39801418439716313,1.01568068424804,0.5149501661129569,65.33416320864437,39.11837289152047,91.10916574885646,0.0033222591362126247,19.953347750586055,-1.6652290323285728,11.5,122.0,2023-09-21,2026-06-11
KZT,level_L250_p70,level,favourable_now,"{""higher_share"": 0.7, ""lookback"": 250}",2,no_lower_price_in_next_h_observations,82,82,0.5290322580645161,0.36585365853658536,0.4014227642276422,0.9113924050632912,0.8172757475083057,6.050646062483624,-13.827625121389762,27.416203389053695,0.28903654485049834,-19.349357364622712,-0.5460652851244461,6.0,111.0,2024-06-05,2026-06-16
KZT,level_L250_p80,level,favourable_now,"{""higher_share"": 0.8, ""lookback"": 250}",2,no_lower_price_in_next_h_observations,66,66,0.4258064516129032,0.4696969696969697,0.3937878787878788,1.19276644863409,0.09634551495016612,25.59206667184622,6.774254259245883,57.581436217144336,0.053156146179401995,7.2282790560963255,-3.320070009061937,6.0,138.0,2024-06-14,2026-06-17
KZT,level_L250_p90,level,favourable_now,"{""higher_share"": 0.9, ""lookback"": 250}",2,no_lower_price_in_next_h_observations,52,52,0.33548387096774196,0.38461538461538464,0.4001282051282051,0.9612303748798463,0.6644518272425249,7.094997701516582,-12.24263918924643,34.304141937619754,0.30564784053156147,-25.95840114126863,-0.6812429809895032,6.0,212.0,2024-06-19,2026-06-17
KZT,level_L250_p95,level,favourable_now,"{""higher_share"": 0.95, ""lookback"": 250}",2,no_lower_price_in_next_h_observations,46,46,0.2967741935483871,0.30434782608695654,0.39985507246376806,0.7611453425154043,0.9501661129568106,29.49677060974108,-0.3927150989714011,72.24675193426347,0.08305647840531562,12.94147788071387,-0.9797036997781019,6.0,214.0,2024-06-20,2026-06-11
KZT,level_L60_p70,level,favourable_now,"{""higher_share"": 0.7, ""lookback"": 60}",2,no_lower_price_in_next_h_observations,83,83,0.535483870967742,0.3493975903614458,0.3976305220883534,0.8786991213008787,0.8770764119601329,8.848901143300369,-4.4959694671585675,25.921387885775385,0.17940199335548174,-29.271980511307834,-1.643238950103802,6.0,123.0,2023-09-22,2026-06-18
KZT,level_L60_p80,level,favourable_now,"{""higher_share"": 0.8, ""lookback"": 60}",2,no_lower_price_in_next_h_observations,80,80,0.5161290322580645,0.25,0.3954166666666667,0.6322444678609062,1.0,15.81702360667017,-1.0822855265780373,33.94807856404386,0.04318936877076412,-8.703925320013683,-2.220151893801855,6.0,129.0,2023-09-22,2026-06-19
KZT,level_L60_p90,level,favourable_now,"{""higher_share"": 0.9, ""lookback"": 60}",2,no_lower_price_in_next_h_observations,66,66,0.4258064516129032,0.4393939393939394,0.3984343434343434,1.1028013689948029,0.24916943521594684,40.97699393829812,23.191111254326167,62.110291615728215,0.0033222591362126247,13.423867552779935,-2.4633138730884463,6.0,179.0,2023-09-23,2026-06-17
KZT,level_L60_p95,level,favourable_now,"{""higher_share"": 0.95, ""lookback"": 60}",2,no_lower_price_in_next_h_observations,52,52,0.33548387096774196,0.40384615384615385,0.40108974358974353,1.006872303020617,0.5282392026578073,38.277036215860804,17.663642701209643,67.54106597029288,0.006644518272425249,1.97143861323096,-0.9312584941291978,6.0,182.0,2023-09-29,2026-06-17
TJS,level_L120_p70,level,favourable_now,"{""higher_share"": 0.7, ""lookback"": 120}",2,no_lower_price_in_next_h_observations,71,71,0.45806451612903226,0.36619718309859156,0.4173239436619718,0.8774890313871078,0.8438538205980066,18.994556892971445,-0.8713797683479438,43.04302592037795,0.06976744186046512,4.723919477923663,2.182082527569871,6.0,185.0,2023-11-16,2026-06-23
TJS,level_L120_p80,level,favourable_now,"{""higher_share"": 0.8, ""lookback"": 120}",2,no_lower_price_in_next_h_observations,61,61,0.3935483870967742,0.45901639344262296,0.42601092896174864,1.07747562852745,0.34219269102990035,19.733526498393125,1.5808321043866598,42.89533418146323,0.053156146179401995,6.2314663374152115,3.832685020656777,6.0,219.0,2023-11-16,2026-06-19
TJS,level_L120_p90,level,favourable_now,"{""higher_share"": 0.9, ""lookback"": 120}",2,no_lower_price_in_next_h_observations,39,39,0.25161290322580643,0.20512820512820512,0.41794871794871796,0.4907975460122699,0.9966777408637874,13.165454293638831,-3.9526646481976715,35.40398878617714,0.15282392026578073,-20.590914542268546,2.5828524947621463,6.0,262.0,2024-01-11,2026-06-10
TJS,level_L120_p95,level,favourable_now,"{""higher_share"": 0.95, ""lookback"": 120}",2,no_lower_price_in_next_h_observations,31,31,0.2,0.3225806451612903,0.42430107526881716,0.7602635580334517,0.9169435215946844,38.841370649710356,-4.309552406994789,91.1588083915743,0.07641196013289037,4.136151630200111,4.678003429684357,7.0,276.0,2024-01-13,2026-06-10
TJS,level_L20_p70,level,favourable_now,"{""higher_share"": 0.7, ""lookback"": 20}",2,no_lower_price_in_next_h_observations,80,80,0.5161290322580645,0.4125,0.4199166666666667,0.9823377654296486,0.6112956810631229,25.336958102952572,7.641399352425786,52.141111006638226,0.036544850498338874,-17.41811405142307,3.7578053441791597,6.0,94.0,2023-09-13,2026-06-10
TJS,level_L20_p80,level,favourable_now,"{""higher_share"": 0.8, ""lookback"": 20}",2,no_lower_price_in_next_h_observations,70,70,0.45161290322580644,0.34285714285714286,0.4185714285714286,0.8191126279863481,0.9102990033222591,26.59193261813115,5.510429742659627,47.90986739175446,0.019933554817275746,-18.03638369769603,1.9200090525598807,6.0,94.0,2023-10-21,2026-06-10
TJS,level_L20_p90,level,favourable_now,"{""higher_share"": 0.9, ""lookback"": 20}",2,no_lower_price_in_next_h_observations,55,55,0.3548387096774194,0.32727272727272727,0.42139393939393943,0.7766431756076513,0.9568106312292359,43.66012663727194,20.447577696939888,72.7689768155356,0.0033222591362126247,-7.953709495411267,2.3952101481569974,8.0,130.0,2023-10-21,2026-05-19
TJS,level_L20_p95,level,favourable_now,"{""higher_share"": 0.95, ""lookback"": 20}",2,no_lower_price_in_next_h_observations,46,46,0.2967741935483871,0.30434782608695654,0.4225362318840579,0.7202881152460986,0.973421926910299,41.46826376640229,28.964882126984886,59.1302596707393,0.0033222591362126247,-14.399853766488318,3.683320004350599,10.0,127.0,2023-10-21,2026-05-19
TJS,level_L250_p70,level,favourable_now,"{""higher_share"": 0.7, ""lookback"": 250}",2,no_lower_price_in_next_h_observations,50,50,0.3225806451612903,0.38,0.4253333333333333,0.8934169278996866,0.7873754152823921,8.233627308906488,-15.611372223417177,35.71211579987965,0.25249169435215946,5.6786133001455825,3.34916913420977,6.0,283.0,2024-05-28,2026-06-23
TJS,level_L250_p80,level,favourable_now,"{""higher_share"": 0.8, ""lookback"": 250}",2,no_lower_price_in_next_h_observations,38,38,0.24516129032258063,0.47368421052631576,0.4231578947368421,1.1194029850746268,0.3222591362126246,14.367270888768354,-6.8680993643199155,46.09652684248494,0.1760797342192691,5.9025510583636445,4.002901835205562,6.0,303.0,2024-06-19,2026-06-19
TJS,level_L250_p90,level,favourable_now,"{""higher_share"": 0.9, ""lookback"": 250}",2,no_lower_price_in_next_h_observations,26,26,0.16774193548387098,0.38461538461538464,0.42705128205128207,0.9006304413089162,0.7342192691029901,28.927474555521083,-17.034607455831143,105.19437784155859,0.16943521594684385,18.245410132699444,3.8654958751364803,6.0,356.0,2024-06-20,2026-06-16
TJS,level_L250_p95,level,favourable_now,"{""higher_share"": 0.95, ""lookback"": 250}",2,no_lower_price_in_next_h_observations,18,18,0.11612903225806452,0.5555555555555556,0.4268518518518518,1.3015184381778744,0.16611295681063123,80.26134235066812,24.406859080800775,183.50696377356095,0.03986710963455149,91.54149376336389,5.312525420953592,8.0,384.0,2024-06-20,2026-06-10
TJS,level_L60_p70,level,favourable_now,"{""higher_share"": 0.7, ""lookback"": 60}",2,no_lower_price_in_next_h_observations,79,79,0.5096774193548387,0.3037974683544304,0.419789029535865,0.7236908231983114,0.9900332225913622,13.734561066680405,0.09734429325989258,28.98124006843157,0.059800664451827246,-7.727187419299706,2.1093130065598444,6.0,154.0,2023-10-21,2026-06-16
TJS,level_L60_p80,level,favourable_now,"{""higher_share"": 0.8, ""lookback"": 60}",2,no_lower_price_in_next_h_observations,67,67,0.432258064516129,0.31343283582089554,0.4165671641791045,0.7524184879971336,0.9634551495016611,14.796280073328662,-1.1346888744455224,32.571219135701185,0.04983388704318937,-18.888947835087905,1.9634700407774017,6.0,181.0,2023-10-24,2026-06-10
TJS,level_L60_p90,level,favourable_now,"{""higher_share"": 0.9, ""lookback"": 60}",2,no_lower_price_in_next_h_observations,52,52,0.33548387096774196,0.2692307692307692,0.4225,0.6372325898953117,1.0,21.087221274385247,-0.9801049627154185,49.0269834869514,0.07308970099667775,-21.93617776123982,2.924243428969268,6.0,217.0,2023-10-25,2026-06-10
TJS,level_L60_p95,level,favourable_now,"{""higher_share"": 0.95, ""lookback"": 60}",2,no_lower_price_in_next_h_observations,44,44,0.2838709677419355,0.3181818181818182,0.4189393939393939,0.759493670886076,0.9667774086378738,34.97123195576059,12.545630474034425,61.30200665808353,0.0033222591362126247,-4.574500211268329,0.8470428980561102,6.0,220.0,2023-10-25,2026-05-28
UZS,level_L120_p70,level,favourable_now,"{""higher_share"": 0.7, ""lookback"": 120}",2,no_lower_price_in_next_h_observations,89,89,0.5741935483870968,0.33707865168539325,0.4062546816479401,0.829722503918134,0.9368770764119602,4.776583809779378,-4.043662006859371,14.241765831308435,0.18604651162790697,-17.123974064081242,-2.4060095478175034,6.0,189.0,2023-10-28,2026-06-19
UZS,level_L120_p80,level,favourable_now,"{""higher_share"": 0.8, ""lookback"": 120}",2,no_lower_price_in_next_h_observations,77,77,0.4967741935483871,0.37662337662337664,0.41268398268398265,0.9126193223539285,0.7940199335548173,6.336524723478769,-5.37839305274036,19.912840011564068,0.16943521594684385,-14.139314064090504,-0.15290628948100637,6.0,189.0,2023-11-15,2026-06-18
UZS,level_L120_p90,level,favourable_now,"{""higher_share"": 0.9, ""lookback"": 120}",2,no_lower_price_in_next_h_observations,60,60,0.3870967741935484,0.3333333333333333,0.4076666666666667,0.8176614881439084,0.9102990033222591,16.3677070680423,4.152795838498868,31.100187100574484,0.016611295681063124,-10.179190434483917,-2.1556253606907645,6.0,191.0,2023-11-16,2026-06-10
UZS,level_L120_p95,level,favourable_now,"{""higher_share"": 0.95, ""lookback"": 120}",2,no_lower_price_in_next_h_observations,44,44,0.2838709677419355,0.29545454545454547,0.4135606060606061,0.7144165598094889,0.9800664451827242,14.981295426178542,-4.418768571346613,32.03976131604275,0.053156146179401995,-24.709815857344697,-0.06565378159467969,6.0,192.0,2023-11-21,2026-05-27
UZS,level_L20_p70,level,favourable_now,"{""higher_share"": 0.7, ""lookback"": 20}",2,no_lower_price_in_next_h_observations,82,82,0.5290322580645161,0.24390243902439024,0.4136178861788618,0.5896805896805897,1.0,8.282474936356879,-3.9250145051529315,20.656042486742702,0.11295681063122924,-42.967390098111,-0.3713454748416762,6.0,94.0,2023-09-13,2026-05-27
UZS,level_L20_p80,level,favourable_now,"{""higher_share"": 0.8, ""lookback"": 20}",2,no_lower_price_in_next_h_observations,76,76,0.49032258064516127,0.2894736842105263,0.4136842105263158,0.6997455470737913,1.0,24.013580208834107,8.113312888338847,42.262239521700046,0.009966777408637873,-17.248753411837196,-0.6801882577537933,6.0,97.0,2023-09-13,2026-05-28
UZS,level_L20_p90,level,favourable_now,"{""higher_share"": 0.9, ""lookback"": 20}",2,no_lower_price_in_next_h_observations,65,65,0.41935483870967744,0.3076923076923077,0.4060512820512821,0.7577671129072998,0.9667774086378738,31.563449114032124,11.232054280092463,57.62923071842159,0.016611295681063124,-21.404373020799444,-1.0088553576239063,7.0,141.0,2023-09-23,2026-05-28
UZS,level_L20_p95,level,favourable_now,"{""higher_share"": 0.95, ""lookback"": 20}",2,no_lower_price_in_next_h_observations,50,50,0.3225806451612903,0.26,0.41159999999999997,0.631681243926142,0.9900332225913622,30.858104369885055,18.72503310769153,44.59096335664428,0.0033222591362126247,-34.09792557086513,0.07761371203705257,7.0,141.0,2023-09-26,2026-05-19
UZS,level_L250_p70,level,favourable_now,"{""higher_share"": 0.7, ""lookback"": 250}",2,no_lower_price_in_next_h_observations,75,75,0.4838709677419355,0.37333333333333335,0.41568888888888894,0.8981075590719555,0.8338870431893688,3.6507952861801156,-7.689461993807075,16.783573491496696,0.3289036544850498,-13.871657523347821,0.40830302923700484,6.0,160.0,2024-01-17,2026-06-24
UZS,level_L250_p80,level,favourable_now,"{""higher_share"": 0.8, ""lookback"": 250}",2,no_lower_price_in_next_h_observations,61,61,0.3935483870967742,0.3442622950819672,0.4040437158469945,0.8520421963754397,0.8803986710963455,10.423496974625243,-2.152479306555326,24.76584315069881,0.07641196013289037,1.953865101538839,-2.450063502507388,6.0,190.0,2024-05-07,2026-06-24
UZS,level_L250_p90,level,favourable_now,"{""higher_share"": 0.9, ""lookback"": 250}",2,no_lower_price_in_next_h_observations,51,51,0.32903225806451614,0.39215686274509803,0.4074509803921569,0.9624639076034648,0.6245847176079734,9.665074951620388,-11.123663209929184,33.38964644920591,0.1893687707641196,-0.801277588686319,-3.3439081360979372,6.0,266.0,2024-05-22,2026-06-20
UZS,level_L250_p95,level,favourable_now,"{""higher_share"": 0.95, ""lookback"": 250}",2,no_lower_price_in_next_h_observations,39,39,0.25161290322580643,0.358974358974359,0.4095726495726496,0.8764607679465776,0.8172757475083057,18.025442532350766,1.3332991927050675,36.794670018193266,0.029900332225913623,-2.9769672619571432,-1.6604513691000222,6.0,296.0,2024-05-25,2026-06-10
UZS,level_L60_p70,level,favourable_now,"{""higher_share"": 0.7, ""lookback"": 60}",2,no_lower_price_in_next_h_observations,90,90,0.5806451612903226,0.3333333333333333,0.4103703703703704,0.8122743682310468,0.9634551495016611,6.614531279483083,-6.462865523878676,20.626386360775676,0.19269102990033224,-24.26553266123453,-0.6930303711964587,6.0,170.0,2023-10-21,2026-06-16
UZS,level_L60_p80,level,favourable_now,"{""higher_share"": 0.8, ""lookback"": 60}",2,no_lower_price_in_next_h_observations,79,79,0.5096774193548387,0.3037974683544304,0.41202531645569623,0.7373271889400921,0.9900332225913622,11.925099854405769,-2.615544955587864,26.311018539210412,0.06976744186046512,-23.053934370297863,-1.705449640961661,6.0,168.0,2023-10-21,2026-06-10
UZS,level_L60_p90,level,favourable_now,"{""higher_share"": 0.9, ""lookback"": 60}",2,no_lower_price_in_next_h_observations,61,61,0.3935483870967742,0.29508196721311475,0.4140983606557377,0.7125890736342043,0.9933554817275747,9.129090890055297,-4.0649268036713,22.298937498176013,0.08637873754152824,-35.60158393687556,-1.4810531859170248,6.0,170.0,2023-10-24,2026-05-27
UZS,level_L60_p95,level,favourable_now,"{""higher_share"": 0.95, ""lookback"": 60}",2,no_lower_price_in_next_h_observations,55,55,0.3548387096774194,0.4909090909090909,0.406,1.2091356918943126,0.12624584717607973,37.2720053406354,11.934406800693003,67.61002913130324,0.009966777408637873,-3.908290494257605,-0.8624026216637719,7.0,175.0,2023-10-24,2026-05-28
AMD,corridor_exit_down_L10_r100_b0bp,corridor_exit_down,favourable_now,"{""breakout_bps"": 0.0, ""direction"": ""down"", ""lookback"": 10, ""max_range_bps"": 100.0}",3,no_lower_price_in_next_h_observations,4,4,0.025806451612903226,0.25,0.36,0.6944444444444444,0.8239202657807309,38.64831817087855,-14.728963018578733,87.37493384274319,0.07308970099667775,-50.57647870092358,4.973126096256621,134.0,310.0,2024-07-24,2025-11-22
AMD,corridor_exit_down_L10_r100_b25bp,corridor_exit_down,favourable_now,"{""breakout_bps"": 25.0, ""direction"": ""down"", ""lookback"": 10, ""max_range_bps"": 100.0}",3,no_lower_price_in_next_h_observations,3,3,0.01935483870967742,0.3333333333333333,0.33,1.01010101010101,0.6777408637873754,42.48626317079414,-26.668405241904356,91.79248524048944,0.2724252491694352,-66.49939044759375,-4.513634860014998,243.0,310.0,2024-07-24,2025-11-22
AMD,corridor_exit_down_L10_r100_b50bp,corridor_exit_down,favourable_now,"{""breakout_bps"": 50.0, ""direction"": ""down"", ""lookback"": 10, ""max_range_bps"": 100.0}",3,no_lower_price_in_next_h_observations,2,2,0.012903225806451613,0.5,0.3333333333333333,1.5,0.574750830564784,87.37493384274319,82.95738244499695,91.79248524048944,0.0033222591362126247,5.76080102045573,-13.398738157487681,176.0,176.0,2025-05-30,2025-11-22
AMD,corridor_exit_down_L10_r200_b0bp,corridor_exit_down,favourable_now,"{""breakout_bps"": 0.0, ""direction"": ""down"", ""lookback"": 10, ""max_range_bps"": 200.0}",3,no_lower_price_in_next_h_observations,17,17,0.10967741935483871,0.23529411764705882,0.3505882352941176,0.6711409395973156,0.8803986710963455,31.591268203600542,1.007844071343483,62.834918600541,0.026578073089700997,-67.32088057281447,0.6047755440778972,41.5,268.0,2023-09-30,2026-05-13
AMD,corridor_exit_down_L10_r200_b25bp,corridor_exit_down,favourable_now,"{""breakout_bps"": 25.0, ""direction"": ""down"", ""lookback"": 10, ""max_range_bps"": 200.0}",3,no_lower_price_in_next_h_observations,16,16,0.1032258064516129,0.25,0.348125,0.718132854578097,0.9169435215946844,38.94203088900018,7.891158019006348,72.01170022801786,0.013289036544850499,-38.87386133759371,-2.04679571042551,43.0,268.0,2023-10-03,2026-05-13
AMD,corridor_exit_down_L10_r200_b50bp,corridor_exit_down,favourable_now,"{""breakout_bps"": 50.0, ""direction"": ""down"", ""lookback"": 10, ""max_range_bps"": 200.0}",3,no_lower_price_in_next_h_observations,11,11,0.07096774193548387,0.2727272727272727,0.34909090909090906,0.78125,0.8073089700996677,51.913287452277444,5.587259120394531,84.80845384324205,0.0033222591362126247,-25.607652137574767,0.48632457538198387,83.5,268.0,2023-10-03,2026-05-14
AMD,corridor_exit_down_L10_r400_b0bp,corridor_exit_down,favourable_now,"{""breakout_bps"": 0.0, ""direction"": ""down"", ""lookback"": 10, ""max_range_bps"": 400.0}",3,no_lower_price_in_next_h_observations,37,37,0.23870967741935484,0.2972972972972973,0.34387387387387386,0.8645533141210375,0.760797342192691,48.86939915906751,21.303674142708115,82.81568237307026,0.006644518272425249,-34.88146568756926,-1.5806532700522946,21.0,140.0,2023-09-13,2026-05-19
AMD,corridor_exit_down_L10_r400_b25bp,corridor_exit_down,favourable_now,"{""breakout_bps"": 25.0, ""direction"": ""down"", ""lookback"": 10, ""max_range_bps"": 400.0}",3,no_lower_price_in_next_h_observations,33,33,0.2129032258064516,0.30303030303030304,0.3519191919191919,0.8610792192881745,0.7774086378737541,51.50375127863582,20.1733639386348,86.9862727251381,0.006644518272425249,-27.86545401180076,0.2570288314732654,24.0,140.0,2023-09-13,2026-05-19
AMD,corridor_exit_down_L10_r400_b50bp,corridor_exit_down,favourable_now,"{""breakout_bps"": 50.0, ""direction"": ""down"", ""lookback"": 10, ""max_range_bps"": 400.0}",3,no_lower_price_in_next_h_observations,26,26,0.16774193548387098,0.2692307692307692,0.34384615384615386,0.7829977628635346,0.8372093023255814,68.05759015297009,26.007151244810323,111.85498923869216,0.006644518272425249,-11.19566284123878,-1.7795471362905997,31.0,140.0,2023-09-13,2026-05-20
AMD,corridor_exit_down_L20_r200_b0bp,corridor_exit_down,favourable_now,"{""breakout_bps"": 0.0, ""direction"": ""down"", ""lookback"": 20, ""max_range_bps"": 200.0}",3,no_lower_price_in_next_h_observations,4,4,0.025806451612903226,0.0,0.3466666666666667,0.0,1.0,22.762223603768895,9.292617071883225,28.433953212000308,0.0033222591362126247,-41.64318478555501,-6.974102241557809,327.0,400.0,2024-05-07,2026-05-14
AMD,corridor_exit_down_L20_r200_b25bp,corridor_exit_down,favourable_now,"{""breakout_bps"": 25.0, ""direction"": ""down"", ""lookback"": 20, ""max_range_bps"": 200.0}",3,no_lower_price_in_next_h_observations,3,3,0.01935483870967742,0.0,0.35555555555555557,0.0,1.0,27.252092447730785,23.946188212011776,28.905044565590288,0.0033222591362126247,-45.89473684703415,-1.3404093610312748,368.5,727.0,2024-05-07,2026-05-14
AMD,corridor_exit_down_L20_r200_b50bp,corridor_exit_down,favourable_now,"{""breakout_bps"": 50.0, ""direction"": ""down"", ""lookback"": 20, ""max_range_bps"": 200.0}",3,no_lower_price_in_next_h_observations,1,1,0.0064516129032258064,0.0,0.37333333333333335,0.0,1.0,23.946188212011776,,,,-119.47245147216901,8.60701137363681,,,2026-05-14,2026-05-14
AMD,corridor_exit_down_L20_r400_b0bp,corridor_exit_down,favourable_now,"{""breakout_bps"": 0.0, ""direction"": ""down"", ""lookback"": 20, ""max_range_bps"": 400.0}",3,no_lower_price_in_next_h_observations,15,15,0.0967741935483871,0.3333333333333333,0.3502222222222222,0.9517766497461929,0.6378737541528239,32.65402720562801,6.468933014092278,58.21489858501982,0.006644518272425249,-15.002504902510282,-0.5108061437746096,48.0,297.0,2023-10-03,2026-05-19
AMD,corridor_exit_down_L20_r400_b25bp,corridor_exit_down,favourable_now,"{""breakout_bps"": 25.0, ""direction"": ""down"", ""lookback"": 20, ""max_range_bps"": 400.0}",3,no_lower_price_in_next_h_observations,14,14,0.09032258064516129,0.35714285714285715,0.3476190476190476,1.0273972602739727,0.5813953488372093,51.95798718824291,38.809345397529235,66.66471848492846,0.0033222591362126247,21.834374794595544,3.693890007449007,43.0,297.0,2023-10-04,2026-05-20
AMD,corridor_exit_down_L20_r400_b50bp,corridor_exit_down,favourable_now,"{""breakout_bps"": 50.0, ""direction"": ""down"", ""lookback"": 20, ""max_range_bps"": 400.0}",3,no_lower_price_in_next_h_observations,9,9,0.05806451612903226,0.2222222222222222,0.34851851851851856,0.6376195536663123,0.867109634551495,59.5349129278808,41.97574189147207,79.49204514027973,0.0033222591362126247,63.76095416965489,-2.6750089907655155,93.0,297.0,2023-10-04,2026-05-20
AMD,corridor_exit_down_L5_r100_b0bp,corridor_exit_down,favourable_now,"{""breakout_bps"": 0.0, ""direction"": ""down"", ""lookback"": 5, ""max_range_bps"": 100.0}",3,no_lower_price_in_next_h_observations,34,34,0.21935483870967742,0.17647058823529413,0.3491176470588236,0.5054759898904801,0.9900332225913622,13.031172405673054,-8.089716208621807,29.7260229672277,0.07308970099667775,-66.56246101958055,-0.2754538029460794,21.0,110.0,2023-09-22,2026-07-25
AMD,corridor_exit_down_L5_r100_b25bp,corridor_exit_down,favourable_now,"{""breakout_bps"": 25.0, ""direction"": ""down"", ""lookback"": 5, ""max_range_bps"": 100.0}",3,no_lower_price_in_next_h_observations,25,25,0.16129032258064516,0.24,0.35093333333333326,0.6838905775075989,0.9335548172757475,23.25148301754343,1.0603242684830763,43.97692311695982,0.013289036544850499,-66.48598259512138,-1.762059418974449,28.0,109.0,2023-09-23,2026-02-17
AMD,corridor_exit_down_L5_r100_b50bp,corridor_exit_down,favourable_now,"{""breakout_bps"": 50.0, ""direction"": ""down"", ""lookback"": 5, ""max_range_bps"": 100.0}",3,no_lower_price_in_next_h_observations,17,17,0.10967741935483871,0.23529411764705882,0.34705882352941175,0.6779661016949152,0.9102990033222591,24.429280304799818,-6.827541517260474,57.268463535926074,0.0664451827242525,-98.42420220706887,-2.9739866803244026,42.5,123.0,2023-10-03,2026-02-17
AMD,corridor_exit_down_L5_r200_b0bp,corridor_exit_down,favourable_now,"{""breakout_bps"": 0.0, ""direction"": ""down"", ""lookback"": 5, ""max_range_bps"": 200.0}",3,no_lower_price_in_next_h_observations,58,58,0.3741935483870968,0.1896551724137931,0.3449425287356322,0.5498167277574142,1.0,24.617951421540972,9.419590004190509,39.05721900099471,0.0033222591362126247,-59.45190776061445,-1.510038382493148,15.0,58.0,2023-09-12,2026-08-21
AMD,corridor_exit_down_L5_r200_b25bp,corridor_exit_down,favourable_now,"{""breakout_bps"": 25.0, ""direction"": ""down"", ""lookback"": 5, ""max_range_bps"": 200.0}",3,no_lower_price_in_next_h_observations,47,47,0.3032258064516129,0.2765957446808511,0.3527659574468085,0.7840772014475272,0.9036544850498339,36.69060620519097,17.61710333238561,52.056557194232305,0.0033222591362126247,-48.572408127863206,-0.6936138419495512,17.0,109.0,2023-09-13,2026-08-21
AMD,corridor_exit_down_L5_r200_b50bp,corridor_exit_down,favourable_now,"{""breakout_bps"": 50.0, ""direction"": ""down"", ""lookback"": 5, ""max_range_bps"": 200.0}",3,no_lower_price_in_next_h_observations,33,33,0.2129032258064516,0.21212121212121213,0.3475757575757576,0.6102877070619006,0.9767441860465116,39.485343083148976,16.202586804108915,62.645322254170985,0.0033222591362126247,-65.28195564670156,-1.8972982328630437,22.0,123.0,2023-09-13,2026-07-08
AMD,corridor_exit_down_L5_r400_b0bp,corridor_exit_down,favourable_now,"{""breakout_bps"": 0.0, ""direction"": ""down"", ""lookback"": 5, ""max_range_bps"": 400.0}",3,no_lower_price_in_next_h_observations,76,76,0.49032258064516127,0.25,0.3426315789473684,0.729646697388633,0.9700996677740864,42.10990086580137,21.86906033071463,64.7912571208623,0.0033222591362126247,-39.849468092086745,-1.3972132428523898,12.0,52.0,2023-09-12,2026-08-21
AMD,corridor_exit_down_L5_r400_b25bp,corridor_exit_down,favourable_now,"{""breakout_bps"": 25.0, ""direction"": ""down"", ""lookback"": 5, ""max_range_bps"": 400.0}",3,no_lower_price_in_next_h_observations,65,65,0.41935483870967744,0.3230769230769231,0.3425641025641026,0.9431137724550899,0.6976744186046512,52.07035102711891,28.077818290516603,76.92916185175808,0.0033222591362126247,-30.988262876476345,-3.31533942541865,11.5,92.0,2023-09-13,2026-08-21
AMD,corridor_exit_down_L5_r400_b50bp,corridor_exit_down,favourable_now,"{""breakout_bps"": 50.0, ""direction"": ""down"", ""lookback"": 5, ""max_range_bps"": 400.0}",3,no_lower_price_in_next_h_observations,49,49,0.3161290322580645,0.30612244897959184,0.3459863945578231,0.8847817538340543,0.7873754152823921,63.54657357751331,36.58852678538212,95.79765249311006,0.0033222591362126247,-32.831190356002246,-0.5373440612757325,14.5,123.0,2023-09-13,2026-07-08
AMD,corridor_exit_down_L5_r50_b0bp,corridor_exit_down,favourable_now,"{""breakout_bps"": 0.0, ""direction"": ""down"", ""lookback"": 5, ""max_range_bps"": 50.0}",3,no_lower_price_in_next_h_observations,14,14,0.09032258064516129,0.14285714285714285,0.3476190476190476,0.410958904109589,0.9933554817275747,1.2992008377853732,-33.02247558610153,36.34779230267862,0.4584717607973422,-106.06598208628311,-2.700424814178311,39.0,271.0,2023-09-30,2026-07-25
AMD,corridor_exit_down_L5_r50_b25bp,corridor_exit_down,favourable_now,"{""breakout_bps"": 25.0, ""direction"": ""down"", ""lookback"": 5, ""max_range_bps"": 50.0}",3,no_lower_price_in_next_h_observations,11,11,0.07096774193548387,0.2727272727272727,0.36393939393939395,0.7493755203996668,0.8239202657807309,27.92958491632686,-7.201763690835587,65.2494610843108,0.08970099667774087,-61.14631535624576,3.5548160582864163,57.5,269.0,2023-10-03,2025-11-14
AMD,corridor_exit_down_L5_r50_b50bp,corridor_exit_down,favourable_now,"{""breakout_bps"": 50.0, ""direction"": ""down"", ""lookback"": 5, ""max_range_bps"": 50.0}",3,no_lower_price_in_next_h_observations,7,7,0.04516129032258064,0.2857142857142857,0.3295238095238095,0.8670520231213873,0.7209302325581395,27.250864028714066,-25.448090181934337,87.61673072326573,0.2425249169435216,-97.63415331473655,-9.919837477729546,69.5,269.0,2023-10-03,2025-05-30
KGS,corridor_exit_down_L10_r100_b0bp,corridor_exit_down,favourable_now,"{""breakout_bps"": 0.0, ""direction"": ""down"", ""lookback"": 10, ""max_range_bps"": 100.0}",3,no_lower_price_in_next_h_observations,4,4,0.025806451612903226,0.0,0.3325,0.0,1.0,31.85418668996909,5.834756469175367,70.17862990244188,0.03986710963455149,-25.930234740539902,-2.7859371760873692,136.0,395.0,2024-05-21,2025-11-22
KGS,corridor_exit_down_L10_r100_b25bp,corridor_exit_down,favourable_now,"{""breakout_bps"": 25.0, ""direction"": ""down"", ""lookback"": 10, ""max_range_bps"": 100.0}",3,no_lower_price_in_next_h_observations,2,2,0.012903225806451613,0.0,0.33666666666666667,0.0,1.0,62.83524978982658,34.18488994829217,91.48560963136099,0.0033222591362126247,-23.675277943880914,-9.6461275717764,134.0,134.0,2025-07-11,2025-11-22
KGS,corridor_exit_down_L10_r100_b50bp,corridor_exit_down,favourable_now,"{""breakout_bps"": 50.0, ""direction"": ""down"", ""lookback"": 10, ""max_range_bps"": 100.0}",3,no_lower_price_in_next_h_observations,1,1,0.0064516129032258064,0.0,0.39666666666666667,0.0,1.0,91.48560963136099,,,,-54.478755719826744,-6.171710799120017,,,2025-11-22,2025-11-22
KGS,corridor_exit_down_L10_r200_b0bp,corridor_exit_down,favourable_now,"{""breakout_bps"": 0.0, ""direction"": ""down"", ""lookback"": 10, ""max_range_bps"": 200.0}",3,no_lower_price_in_next_h_observations,18,18,0.11612903225806452,0.2222222222222222,0.33870370370370373,0.656096227446692,0.9435215946843853,32.230252931601775,10.63878527894036,58.31688206918989,0.016611295681063124,-20.546866340817534,-5.369365699592078,41.0,261.0,2023-11-10,2026-05-08
KGS,corridor_exit_down_L10_r200_b25bp,corridor_exit_down,favourable_now,"{""breakout_bps"": 25.0, ""direction"": ""down"", ""lookback"": 10, ""max_range_bps"": 200.0}",3,no_lower_price_in_next_h_observations,14,14,0.09032258064516129,0.35714285714285715,0.3661904761904762,0.975292587776333,0.6345514950166113,57.90181329092115,25.83071047001067,85.60718901489554,0.0033222591362126247,28.583196149698754,-0.5056582682593961,51.0,268.0,2023-11-15,2026-05-09
KGS,corridor_exit_down_L10_r200_b50bp,corridor_exit_down,favourable_now,"{""breakout_bps"": 50.0, ""direction"": ""down"", ""lookback"": 10, ""max_range_bps"": 200.0}",3,no_lower_price_in_next_h_observations,12,12,0.07741935483870968,0.4166666666666667,0.36305555555555563,1.1476664116296862,0.45514950166112955,75.07832418416727,42.51236678379032,100.23299883697571,0.0033222591362126247,58.80703661372257,3.1985245277782304,62.0,268.0,2023-11-15,2026-05-13
KGS,corridor_exit_down_L10_r400_b0bp,corridor_exit_down,favourable_now,"{""breakout_bps"": 0.0, ""direction"": ""down"", ""lookback"": 10, ""max_range_bps"": 400.0}",3,no_lower_price_in_next_h_observations,39,39,0.25161290322580643,0.2564102564102564,0.34854700854700854,0.7356547327121137,0.9235880398671097,57.20126413473188,31.56344561538567,88.79023163617771,0.0033222591362126247,-9.528110928699405,-0.8469170297009146,19.5,112.0,2023-09-13,2026-05-15
KGS,corridor_exit_down_L10_r400_b25bp,corridor_exit_down,favourable_now,"{""breakout_bps"": 25.0, ""direction"": ""down"", ""lookback"": 10, ""max_range_bps"": 400.0}",3,no_lower_price_in_next_h_observations,34,34,0.21935483870967742,0.3235294117647059,0.3465686274509804,0.9335219236209336,0.7043189368770764,49.0665016897662,26.477633957939858,73.66066326021942,0.0033222591362126247,-6.728266599446239,-3.8026521797106443,25.0,112.0,2023-09-13,2026-05-19
KGS,corridor_exit_down_L10_r400_b50bp,corridor_exit_down,favourable_now,"{""breakout_bps"": 50.0, ""direction"": ""down"", ""lookback"": 10, ""max_range_bps"": 400.0}",3,no_lower_price_in_next_h_observations,27,27,0.17419354838709677,0.3333333333333333,0.34641975308641976,0.9622238061297219,0.6445182724252492,53.774650599444534,25.649851936311403,74.91289339047196,0.0033222591362126247,-6.805446395254685,-2.4787652877737334,28.5,140.0,2023-09-13,2026-05-19
KGS,corridor_exit_down_L20_r200_b0bp,corridor_exit_down,favourable_now,"{""breakout_bps"": 0.0, ""direction"": ""down"", ""lookback"": 20, ""max_range_bps"": 200.0}",3,no_lower_price_in_next_h_observations,2,2,0.012903225806451613,0.5,0.355,1.4084507042253522,0.5913621262458472,21.37746949885333,19.203844341677545,23.551094656029115,0.0033222591362126247,-16.2087227088753,-1.1306428455570021,15.0,15.0,2025-06-24,2025-07-09
KGS,corridor_exit_down_L20_r200_b25bp,corridor_exit_down,favourable_now,"{""breakout_bps"": 25.0, ""direction"": ""down"", ""lookback"": 20, ""max_range_bps"": 200.0}",3,no_lower_price_in_next_h_observations,1,1,0.0064516129032258064,0.0,0.33,0.0,1.0,34.18488994829217,,,,7.128199832064919,-13.506238975533856,,,2025-07-11,2025-07-11
KGS,corridor_exit_down_L20_r400_b0bp,corridor_exit_down,favourable_now,"{""breakout_bps"": 0.0, ""direction"": ""down"", ""lookback"": 20, ""max_range_bps"": 400.0}",3,no_lower_price_in_next_h_observations,16,16,0.1032258064516129,0.25,0.348125,0.718132854578097,0.8704318936877077,30.1502514950977,9.007882522444415,52.9475217637766,0.013289036544850499,-3.2125389091765992,-4.34535957912777,42.0,289.0,2024-01-11,2026-05-13
KGS,corridor_exit_down_L20_r400_b25bp,corridor_exit_down,favourable_now,"{""breakout_bps"": 25.0, ""direction"": ""down"", ""lookback"": 20, ""max_range_bps"": 400.0}",3,no_lower_price_in_next_h_observations,13,13,0.08387096774193549,0.3076923076923077,0.33615384615384614,0.9153318077803204,0.6644518272425249,40.56753684409796,21.420168023401022,61.650726955324146,0.0033222591362126247,27.574252286169514,-5.099922839547366,52.0,289.0,2024-01-11,2026-05-13
KGS,corridor_exit_down_L20_r400_b50bp,corridor_exit_down,favourable_now,"{""breakout_bps"": 50.0, ""direction"": ""down"", ""lookback"": 20, ""max_range_bps"": 400.0}",3,no_lower_price_in_next_h_observations,8,8,0.05161290322580645,0.25,0.3204166666666667,0.7802340702210663,0.8205980066445183,49.86600759545212,21.774730200508106,73.21441514019506,0.0033222591362126247,43.205663508675556,-15.792577287888838,138.0,289.0,2024-01-11,2026-05-13
KGS,corridor_exit_down_L5_r100_b0bp,corridor_exit_down,favourable_now,"{""breakout_bps"": 0.0, ""direction"": ""down"", ""lookback"": 5, ""max_range_bps"": 100.0}",3,no_lower_price_in_next_h_observations,34,34,0.21935483870967742,0.20588235294117646,0.34617647058823525,0.5947323704333051,0.973421926910299,16.285655243018567,2.739527874014338,29.714436617374904,0.0033222591362126247,-57.48049250646657,-3.1860287946082027,25.0,80.0,2023-09-22,2026-07-25
KGS,corridor_exit_down_L5_r100_b25bp,corridor_exit_down,favourable_now,"{""breakout_bps"": 25.0, ""direction"": ""down"", ""lookback"": 5, ""max_range_bps"": 100.0}",3,no_lower_price_in_next_h_observations,26,26,0.16774193548387098,0.2692307692307692,0.3516666666666667,0.7655851257746992,0.8803986710963455,35.183407590079895,14.983911583072445,55.21729565607301,0.0033222591362126247,-30.904460175973114,-0.9801402529716284,28.0,158.0,2023-10-21,2026-07-25
KGS,corridor_exit_down_L5_r100_b50bp,corridor_exit_down,favourable_now,"{""breakout_bps"": 50.0, ""direction"": ""down"", ""lookback"": 5, ""max_range_bps"": 100.0}",3,no_lower_price_in_next_h_observations,19,19,0.12258064516129032,0.3157894736842105,0.3387719298245614,0.9321595028482651,0.6578073089700996,45.62027001145555,24.371100443684917,66.85580333656198,0.0033222591362126247,-26.713205752230305,-6.798031554449576,29.5,189.0,2023-10-21,2026-02-17
KGS,corridor_exit_down_L5_r200_b0bp,corridor_exit_down,favourable_now,"{""breakout_bps"": 0.0, ""direction"": ""down"", ""lookback"": 5, ""max_range_bps"": 200.0}",3,no_lower_price_in_next_h_observations,56,56,0.36129032258064514,0.21428571428571427,0.34785714285714286,0.6160164271047227,0.9933554817275747,31.545107457938308,17.92679030011624,45.3309769966796,0.0033222591362126247,-52.756152450734135,-4.350305006535251,16.0,61.0,2023-09-12,2026-08-21
KGS,corridor_exit_down_L5_r200_b25bp,corridor_exit_down,favourable_now,"{""breakout_bps"": 25.0, ""direction"": ""down"", ""lookback"": 5, ""max_range_bps"": 200.0}",3,no_lower_price_in_next_h_observations,47,47,0.3032258064516129,0.23404255319148937,0.3466666666666667,0.6751227495908347,0.9601328903654485,39.07615979885896,21.988504593227844,53.82017719605047,0.0033222591362126247,-48.56282042117353,-5.389256505569435,17.0,109.0,2023-09-12,2026-08-21
KGS,corridor_exit_down_L5_r200_b50bp,corridor_exit_down,favourable_now,"{""breakout_bps"": 50.0, ""direction"": ""down"", ""lookback"": 5, ""max_range_bps"": 200.0}",3,no_lower_price_in_next_h_observations,40,40,0.25806451612903225,0.275,0.35316666666666663,0.7786691835771592,0.8770764119601329,51.18176445283551,33.74257419150293,66.22513991808584,0.0033222591362126247,-31.07201801757489,-1.6241184840668792,21.0,123.0,2023-09-13,2026-08-21
KGS,corridor_exit_down_L5_r400_b0bp,corridor_exit_down,favourable_now,"{""breakout_bps"": 0.0, ""direction"": ""down"", ""lookback"": 5, ""max_range_bps"": 400.0}",3,no_lower_price_in_next_h_observations,72,72,0.4645161290322581,0.20833333333333334,0.35208333333333336,0.591715976331361,0.9966777408637874,46.525735889935135,25.84015096489473,66.24795668384992,0.0033222591362126247,-39.024790680687516,-1.8489158518456141,13.0,49.0,2023-09-12,2026-08-21
KGS,corridor_exit_down_L5_r400_b25bp,corridor_exit_down,favourable_now,"{""breakout_bps"": 25.0, ""direction"": ""down"", ""lookback"": 5, ""max_range_bps"": 400.0}",3,no_lower_price_in_next_h_observations,63,63,0.4064516129032258,0.2698412698412698,0.34227513227513223,0.7883753284897203,0.9401993355481728,51.83210502745005,34.94506518921349,71.3263482117381,0.0033222591362126247,-27.27458591505824,-5.206334737577657,12.5,93.0,2023-09-12,2026-08-21
KGS,corridor_exit_down_L5_r400_b50bp,corridor_exit_down,favourable_now,"{""breakout_bps"": 50.0, ""direction"": ""down"", ""lookback"": 5, ""max_range_bps"": 400.0}",3,no_lower_price_in_next_h_observations,52,52,0.33548387096774196,0.28846153846153844,0.3478846153846154,0.8291873963515753,0.8737541528239202,53.253417729594844,38.22848756602084,69.44433751349308,0.0033222591362126247,-31.872380760825195,-2.5500977760660954,15.0,123.0,2023-09-13,2026-08-21
KGS,corridor_exit_down_L5_r50_b0bp,corridor_exit_down,favourable_now,"{""breakout_bps"": 0.0, ""direction"": ""down"", ""lookback"": 5, ""max_range_bps"": 50.0}",3,no_lower_price_in_next_h_observations,14,14,0.09032258064516129,0.2857142857142857,0.34785714285714286,0.8213552361396304,0.8039867109634552,26.5589226685879,-0.3586069214249695,51.46103581514942,0.019933554817275746,-18.148705537454386,-3.2842259937226848,61.0,245.0,2023-09-22,2026-07-25
KGS,corridor_exit_down_L5_r50_b25bp,corridor_exit_down,favourable_now,"{""breakout_bps"": 25.0, ""direction"": ""down"", ""lookback"": 5, ""max_range_bps"": 50.0}",3,no_lower_price_in_next_h_observations,11,11,0.07096774193548387,0.2727272727272727,0.3418181818181818,0.7978723404255319,0.8073089700996677,44.7743003891641,14.321171286635671,66.57110191732147,0.0033222591362126247,-3.550235392490893,-4.854124443199249,65.0,269.0,2023-10-21,2026-07-25
KGS,corridor_exit_down_L5_r50_b50bp,corridor_exit_down,favourable_now,"{""breakout_bps"": 50.0, ""direction"": ""down"", ""lookback"": 5, ""max_range_bps"": 50.0}",3,no_lower_price_in_next_h_observations,8,8,0.05161290322580645,0.375,0.36083333333333334,1.0392609699769053,0.6046511627906976,49.086028095145096,14.189901012684311,79.75332775769927,0.0033222591362126247,-26.074085917192626,2.314085408256941,58.0,269.0,2023-10-21,2025-11-22
KZT,corridor_exit_down_L10_r100_b0bp,corridor_exit_down,favourable_now,"{""breakout_bps"": 0.0, ""direction"": ""down"", ""lookback"": 10, ""max_range_bps"": 100.0}",3,no_lower_price_in_next_h_observations,1,1,0.0064516129032258064,0.0,0.33,0.0,1.0,-2.8270064197744027,,,,-56.82145670425909,-12.917177538182296,,,2024-04-25,2024-04-25
KZT,corridor_exit_down_L10_r100_b25bp,corridor_exit_down,favourable_now,"{""breakout_bps"": 25.0, ""direction"": ""down"", ""lookback"": 10, ""max_range_bps"": 100.0}",3,no_lower_price_in_next_h_observations,1,1,0.0064516129032258064,0.0,0.3933333333333333,0.0,1.0,22.979867323784653,,,,32.277801062758904,9.216527741460764,,,2024-04-26,2024-04-26
KZT,corridor_exit_down_L10_r200_b0bp,corridor_exit_down,favourable_now,"{""breakout_bps"": 0.0, ""direction"": ""down"", ""lookback"": 10, ""max_range_bps"": 200.0}",3,no_lower_price_in_next_h_observations,17,17,0.10967741935483871,0.11764705882352941,0.34431372549019607,0.3416856492027335,0.9900332225913622,22.030651352893393,1.699706464413021,42.43950587139271,0.019933554817275746,-77.04737466654957,1.7764493336609795,45.0,167.0,2024-01-12,2026-05-09
KZT,corridor_exit_down_L10_r200_b25bp,corridor_exit_down,favourable_now,"{""breakout_bps"": 25.0, ""direction"": ""down"", ""lookback"": 10, ""max_range_bps"": 200.0}",3,no_lower_price_in_next_h_observations,12,12,0.07741935483870968,0.08333333333333333,0.3244444444444444,0.2568493150684932,0.9900332225913622,34.044741910269074,8.74878218150495,59.90036536160046,0.013289036544850499,-98.20889133257997,-5.794165908680521,56.0,167.0,2024-01-12,2026-05-09
KZT,corridor_exit_down_L10_r200_b50bp,corridor_exit_down,favourable_now,"{""breakout_bps"": 50.0, ""direction"": ""down"", ""lookback"": 10, ""max_range_bps"": 200.0}",3,no_lower_price_in_next_h_observations,9,9,0.05806451612903226,0.0,0.30962962962962964,0.0,1.0,37.63449754457095,11.682797248887118,64.59120963213086,0.006644518272425249,-110.02881290016674,-6.735060763558411,78.5,246.0,2024-01-12,2026-04-10
KZT,corridor_exit_down_L10_r400_b0bp,corridor_exit_down,favourable_now,"{""breakout_bps"": 0.0, ""direction"": ""down"", ""lookback"": 10, ""max_range_bps"": 400.0}",3,no_lower_price_in_next_h_observations,42,42,0.2709677419354839,0.38095238095238093,0.3253968253968254,1.170731707317073,0.26245847176079734,67.93695274350043,40.70239902901458,98.5279889842999,0.0033222591362126247,-3.2759442221985093,-3.1596348979189446,21.0,82.0,2023-09-13,2026-05-30
KZT,corridor_exit_down_L10_r400_b25bp,corridor_exit_down,favourable_now,"{""breakout_bps"": 25.0, ""direction"": ""down"", ""lookback"": 10, ""max_range_bps"": 400.0}",3,no_lower_price_in_next_h_observations,35,35,0.22580645161290322,0.42857142857142855,0.3288571428571428,1.3032145960034753,0.16611295681063123,82.43480125942403,50.07763305163647,113.65611595521587,0.0033222591362126247,26.619451992735982,-2.2719088444066937,23.5,83.0,2023-09-13,2026-05-30
KZT,corridor_exit_down_L10_r400_b50bp,corridor_exit_down,favourable_now,"{""breakout_bps"": 50.0, ""direction"": ""down"", ""lookback"": 10, ""max_range_bps"": 400.0}",3,no_lower_price_in_next_h_observations,27,27,0.17419354838709677,0.3333333333333333,0.31641975308641973,1.0534529847834568,0.4950166112956811,82.41104739402124,47.42258340880279,123.05974841514005,0.0033222591362126247,-9.51140762667146,-5.428367597147162,29.5,140.0,2023-09-13,2026-05-30
KZT,corridor_exit_down_L20_r200_b0bp,corridor_exit_down,favourable_now,"{""breakout_bps"": 0.0, ""direction"": ""down"", ""lookback"": 20, ""max_range_bps"": 200.0}",3,no_lower_price_in_next_h_observations,1,1,0.0064516129032258064,0.0,0.2966666666666667,0.0,1.0,7.247407058070809,,,,-108.4544991140135,-31.478449658861162,,,2024-05-17,2024-05-17
KZT,corridor_exit_down_L20_r200_b25bp,corridor_exit_down,favourable_now,"{""breakout_bps"": 25.0, ""direction"": ""down"", ""lookback"": 20, ""max_range_bps"": 200.0}",3,no_lower_price_in_next_h_observations,1,1,0.0064516129032258064,0.0,0.35,0.0,1.0,7.247407058070809,,,,-108.4544991140135,3.9858489756688,,,2024-05-17,2024-05-17
KZT,corridor_exit_down_L20_r400_b0bp,corridor_exit_down,favourable_now,"{""breakout_bps"": 0.0, ""direction"": ""down"", ""lookback"": 20, ""max_range_bps"": 400.0}",3,no_lower_price_in_next_h_observations,14,14,0.09032258064516129,0.21428571428571427,0.3273809523809524,0.6545454545454545,0.893687707641196,46.69282271950443,25.08983387133137,72.52243712256002,0.0033222591362126247,-17.054823876501224,-3.76424545077918,52.0,178.0,2023-11-21,2026-05-15
KZT,corridor_exit_down_L20_r400_b25bp,corridor_exit_down,favourable_now,"{""breakout_bps"": 25.0, ""direction"": ""down"", ""lookback"": 20, ""max_range_bps"": 400.0}",3,no_lower_price_in_next_h_observations,13,13,0.08387096774193549,0.23076923076923078,0.3202564102564102,0.7205764611689353,0.8471760797342193,52.672483207036194,30.618310193528362,77.42313335783821,0.0033222591362126247,19.648573416836978,-4.164566785182224,57.0,182.0,2023-11-21,2026-05-15
KZT,corridor_exit_down_L20_r400_b50bp,corridor_exit_down,favourable_now,"{""breakout_bps"": 50.0, ""direction"": ""down"", ""lookback"": 20, ""max_range_bps"": 400.0}",3,no_lower_price_in_next_h_observations,12,12,0.07741935483870968,0.25,0.3338888888888889,0.7487520798668885,0.8106312292358804,57.20822893627704,36.76386814495032,85.57326832340313,0.0033222591362126247,11.356199440745078,-0.9513534544899592,62.0,191.0,2023-11-21,2026-05-15
KZT,corridor_exit_down_L5_r100_b0bp,corridor_exit_down,favourable_now,"{""breakout_bps"": 0.0, ""direction"": ""down"", ""lookback"": 5, ""max_range_bps"": 100.0}",3,no_lower_price_in_next_h_observations,34,34,0.21935483870967742,0.23529411764705882,0.33362745098039215,0.7052600646488393,0.9235880398671097,41.3749317538931,23.649476177748856,61.82003840364663,0.0033222591362126247,-22.323430638792114,-2.028646926178985,22.0,112.0,2023-09-12,2026-07-28
KZT,corridor_exit_down_L5_r100_b25bp,corridor_exit_down,favourable_now,"{""breakout_bps"": 25.0, ""direction"": ""down"", ""lookback"": 5, ""max_range_bps"": 100.0}",3,no_lower_price_in_next_h_observations,29,29,0.1870967741935484,0.27586206896551724,0.3244827586206897,0.8501594048884165,0.7574750830564784,64.81842335353446,46.531427752631714,84.23071150251025,0.0033222591362126247,-2.4952804240960713,-4.177744805459323,27.0,112.0,2023-09-12,2026-07-28
KZT,corridor_exit_down_L5_r100_b50bp,corridor_exit_down,favourable_now,"{""breakout_bps"": 50.0, ""direction"": ""down"", ""lookback"": 5, ""max_range_bps"": 100.0}",3,no_lower_price_in_next_h_observations,23,23,0.14838709677419354,0.30434782608695654,0.32971014492753625,0.9230769230769231,0.6843853820598007,72.40631518543898,51.6598547928175,88.58246760839583,0.0033222591362126247,1.0437776642121015,-2.6187406729603437,44.0,112.0,2023-09-12,2026-07-28
KZT,corridor_exit_down_L5_r200_b0bp,corridor_exit_down,favourable_now,"{""breakout_bps"": 0.0, ""direction"": ""down"", ""lookback"": 5, ""max_range_bps"": 200.0}",3,no_lower_price_in_next_h_observations,60,60,0.3870967741935484,0.26666666666666666,0.3214444444444445,0.829588662288282,0.8438538205980066,46.415052116212216,34.73178522603088,61.33587654036378,0.0033222591362126247,-17.141647411546373,-3.555985341620645,14.0,61.0,2023-09-12,2026-07-28
KZT,corridor_exit_down_L5_r200_b25bp,corridor_exit_down,favourable_now,"{""breakout_bps"": 25.0, ""direction"": ""down"", ""lookback"": 5, ""max_range_bps"": 200.0}",3,no_lower_price_in_next_h_observations,50,50,0.3225806451612903,0.28,0.3256666666666666,0.8597748208802459,0.8006644518272426,62.045947480510456,48.084989730328374,74.05288157564355,0.0033222591362126247,-6.044090794793891,-3.5990913235574724,18.0,61.0,2023-09-12,2026-07-28
KZT,corridor_exit_down_L5_r200_b50bp,corridor_exit_down,favourable_now,"{""breakout_bps"": 50.0, ""direction"": ""down"", ""lookback"": 5, ""max_range_bps"": 200.0}",3,no_lower_price_in_next_h_observations,42,42,0.2709677419354839,0.2619047619047619,0.3276190476190476,0.7994186046511629,0.8438538205980066,64.1353200027303,51.333154775987545,76.12856761785845,0.0033222591362126247,-24.797370926430236,-2.2667241029131433,20.0,81.0,2023-09-12,2026-07-28
KZT,corridor_exit_down_L5_r400_b0bp,corridor_exit_down,favourable_now,"{""breakout_bps"": 0.0, ""direction"": ""down"", ""lookback"": 5, ""max_range_bps"": 400.0}",3,no_lower_price_in_next_h_observations,75,75,0.4838709677419355,0.32,0.3189333333333333,1.0033444816053514,0.5481727574750831,62.257903609811144,44.428237849102814,87.69455153285088,0.0033222591362126247,-9.935652123445092,-4.926685426465827,10.5,49.0,2023-09-12,2026-07-28
KZT,corridor_exit_down_L5_r400_b25bp,corridor_exit_down,favourable_now,"{""breakout_bps"": 25.0, ""direction"": ""down"", ""lookback"": 5, ""max_range_bps"": 400.0}",3,no_lower_price_in_next_h_observations,65,65,0.41935483870967744,0.3384615384615385,0.32758974358974363,1.0331872260488415,0.4717607973421927,81.32845740678351,59.8353479854714,99.93645275718825,0.0033222591362126247,8.09378083890867,-1.9519414362171972,13.0,49.0,2023-09-12,2026-07-28
KZT,corridor_exit_down_L5_r400_b50bp,corridor_exit_down,favourable_now,"{""breakout_bps"": 50.0, ""direction"": ""down"", ""lookback"": 5, ""max_range_bps"": 400.0}",3,no_lower_price_in_next_h_observations,52,52,0.33548387096774196,0.3269230769230769,0.3243589743589744,1.007905138339921,0.5049833887043189,84.42109694609788,63.520834665570106,106.57452611585826,0.0033222591362126247,-6.583301018856366,-8.026063836454455,15.0,81.0,2023-09-12,2026-07-28
KZT,corridor_exit_down_L5_r50_b0bp,corridor_exit_down,favourable_now,"{""breakout_bps"": 0.0, ""direction"": ""down"", ""lookback"": 5, ""max_range_bps"": 50.0}",3,no_lower_price_in_next_h_observations,3,3,0.01935483870967742,0.0,0.31,0.0,1.0,22.423175919275007,2.585029252966109,42.368323552963716,0.0033222591362126247,-181.27839027965516,-10.350905460744704,449.5,634.0,2023-10-21,2026-04-07
KZT,corridor_exit_down_L5_r50_b25bp,corridor_exit_down,favourable_now,"{""breakout_bps"": 25.0, ""direction"": ""down"", ""lookback"": 5, ""max_range_bps"": 50.0}",3,no_lower_price_in_next_h_observations,3,3,0.01935483870967742,0.0,0.32111111111111107,0.0,1.0,22.423175919275007,2.585029252966109,42.368323552963716,0.0033222591362126247,-181.27839027965516,-6.772379138462753,449.5,634.0,2023-10-21,2026-04-07
KZT,corridor_exit_down_L5_r50_b50bp,corridor_exit_down,favourable_now,"{""breakout_bps"": 50.0, ""direction"": ""down"", ""lookback"": 5, ""max_range_bps"": 50.0}",3,no_lower_price_in_next_h_observations,3,3,0.01935483870967742,0.0,0.3233333333333333,0.0,1.0,22.423175919275007,5.709127321963258,42.368323552963716,0.0033222591362126247,-181.27839027965516,0.5799898953070707,449.5,634.0,2023-10-21,2026-04-07
TJS,corridor_exit_down_L10_r100_b0bp,corridor_exit_down,favourable_now,"{""breakout_bps"": 0.0, ""direction"": ""down"", ""lookback"": 10, ""max_range_bps"": 100.0}",3,no_lower_price_in_next_h_observations,4,4,0.025806451612903226,0.0,0.37583333333333335,0.0,1.0,25.307879220041738,-15.83209540183428,66.44785384191775,0.10631229235880399,-11.104179817070513,-1.5120441318182036,35.0,486.0,2024-05-22,2025-11-22
TJS,corridor_exit_down_L10_r100_b25bp,corridor_exit_down,favourable_now,"{""breakout_bps"": 25.0, ""direction"": ""down"", ""lookback"": 10, ""max_range_bps"": 100.0}",3,no_lower_price_in_next_h_observations,3,3,0.01935483870967742,0.0,0.3822222222222222,0.0,1.0,32.98596248877701,-33.937820217504466,86.00878692555777,0.17940199335548174,-0.3224737061598593,13.3330857908528,260.5,486.0,2024-06-19,2025-11-22
TJS,corridor_exit_down_L10_r100_b50bp,corridor_exit_down,favourable_now,"{""breakout_bps"": 50.0, ""direction"": ""down"", ""lookback"": 10, ""max_range_bps"": 100.0}",3,no_lower_price_in_next_h_observations,3,3,0.01935483870967742,0.0,0.3766666666666666,0.0,1.0,32.98596248877701,-33.937820217504466,95.07360957407451,0.15946843853820597,-0.3224737061598593,12.947591699830587,260.5,486.0,2024-06-19,2025-11-22
TJS,corridor_exit_down_L10_r200_b0bp,corridor_exit_down,favourable_now,"{""breakout_bps"": 0.0, ""direction"": ""down"", ""lookback"": 10, ""max_range_bps"": 200.0}",3,no_lower_price_in_next_h_observations,14,14,0.09032258064516129,0.07142857142857142,0.36785714285714277,0.19417475728155342,1.0,39.779239018780665,19.794163591808882,61.35555601859785,0.0033222591362126247,-39.82158804513707,2.055344714185523,40.0,398.0,2023-11-10,2026-05-13
TJS,corridor_exit_down_L10_r200_b25bp,corridor_exit_down,favourable_now,"{""breakout_bps"": 25.0, ""direction"": ""down"", ""lookback"": 10, ""max_range_bps"": 200.0}",3,no_lower_price_in_next_h_observations,13,13,0.08387096774193549,0.07692307692307693,0.3830769230769231,0.20080321285140562,0.9966777408637874,33.42302719994839,5.39406019275321,59.22729556700825,0.006644518272425249,-45.0255741665513,4.8279122989433025,45.5,398.0,2023-11-15,2026-05-13
TJS,corridor_exit_down_L10_r200_b50bp,corridor_exit_down,favourable_now,"{""breakout_bps"": 50.0, ""direction"": ""down"", ""lookback"": 10, ""max_range_bps"": 200.0}",3,no_lower_price_in_next_h_observations,12,12,0.07741935483870968,0.08333333333333333,0.3725,0.22371364653243847,0.9966777408637874,43.94194671014373,13.84813581126648,72.9716693695507,0.0033222591362126247,2.0247824715786478,3.749944985083972,51.0,398.0,2023-11-15,2026-05-13
TJS,corridor_exit_down_L10_r400_b0bp,corridor_exit_down,favourable_now,"{""breakout_bps"": 0.0, ""direction"": ""down"", ""lookback"": 10, ""max_range_bps"": 400.0}",3,no_lower_price_in_next_h_observations,38,38,0.24516129032258063,0.3157894736842105,0.3778947368421053,0.8356545961002785,0.8471760797342193,82.62130903042093,51.43038017764504,116.87529449413069,0.0033222591362126247,35.98905967705704,3.586373833661917,18.0,112.0,2023-09-13,2026-05-19
TJS,corridor_exit_down_L10_r400_b25bp,corridor_exit_down,favourable_now,"{""breakout_bps"": 25.0, ""direction"": ""down"", ""lookback"": 10, ""max_range_bps"": 400.0}",3,no_lower_price_in_next_h_observations,33,33,0.2129032258064516,0.3333333333333333,0.37707070707070706,0.8840075006697027,0.7807308970099668,73.35190731515229,36.67561292575265,110.89848716320132,0.006644518272425249,13.855342161402664,6.60553125910532,21.5,112.0,2023-09-13,2026-05-19
TJS,corridor_exit_down_L10_r400_b50bp,corridor_exit_down,favourable_now,"{""breakout_bps"": 50.0, ""direction"": ""down"", ""lookback"": 10, ""max_range_bps"": 400.0}",3,no_lower_price_in_next_h_observations,27,27,0.17419354838709677,0.3333333333333333,0.38123456790123456,0.8743523316062176,0.7906976744186046,64.59982212722066,23.530107206726004,100.49386662761773,0.0033222591362126247,11.200340701402654,3.8128713392949583,31.0,140.0,2023-09-13,2026-05-19
TJS,corridor_exit_down_L10_r50_b0bp,corridor_exit_down,favourable_now,"{""breakout_bps"": 0.0, ""direction"": ""down"", ""lookback"": 10, ""max_range_bps"": 50.0}",3,no_lower_price_in_next_h_observations,1,1,0.0064516129032258064,0.0,0.33,0.0,1.0,-33.937820217504466,,,,-161.8171601680851,-0.5839875056798117,,,2024-07-24,2024-07-24
TJS,corridor_exit_down_L10_r50_b25bp,corridor_exit_down,favourable_now,"{""breakout_bps"": 25.0, ""direction"": ""down"", ""lookback"": 10, ""max_range_bps"": 50.0}",3,no_lower_price_in_next_h_observations,1,1,0.0064516129032258064,0.0,0.36666666666666664,0.0,1.0,-33.937820217504466,,,,-161.8171601680851,5.093064055146054,,,2024-07-24,2024-07-24
TJS,corridor_exit_down_L10_r50_b50bp,corridor_exit_down,favourable_now,"{""breakout_bps"": 50.0, ""direction"": ""down"", ""lookback"": 10, ""max_range_bps"": 50.0}",3,no_lower_price_in_next_h_observations,1,1,0.0064516129032258064,0.0,0.3466666666666667,0.0,1.0,-33.937820217504466,,,,-161.8171601680851,-17.276436029832407,,,2024-07-24,2024-07-24
TJS,corridor_exit_down_L20_r200_b0bp,corridor_exit_down,favourable_now,"{""breakout_bps"": 0.0, ""direction"": ""down"", ""lookback"": 20, ""max_range_bps"": 200.0}",3,no_lower_price_in_next_h_observations,1,1,0.0064516129032258064,0.0,0.36666666666666664,0.0,1.0,24.60763470912175,,,,-122.94522514017525,12.46150203582353,,,2026-05-14,2026-05-14
TJS,corridor_exit_down_L20_r200_b25bp,corridor_exit_down,favourable_now,"{""breakout_bps"": 25.0, ""direction"": ""down"", ""lookback"": 20, ""max_range_bps"": 200.0}",3,no_lower_price_in_next_h_observations,1,1,0.0064516129032258064,0.0,0.38,0.0,1.0,24.60763470912175,,,,-122.94522514017525,1.5854129393951932,,,2026-05-14,2026-05-14
TJS,corridor_exit_down_L20_r200_b50bp,corridor_exit_down,favourable_now,"{""breakout_bps"": 50.0, ""direction"": ""down"", ""lookback"": 20, ""max_range_bps"": 200.0}",3,no_lower_price_in_next_h_observations,1,1,0.0064516129032258064,0.0,0.36333333333333334,0.0,1.0,24.60763470912175,,,,-122.94522514017525,9.133552011056418,,,2026-05-14,2026-05-14
TJS,corridor_exit_down_L20_r400_b0bp,corridor_exit_down,favourable_now,"{""breakout_bps"": 0.0, ""direction"": ""down"", ""lookback"": 20, ""max_range_bps"": 400.0}",3,no_lower_price_in_next_h_observations,15,15,0.0967741935483871,0.3333333333333333,0.38,0.8771929824561403,0.7475083056478405,45.926074657173686,21.808808225271854,76.79319479408579,0.013289036544850499,33.25390321520904,4.161425529986562,45.0,386.0,2024-01-11,2026-05-19
TJS,corridor_exit_down_L20_r400_b25bp,corridor_exit_down,favourable_now,"{""breakout_bps"": 25.0, ""direction"": ""down"", ""lookback"": 20, ""max_range_bps"": 400.0}",3,no_lower_price_in_next_h_observations,10,10,0.06451612903225806,0.3,0.377,0.7957559681697612,0.7940199335548173,47.57978631190973,17.48522217426399,91.83129320099681,0.019933554817275746,40.215359193641156,5.972053641667089,55.0,484.0,2024-01-12,2026-05-20
TJS,corridor_exit_down_L20_r400_b50bp,corridor_exit_down,favourable_now,"{""breakout_bps"": 50.0, ""direction"": ""down"", ""lookback"": 20, ""max_range_bps"": 400.0}",3,no_lower_price_in_next_h_observations,6,6,0.03870967741935484,0.16666666666666666,0.3688888888888889,0.45180722891566266,0.9368770764119602,72.54214511771512,26.485556385419013,133.08714144700585,0.0033222591362126247,88.10990139396974,0.4132644394905732,137.0,484.0,2024-01-12,2026-05-20
TJS,corridor_exit_down_L5_r100_b0bp,corridor_exit_down,favourable_now,"{""breakout_bps"": 0.0, ""direction"": ""down"", ""lookback"": 5, ""max_range_bps"": 100.0}",3,no_lower_price_in_next_h_observations,32,32,0.2064516129032258,0.15625,0.3773958333333333,0.41402152911951423,0.9966777408637874,14.331840746907886,3.0381609704717243,25.241358464606098,0.006644518272425249,-60.056632403913895,4.468572242050294,22.0,112.0,2023-09-22,2026-07-25
TJS,corridor_exit_down_L5_r100_b25bp,corridor_exit_down,favourable_now,"{""breakout_bps"": 25.0, ""direction"": ""down"", ""lookback"": 5, ""max_range_bps"": 100.0}",3,no_lower_price_in_next_h_observations,25,25,0.16129032258064516,0.2,0.3794666666666667,0.5270555165144062,0.9933554817275747,18.86253645123466,2.490966428730198,38.24376222760568,0.03322259136212625,-64.65694832821774,5.985913179247335,31.5,109.0,2023-10-21,2026-07-25
TJS,corridor_exit_down_L5_r100_b50bp,corridor_exit_down,favourable_now,"{""breakout_bps"": 50.0, ""direction"": ""down"", ""lookback"": 5, ""max_range_bps"": 100.0}",3,no_lower_price_in_next_h_observations,17,17,0.10967741935483871,0.23529411764705882,0.37745098039215685,0.6233766233766234,0.9302325581395349,31.795772194477724,8.31442961809878,52.020538232529525,0.006644518272425249,-30.792063788039567,7.3638765239786546,39.5,168.0,2023-10-21,2026-01-17
TJS,corridor_exit_down_L5_r200_b0bp,corridor_exit_down,favourable_now,"{""breakout_bps"": 0.0, ""direction"": ""down"", ""lookback"": 5, ""max_range_bps"": 200.0}",3,no_lower_price_in_next_h_observations,53,53,0.3419354838709677,0.22641509433962265,0.3813207547169812,0.5937654626422563,1.0,26.001221861209636,9.951488374610271,41.395834574091666,0.006644518272425249,-61.51893832344802,6.77004101293645,16.5,60.0,2023-09-12,2026-08-21
TJS,corridor_exit_down_L5_r200_b25bp,corridor_exit_down,favourable_now,"{""breakout_bps"": 25.0, ""direction"": ""down"", ""lookback"": 5, ""max_range_bps"": 200.0}",3,no_lower_price_in_next_h_observations,44,44,0.2838709677419355,0.25,0.3837121212121212,0.6515301085883514,0.9833887043189369,37.36527724554517,19.561733240839057,55.081539608658666,0.0033222591362126247,-51.283293190078986,7.124677426384654,18.0,109.0,2023-09-13,2026-08-21
TJS,corridor_exit_down_L5_r200_b50bp,corridor_exit_down,favourable_now,"{""breakout_bps"": 50.0, ""direction"": ""down"", ""lookback"": 5, ""max_range_bps"": 200.0}",3,no_lower_price_in_next_h_observations,38,38,0.24516129032258063,0.3157894736842105,0.37412280701754386,0.8440797186400938,0.840531561461794,56.24746067521587,35.68718082384373,74.59858903692277,0.0033222591362126247,-13.432103044260206,4.300650623255465,21.0,109.0,2023-09-13,2026-07-08
TJS,corridor_exit_down_L5_r400_b0bp,corridor_exit_down,favourable_now,"{""breakout_bps"": 0.0, ""direction"": ""down"", ""lookback"": 5, ""max_range_bps"": 400.0}",3,no_lower_price_in_next_h_observations,66,66,0.4258064516129032,0.25757575757575757,0.3761111111111111,0.6848395326977306,0.9767441860465116,43.42559905622108,21.991835096784918,71.29324171245844,0.013289036544850499,-36.23177094912187,4.90042269033973,12.0,60.0,2023-09-12,2026-08-21
TJS,corridor_exit_down_L5_r400_b25bp,corridor_exit_down,favourable_now,"{""breakout_bps"": 25.0, ""direction"": ""down"", ""lookback"": 5, ""max_range_bps"": 400.0}",3,no_lower_price_in_next_h_observations,57,57,0.36774193548387096,0.2982456140350877,0.3811695906432748,0.7824486038662166,0.9501661129568106,54.444769114483,28.44437631120522,80.64207270738376,0.0033222591362126247,-23.23248333854,7.033845685247594,13.5,109.0,2023-09-13,2026-08-21
TJS,corridor_exit_down_L5_r400_b50bp,corridor_exit_down,favourable_now,"{""breakout_bps"": 50.0, ""direction"": ""down"", ""lookback"": 5, ""max_range_bps"": 400.0}",3,no_lower_price_in_next_h_observations,47,47,0.3032258064516129,0.3617021276595745,0.37822695035460996,0.956309769360585,0.6777408637873754,61.887258542552,43.093753053696204,82.01357855238868,0.0033222591362126247,-1.7906322691402592,4.10510492820815,16.5,109.0,2023-09-13,2026-07-08
TJS,corridor_exit_down_L5_r50_b0bp,corridor_exit_down,favourable_now,"{""breakout_bps"": 0.0, ""direction"": ""down"", ""lookback"": 5, ""max_range_bps"": 50.0}",3,no_lower_price_in_next_h_observations,12,12,0.07741935483870968,0.25,0.3672222222222222,0.680786686838124,0.8704318936877077,15.60691896778904,-14.41428524103625,52.30837935609229,0.19933554817275748,-45.65810466839172,-1.040182738068943,58.0,314.0,2023-10-21,2026-07-25
TJS,corridor_exit_down_L5_r50_b25bp,corridor_exit_down,favourable_now,"{""breakout_bps"": 25.0, ""direction"": ""down"", ""lookback"": 5, ""max_range_bps"": 50.0}",3,no_lower_price_in_next_h_observations,8,8,0.05161290322580645,0.375,0.37375,1.0033444816053512,0.6345514950166113,31.87568656898662,-0.4850804538676073,66.88305538703561,0.036544850498338874,-28.124177026709745,5.456980329381036,69.0,478.0,2023-10-21,2026-07-25
TJS,corridor_exit_down_L5_r50_b50bp,corridor_exit_down,favourable_now,"{""breakout_bps"": 50.0, ""direction"": ""down"", ""lookback"": 5, ""max_range_bps"": 50.0}",3,no_lower_price_in_next_h_observations,5,5,0.03225806451612903,0.4,0.36333333333333334,1.1009174311926606,0.5946843853820598,31.20854499479564,-16.572167284019557,80.42465706219076,0.132890365448505,-76.12685390965356,0.5967840362205902,133.0,478.0,2023-10-21,2025-11-14
UZS,corridor_exit_down_L10_r100_b0bp,corridor_exit_down,favourable_now,"{""breakout_bps"": 0.0, ""direction"": ""down"", ""lookback"": 10, ""max_range_bps"": 100.0}",3,no_lower_price_in_next_h_observations,3,3,0.01935483870967742,0.0,0.331111111111111,0.0,1.0,6.409432880688887,-51.78847567835376,58.93876197148762,0.4318936877076412,-111.122205000936,-15.788037458717287,299.5,486.0,2024-04-02,2025-11-22
UZS,corridor_exit_down_L10_r100_b25bp,corridor_exit_down,favourable_now,"{""breakout_bps"": 25.0, ""direction"": ""down"", ""lookback"": 10, ""max_range_bps"": 100.0}",3,no_lower_price_in_next_h_observations,2,2,0.012903225806451613,0.5,0.3433333333333333,1.4563106796116505,0.5780730897009967,41.51215031490297,24.085538658318306,58.93876197148762,0.0033222591362126247,-15.757365404976962,-2.4241270833448105,596.0,596.0,2024-04-05,2025-11-22
UZS,corridor_exit_down_L10_r100_b50bp,corridor_exit_down,favourable_now,"{""breakout_bps"": 50.0, ""direction"": ""down"", ""lookback"": 10, ""max_range_bps"": 100.0}",3,no_lower_price_in_next_h_observations,1,1,0.0064516129032258064,0.0,0.41333333333333333,0.0,1.0,58.93876197148762,,,,-72.9885187446766,36.92421814970333,,,2025-11-22,2025-11-22
UZS,corridor_exit_down_L10_r200_b0bp,corridor_exit_down,favourable_now,"{""breakout_bps"": 0.0, ""direction"": ""down"", ""lookback"": 10, ""max_range_bps"": 200.0}",3,no_lower_price_in_next_h_observations,17,17,0.10967741935483871,0.35294117647058826,0.3545098039215686,0.9955752212389382,0.6046511627906976,34.91323894021749,14.328274981288871,60.7023743598705,0.0033222591362126247,-19.761950442224567,-0.13485783313395777,35.0,213.0,2023-11-09,2026-05-08
UZS,corridor_exit_down_L10_r200_b25bp,corridor_exit_down,favourable_now,"{""breakout_bps"": 25.0, ""direction"": ""down"", ""lookback"": 10, ""max_range_bps"": 200.0}",3,no_lower_price_in_next_h_observations,15,15,0.0967741935483871,0.3333333333333333,0.3628888888888889,0.9185548071034904,0.717607973421927,36.244221237040854,15.128515891028922,57.846964625310754,0.0033222591362126247,-18.914003541023575,-1.5237360637889434,38.5,261.0,2023-11-09,2026-05-08
UZS,corridor_exit_down_L10_r200_b50bp,corridor_exit_down,favourable_now,"{""breakout_bps"": 50.0, ""direction"": ""down"", ""lookback"": 10, ""max_range_bps"": 200.0}",3,no_lower_price_in_next_h_observations,9,9,0.05806451612903226,0.3333333333333333,0.3451851851851852,0.965665236051502,0.6677740863787376,38.92708538403029,13.815098406537354,67.89204272877907,0.013289036544850499,-24.710953898136417,-5.503922601755598,58.0,268.0,2024-03-01,2026-05-08
UZS,corridor_exit_down_L10_r400_b0bp,corridor_exit_down,favourable_now,"{""breakout_bps"": 0.0, ""direction"": ""down"", ""lookback"": 10, ""max_range_bps"": 400.0}",3,no_lower_price_in_next_h_observations,39,39,0.25161290322580643,0.2564102564102564,0.35777777777777775,0.716674629718108,0.9368770764119602,50.96201034656233,23.618534407362542,84.85356448635437,0.009966777408637873,-12.355380722488539,-1.2672857347236666,20.0,78.0,2023-09-13,2026-05-19
UZS,corridor_exit_down_L10_r400_b25bp,corridor_exit_down,favourable_now,"{""breakout_bps"": 25.0, ""direction"": ""down"", ""lookback"": 10, ""max_range_bps"": 400.0}",3,no_lower_price_in_next_h_observations,33,33,0.2129032258064516,0.30303030303030304,0.3631313131313132,0.834492350486787,0.8106312292358804,49.92330078733138,29.390758421107616,68.90068645912383,0.0033222591362126247,-22.278360749388234,0.7761262042153857,27.0,112.0,2023-09-13,2026-05-19
UZS,corridor_exit_down_L10_r400_b50bp,corridor_exit_down,favourable_now,"{""breakout_bps"": 50.0, ""direction"": ""down"", ""lookback"": 10, ""max_range_bps"": 400.0}",3,no_lower_price_in_next_h_observations,26,26,0.16774193548387098,0.3076923076923077,0.36423076923076925,0.8447729672650476,0.7940199335548173,43.102217642431725,12.443270920707953,69.32786418733514,0.0033222591362126247,-46.958928378953686,0.8045098675195951,31.0,140.0,2023-09-13,2026-05-19
UZS,corridor_exit_down_L20_r400_b0bp,corridor_exit_down,favourable_now,"{""breakout_bps"": 0.0, ""direction"": ""down"", ""lookback"": 20, ""max_range_bps"": 400.0}",3,no_lower_price_in_next_h_observations,16,16,0.1032258064516129,0.3125,0.35354166666666664,0.8839127872716559,0.7109634551495017,23.010871257522076,0.0937702892955472,47.76126583452409,0.036544850498338874,-23.22553570370374,-3.2242795319286017,26.0,289.0,2024-03-07,2026-05-19
UZS,corridor_exit_down_L20_r400_b25bp,corridor_exit_down,favourable_now,"{""breakout_bps"": 25.0, ""direction"": ""down"", ""lookback"": 20, ""max_range_bps"": 400.0}",3,no_lower_price_in_next_h_observations,13,13,0.08387096774193549,0.3076923076923077,0.3512820512820513,0.875912408759124,0.7475083056478405,28.70984569806774,6.540666264249367,53.96384945398012,0.016611295681063124,-14.918503761893488,-5.66943335817676,36.5,338.0,2024-03-07,2026-05-19
UZS,corridor_exit_down_L20_r400_b50bp,corridor_exit_down,favourable_now,"{""breakout_bps"": 50.0, ""direction"": ""down"", ""lookback"": 20, ""max_range_bps"": 400.0}",3,no_lower_price_in_next_h_observations,9,9,0.05806451612903226,0.3333333333333333,0.3592592592592592,0.9278350515463918,0.6976744186046512,37.98865538061598,14.074104028814867,67.23977536465502,0.009966777408637873,24.30053670237409,4.145296790484534,63.5,345.0,2024-03-07,2026-05-19
UZS,corridor_exit_down_L5_r100_b0bp,corridor_exit_down,favourable_now,"{""breakout_bps"": 0.0, ""direction"": ""down"", ""lookback"": 5, ""max_range_bps"": 100.0}",3,no_lower_price_in_next_h_observations,32,32,0.2064516129032258,0.1875,0.3542708333333333,0.5292561011467216,0.9900332225913622,5.746433592538625,-7.419487679751536,15.968664940458877,0.13953488372093023,-86.22555916273929,-2.9085358704451294,20.0,176.0,2023-09-22,2026-05-19
UZS,corridor_exit_down_L5_r100_b25bp,corridor_exit_down,favourable_now,"{""breakout_bps"": 25.0, ""direction"": ""down"", ""lookback"": 5, ""max_range_bps"": 100.0}",3,no_lower_price_in_next_h_observations,25,25,0.16129032258064516,0.16,0.34813333333333335,0.4595940252776714,0.9966777408637874,8.761310598238527,-9.17106932029482,24.921742922241727,0.16943521594684385,-106.67280381614512,-5.14511912718034,30.0,176.0,2023-10-21,2026-05-19
UZS,corridor_exit_down_L5_r100_b50bp,corridor_exit_down,favourable_now,"{""breakout_bps"": 50.0, ""direction"": ""down"", ""lookback"": 5, ""max_range_bps"": 100.0}",3,no_lower_price_in_next_h_observations,17,17,0.10967741935483871,0.17647058823529413,0.35725490196078424,0.49396267837541175,0.9700996677740864,20.415745199985604,5.492577011612902,36.495729272765104,0.019933554817275746,-91.12507019312041,-1.6043532764218265,39.0,189.0,2023-10-21,2026-05-19
UZS,corridor_exit_down_L5_r200_b0bp,corridor_exit_down,favourable_now,"{""breakout_bps"": 0.0, ""direction"": ""down"", ""lookback"": 5, ""max_range_bps"": 200.0}",3,no_lower_price_in_next_h_observations,59,59,0.38064516129032255,0.288135593220339,0.3596610169491526,0.8011310084825636,0.9036544850498339,32.86010998794516,17.780647574219135,50.14961866248467,0.0033222591362126247,-32.90363780255849,0.09648478839811683,12.5,61.0,2023-09-12,2026-08-22
UZS,corridor_exit_down_L5_r200_b25bp,corridor_exit_down,favourable_now,"{""breakout_bps"": 25.0, ""direction"": ""down"", ""lookback"": 5, ""max_range_bps"": 200.0}",3,no_lower_price_in_next_h_observations,48,48,0.3096774193548387,0.2916666666666667,0.3575,0.815850815850816,0.8438538205980066,42.28395324126449,21.40491451041618,60.675737110442334,0.0033222591362126247,-27.420801589011575,-0.08531019334455962,18.0,63.0,2023-09-12,2026-08-22
UZS,corridor_exit_down_L5_r200_b50bp,corridor_exit_down,favourable_now,"{""breakout_bps"": 50.0, ""direction"": ""down"", ""lookback"": 5, ""max_range_bps"": 200.0}",3,no_lower_price_in_next_h_observations,37,37,0.23870967741935484,0.32432432432432434,0.3570270270270271,0.9084027252081754,0.7275747508305648,54.34161888306473,30.919991662955763,77.88529453056636,0.0033222591362126247,-25.637156527904427,-1.366654232584613,27.0,112.0,2023-09-13,2026-08-22
UZS,corridor_exit_down_L5_r400_b0bp,corridor_exit_down,favourable_now,"{""breakout_bps"": 0.0, ""direction"": ""down"", ""lookback"": 5, ""max_range_bps"": 400.0}",3,no_lower_price_in_next_h_observations,78,78,0.5032258064516129,0.2948717948717949,0.3553418803418804,0.8298256163559831,0.9036544850498339,44.14411445777549,22.4474016798862,66.94359593408835,0.0033222591362126247,-30.01560867019646,-1.9968222646081624,11.0,47.0,2023-09-12,2026-08-22
UZS,corridor_exit_down_L5_r400_b25bp,corridor_exit_down,favourable_now,"{""breakout_bps"": 25.0, ""direction"": ""down"", ""lookback"": 5, ""max_range_bps"": 400.0}",3,no_lower_price_in_next_h_observations,63,63,0.4064516129032258,0.25396825396825395,0.3539153439153439,0.7175960532217073,0.9667774086378738,43.91086958958502,25.628805809034695,59.415545790263955,0.0033222591362126247,-41.12042338788003,-3.6384341962232263,13.0,54.0,2023-09-12,2026-08-22
UZS,corridor_exit_down_L5_r400_b50bp,corridor_exit_down,favourable_now,"{""breakout_bps"": 50.0, ""direction"": ""down"", ""lookback"": 5, ""max_range_bps"": 400.0}",3,no_lower_price_in_next_h_observations,53,53,0.3419354838709677,0.3018867924528302,0.359748427672956,0.8391608391608391,0.8604651162790697,55.56320321550741,36.43471462950251,74.00038092310332,0.0033222591362126247,-33.906660640227855,-1.0465794844273817,16.5,93.0,2023-09-13,2026-08-22
UZS,corridor_exit_down_L5_r50_b0bp,corridor_exit_down,favourable_now,"{""breakout_bps"": 0.0, ""direction"": ""down"", ""lookback"": 5, ""max_range_bps"": 50.0}",3,no_lower_price_in_next_h_observations,9,9,0.05806451612903226,0.2222222222222222,0.36333333333333334,0.6116207951070336,0.8837209302325582,7.916080513163454,-13.222032764337616,30.54140213553953,0.2292358803986711,-80.34989214290775,1.6110724166401689,53.5,273.0,2023-10-21,2025-12-02
UZS,corridor_exit_down_L5_r50_b25bp,corridor_exit_down,favourable_now,"{""breakout_bps"": 25.0, ""direction"": ""down"", ""lookback"": 5, ""max_range_bps"": 50.0}",3,no_lower_price_in_next_h_observations,8,8,0.05161290322580645,0.25,0.3525,0.7092198581560284,0.8239202657807309,16.85074925815183,0.21221437986543756,36.616845153912884,0.059800664451827246,-55.78207325857856,-5.6851392795338,67.0,269.0,2023-10-21,2025-12-02
UZS,corridor_exit_down_L5_r50_b50bp,corridor_exit_down,favourable_now,"{""breakout_bps"": 50.0, ""direction"": ""down"", ""lookback"": 5, ""max_range_bps"": 50.0}",3,no_lower_price_in_next_h_observations,4,4,0.025806451612903226,0.25,0.3325,0.7518796992481203,0.7973421926910299,28.049785389639702,-2.131416265636621,58.23098704491602,0.04318936877076412,-85.73170876503832,-7.320683020182416,269.0,318.0,2023-10-21,2025-12-02
AMD,corridor_exit_up_L10_r100_b0bp,corridor_exit_up,window_closing,"{""breakout_bps"": 0.0, ""direction"": ""up"", ""lookback"": 10, ""max_range_bps"": 100.0}",3,rub_per_unit_at_T_plus_h_is_higher_than_at_T,4,4,0.025806451612903226,0.5,0.5016666666666667,0.9966777408637874,0.6943521594684385,0.07521420511552623,-16.71144727805496,27.788877552470392,0.4119601328903654,56.216540340162105,5.639339084421073,42.0,352.0,2024-07-17,2025-09-04
AMD,corridor_exit_up_L10_r100_b25bp,corridor_exit_up,window_closing,"{""breakout_bps"": 25.0, ""direction"": ""up"", ""lookback"": 10, ""max_range_bps"": 100.0}",3,rub_per_unit_at_T_plus_h_is_higher_than_at_T,2,2,0.012903225806451613,1.0,0.46166666666666667,2.1660649819494586,0.20930232558139536,31.765232696472356,11.49267786782815,52.03778752511656,0.0033222591362126247,321.75673193797104,-5.209352796103673,42.0,42.0,2025-07-25,2025-09-05
AMD,corridor_exit_up_L10_r100_b50bp,corridor_exit_up,window_closing,"{""breakout_bps"": 50.0, ""direction"": ""up"", ""lookback"": 10, ""max_range_bps"": 100.0}",3,rub_per_unit_at_T_plus_h_is_higher_than_at_T,2,2,0.012903225806451613,1.0,0.4716666666666667,2.1201413427561837,0.20930232558139536,31.765232696472356,11.49267786782815,52.03778752511656,0.0033222591362126247,321.75673193797104,-10.669134759140052,42.0,42.0,2025-07-25,2025-09-05
AMD,corridor_exit_up_L10_r200_b0bp,corridor_exit_up,window_closing,"{""breakout_bps"": 0.0, ""direction"": ""up"", ""lookback"": 10, ""max_range_bps"": 200.0}",3,rub_per_unit_at_T_plus_h_is_higher_than_at_T,23,23,0.14838709677419354,0.6956521739130435,0.5,1.391304347826087,0.036544850498338874,1.7100811742945654,-14.261952706654194,16.413380154158137,0.42524916943521596,87.27860679843604,0.7286186987967751,24.5,224.0,2023-12-02,2026-07-29
AMD,corridor_exit_up_L10_r200_b25bp,corridor_exit_up,window_closing,"{""breakout_bps"": 25.0, ""direction"": ""up"", ""lookback"": 10, ""max_range_bps"": 200.0}",3,rub_per_unit_at_T_plus_h_is_higher_than_at_T,18,18,0.11612903225806452,0.7777777777777778,0.4894444444444444,1.5891032917139616,0.009966777408637873,1.1854926598162423,-15.566040707639505,17.425773629834545,0.4717607973421927,135.3655368607,-2.9612636988464414,30.0,245.0,2023-12-02,2026-07-30
AMD,corridor_exit_up_L10_r200_b50bp,corridor_exit_up,window_closing,"{""breakout_bps"": 50.0, ""direction"": ""up"", ""lookback"": 10, ""max_range_bps"": 200.0}",3,rub_per_unit_at_T_plus_h_is_higher_than_at_T,13,13,0.08387096774193549,0.6923076923076923,0.5128205128205129,1.3499999999999999,0.18272425249169436,-14.618801669616762,-34.86000711539526,8.85312542533033,0.9269102990033222,119.9837700627452,3.001602857282164,55.0,252.0,2023-12-02,2026-07-30
AMD,corridor_exit_up_L10_r400_b0bp,corridor_exit_up,window_closing,"{""breakout_bps"": 0.0, ""direction"": ""up"", ""lookback"": 10, ""max_range_bps"": 400.0}",3,rub_per_unit_at_T_plus_h_is_higher_than_at_T,47,47,0.3032258064516129,0.6595744680851063,0.5005673758865248,1.3176537262680645,0.026578073089700997,-22.501932459168007,-41.5767858227697,-5.715098747949386,0.9867109634551495,52.449514159525975,-0.522243579813494,13.0,87.0,2023-09-07,2026-08-28
AMD,corridor_exit_up_L10_r400_b25bp,corridor_exit_up,window_closing,"{""breakout_bps"": 25.0, ""direction"": ""up"", ""lookback"": 10, ""max_range_bps"": 400.0}",3,rub_per_unit_at_T_plus_h_is_higher_than_at_T,34,34,0.21935483870967742,0.7352941176470589,0.5001960784313725,1.470011760094081,0.006644518272425249,-21.79281466920656,-41.19841549299936,-3.6210319063292595,0.9800664451827242,88.90239182730043,0.17000675902992118,20.0,121.0,2023-09-07,2026-08-28
AMD,corridor_exit_up_L10_r400_b50bp,corridor_exit_up,window_closing,"{""breakout_bps"": 50.0, ""direction"": ""up"", ""lookback"": 10, ""max_range_bps"": 400.0}",3,rub_per_unit_at_T_plus_h_is_higher_than_at_T,29,29,0.1870967741935484,0.7586206896551724,0.505632183908046,1.5003409865878607,0.0033222591362126247,-32.00267437929193,-50.71676746128581,-12.350552659710809,1.0,100.51428412751176,2.0186913806507314,23.0,129.0,2023-09-06,2026-08-28
AMD,corridor_exit_up_L20_r200_b0bp,corridor_exit_up,window_closing,"{""breakout_bps"": 0.0, ""direction"": ""up"", ""lookback"": 20, ""max_range_bps"": 200.0}",3,rub_per_unit_at_T_plus_h_is_higher_than_at_T,4,4,0.025806451612903226,1.0,0.5091666666666667,1.9639934533551555,0.09966777408637874,24.629072199750524,9.34481186070757,41.4070777498977,0.006644518272425249,213.30773445279672,-5.4317143808955,181.0,264.0,2024-11-03,2026-03-04
AMD,corridor_exit_up_L20_r200_b25bp,corridor_exit_up,window_closing,"{""breakout_bps"": 25.0, ""direction"": ""up"", ""lookback"": 20, ""max_range_bps"": 200.0}",3,rub_per_unit_at_T_plus_h_is_higher_than_at_T,2,2,0.012903225806451613,0.5,0.5166666666666667,0.9677419354838709,0.7807308970099668,-0.38418037905829294,-33.73152213282049,32.9631613747039,0.770764119601329,131.7305659590218,6.813376589094605,262.0,262.0,2024-11-06,2025-07-26
AMD,corridor_exit_up_L20_r200_b50bp,corridor_exit_up,window_closing,"{""breakout_bps"": 50.0, ""direction"": ""up"", ""lookback"": 20, ""max_range_bps"": 200.0}",3,rub_per_unit_at_T_plus_h_is_higher_than_at_T,2,2,0.012903225806451613,0.5,0.49333333333333335,1.0135135135135136,0.7209302325581395,-0.38418037905829294,-33.73152213282049,32.9631613747039,0.7940199335548173,131.7305659590218,-4.624471396112174,262.0,262.0,2024-11-06,2025-07-26
AMD,corridor_exit_up_L20_r400_b0bp,corridor_exit_up,window_closing,"{""breakout_bps"": 0.0, ""direction"": ""up"", ""lookback"": 20, ""max_range_bps"": 400.0}",3,rub_per_unit_at_T_plus_h_is_higher_than_at_T,12,12,0.07741935483870968,0.9166666666666666,0.49944444444444436,1.8353726362625142,0.006644518272425249,12.404384761711684,-25.99791691592866,33.53989173555675,0.15946843853820597,149.83634405653405,-0.7064267002045752,44.0,245.0,2024-02-03,2026-07-29
AMD,corridor_exit_up_L20_r400_b25bp,corridor_exit_up,window_closing,"{""breakout_bps"": 25.0, ""direction"": ""up"", ""lookback"": 20, ""max_range_bps"": 400.0}",3,rub_per_unit_at_T_plus_h_is_higher_than_at_T,11,11,0.07096774193548387,0.8181818181818182,0.486060606060606,1.6832917705735664,0.023255813953488372,-14.261153935075349,-50.23971673771158,10.440019716058403,0.8172757475083057,110.62027990757475,-4.1089602702253325,47.0,246.0,2024-02-03,2026-07-30
AMD,corridor_exit_up_L20_r400_b50bp,corridor_exit_up,window_closing,"{""breakout_bps"": 50.0, ""direction"": ""up"", ""lookback"": 20, ""max_range_bps"": 400.0}",3,rub_per_unit_at_T_plus_h_is_higher_than_at_T,11,11,0.07096774193548387,0.7272727272727273,0.5163636363636365,1.4084507042253518,0.15282392026578073,-24.313524575714222,-56.007290241854946,-4.7462526827050695,0.9335548172757475,112.95079940420095,4.722310811401591,45.5,245.0,2024-02-06,2026-07-30
AMD,corridor_exit_up_L5_r100_b0bp,corridor_exit_up,window_closing,"{""breakout_bps"": 0.0, ""direction"": ""up"", ""lookback"": 5, ""max_range_bps"": 100.0}",3,rub_per_unit_at_T_plus_h_is_higher_than_at_T,35,35,0.22580645161290322,0.5714285714285714,0.49485714285714283,1.1547344110854503,0.2059800664451827,-10.845447386763121,-26.440763671591792,4.3074804360020265,0.9136212624584718,45.58069644852547,-3.3817009873308908,19.0,140.0,2023-09-05,2026-07-30
AMD,corridor_exit_up_L5_r100_b25bp,corridor_exit_up,window_closing,"{""breakout_bps"": 25.0, ""direction"": ""up"", ""lookback"": 5, ""max_range_bps"": 100.0}",3,rub_per_unit_at_T_plus_h_is_higher_than_at_T,26,26,0.16774193548387098,0.6538461538461539,0.4923076923076923,1.328125,0.06312292358803986,-11.261215923879774,-25.487244891543703,2.234845083553494,0.920265780730897,74.39066664713505,-3.3835357831449437,24.0,146.0,2023-09-05,2026-07-30
AMD,corridor_exit_up_L5_r100_b50bp,corridor_exit_up,window_closing,"{""breakout_bps"": 50.0, ""direction"": ""up"", ""lookback"": 5, ""max_range_bps"": 100.0}",3,rub_per_unit_at_T_plus_h_is_higher_than_at_T,17,17,0.10967741935483871,0.6470588235294118,0.4945098039215687,1.3084853291038858,0.16943521594684385,-23.29687303635207,-41.647900549653514,-8.152131300171277,0.9933554817275747,90.98791377542423,2.9560998963065352,34.0,170.0,2023-12-02,2026-07-30
AMD,corridor_exit_up_L5_r200_b0bp,corridor_exit_up,window_closing,"{""breakout_bps"": 0.0, ""direction"": ""up"", ""lookback"": 5, ""max_range_bps"": 200.0}",3,rub_per_unit_at_T_plus_h_is_higher_than_at_T,60,60,0.3870967741935484,0.5666666666666667,0.4948333333333333,1.1451667228022904,0.15946843853820597,-18.566150320720144,-37.383252403746084,-2.1841766129660467,0.9700996677740864,49.69301499123377,-1.0911805597035509,13.0,74.0,2023-09-06,2026-08-05
AMD,corridor_exit_up_L5_r200_b25bp,corridor_exit_up,window_closing,"{""breakout_bps"": 25.0, ""direction"": ""up"", ""lookback"": 5, ""max_range_bps"": 200.0}",3,rub_per_unit_at_T_plus_h_is_higher_than_at_T,46,46,0.2967741935483871,0.6304347826086957,0.5009420289855072,1.2584984811225228,0.04983388704318937,-23.896712287032077,-45.01267160956464,-7.819352561553861,0.9900332225913622,58.34089047245529,0.6773278763220503,20.0,86.0,2023-09-07,2026-08-05
AMD,corridor_exit_up_L5_r200_b50bp,corridor_exit_up,window_closing,"{""breakout_bps"": 50.0, ""direction"": ""up"", ""lookback"": 5, ""max_range_bps"": 200.0}",3,rub_per_unit_at_T_plus_h_is_higher_than_at_T,37,37,0.23870967741935484,0.6486486486486487,0.49891891891891893,1.3001083423618636,0.04983388704318937,-33.56294821558015,-51.40837169866526,-13.66892079692159,1.0,74.6500620635384,-0.26511931411276995,19.5,130.0,2023-09-06,2026-08-05
AMD,corridor_exit_up_L5_r400_b0bp,corridor_exit_up,window_closing,"{""breakout_bps"": 0.0, ""direction"": ""up"", ""lookback"": 5, ""max_range_bps"": 400.0}",3,rub_per_unit_at_T_plus_h_is_higher_than_at_T,72,72,0.4645161290322581,0.6527777777777778,0.4948148148148149,1.3192365269461077,0.006644518272425249,-24.995799289174695,-39.09691671202397,-10.890749390368963,1.0,55.69548398744212,-1.4652677585940426,11.0,74.0,2023-09-06,2026-08-28
AMD,corridor_exit_up_L5_r400_b25bp,corridor_exit_up,window_closing,"{""breakout_bps"": 25.0, ""direction"": ""up"", ""lookback"": 5, ""max_range_bps"": 400.0}",3,rub_per_unit_at_T_plus_h_is_higher_than_at_T,57,57,0.36774193548387096,0.7017543859649122,0.5004678362573098,1.4021967749474178,0.0033222591362126247,-29.543718917889553,-45.11787450441279,-16.508626513330444,1.0,65.79540677909644,-1.1786899225496064,14.5,86.0,2023-09-07,2026-08-28
AMD,corridor_exit_up_L5_r400_b50bp,corridor_exit_up,window_closing,"{""breakout_bps"": 50.0, ""direction"": ""up"", ""lookback"": 5, ""max_range_bps"": 400.0}",3,rub_per_unit_at_T_plus_h_is_higher_than_at_T,47,47,0.3032258064516129,0.6808510638297872,0.4898581560283688,1.389894310120168,0.019933554817275746,-41.29317821008988,-56.01395181396907,-24.960282557441044,1.0,68.07419790691446,-1.2709333440366612,15.5,92.0,2023-09-06,2026-08-28
AMD,corridor_exit_up_L5_r50_b0bp,corridor_exit_up,window_closing,"{""breakout_bps"": 0.0, ""direction"": ""up"", ""lookback"": 5, ""max_range_bps"": 50.0}",3,rub_per_unit_at_T_plus_h_is_higher_than_at_T,15,15,0.0967741935483871,0.6666666666666666,0.4955555555555555,1.345291479820628,0.14285714285714285,-3.0020564183971628,-16.755250595303274,17.486495429110366,0.6511627906976745,72.5321586578962,-1.2899549378568844,41.0,324.0,2023-12-02,2026-07-24
AMD,corridor_exit_up_L5_r50_b25bp,corridor_exit_up,window_closing,"{""breakout_bps"": 25.0, ""direction"": ""up"", ""lookback"": 5, ""max_range_bps"": 50.0}",3,rub_per_unit_at_T_plus_h_is_higher_than_at_T,12,12,0.07741935483870968,0.75,0.49083333333333334,1.5280135823429541,0.04983388704318937,0.5728303000484175,-14.01223400461536,18.55369456184337,0.48172757475083056,97.91332237464422,-2.6746691551689796,47.0,225.0,2023-12-02,2025-09-04
AMD,corridor_exit_up_L5_r50_b50bp,corridor_exit_up,window_closing,"{""breakout_bps"": 50.0, ""direction"": ""up"", ""lookback"": 5, ""max_range_bps"": 50.0}",3,rub_per_unit_at_T_plus_h_is_higher_than_at_T,4,4,0.025806451612903226,0.75,0.49916666666666665,1.5025041736227045,0.29900332225913623,11.946865653131024,-31.281708574557864,47.51469366599426,0.27906976744186046,198.40050612211112,1.3173948610447273,252.0,349.0,2023-12-02,2025-08-23
KGS,corridor_exit_up_L10_r100_b0bp,corridor_exit_up,window_closing,"{""breakout_bps"": 0.0, ""direction"": ""up"", ""lookback"": 10, ""max_range_bps"": 100.0}",3,rub_per_unit_at_T_plus_h_is_higher_than_at_T,10,10,0.06451612903225806,0.8,0.495,1.6161616161616164,0.06312292358803986,1.432608324456241,-13.889568540184362,12.570956110936105,0.45514950166112955,87.81582214714044,-5.80247598373561,99.0,329.0,2023-09-29,2026-07-30
KGS,corridor_exit_up_L10_r100_b25bp,corridor_exit_up,window_closing,"{""breakout_bps"": 25.0, ""direction"": ""up"", ""lookback"": 10, ""max_range_bps"": 100.0}",3,rub_per_unit_at_T_plus_h_is_higher_than_at_T,8,8,0.05161290322580645,0.875,0.50375,1.7369727047146402,0.053156146179401995,0.2754855412530337,-18.45118064461132,20.888618994344935,0.4584717607973422,140.6402276254985,0.9921641390773215,121.0,328.0,2023-09-29,2026-07-30
KGS,corridor_exit_up_L10_r100_b50bp,corridor_exit_up,window_closing,"{""breakout_bps"": 50.0, ""direction"": ""up"", ""lookback"": 10, ""max_range_bps"": 100.0}",3,rub_per_unit_at_T_plus_h_is_higher_than_at_T,4,4,0.025806451612903226,1.0,0.53,1.8867924528301885,0.10299003322259136,4.976085295244069,-26.452423215185263,36.4045938056734,0.3687707641196013,198.1690019415949,4.507993384094662,328.0,470.0,2024-04-11,2026-07-30
KGS,corridor_exit_up_L10_r200_b0bp,corridor_exit_up,window_closing,"{""breakout_bps"": 0.0, ""direction"": ""up"", ""lookback"": 10, ""max_range_bps"": 200.0}",3,rub_per_unit_at_T_plus_h_is_higher_than_at_T,23,23,0.14838709677419354,0.782608695652174,0.5071014492753623,1.543298085167191,0.006644518272425249,-2.2909171971931315,-15.901713785257542,8.985871187562449,0.6976744186046512,83.20966589890169,-1.8422899352995246,23.0,226.0,2023-09-29,2026-07-29
KGS,corridor_exit_up_L10_r200_b25bp,corridor_exit_up,window_closing,"{""breakout_bps"": 25.0, ""direction"": ""up"", ""lookback"": 10, ""max_range_bps"": 200.0}",3,rub_per_unit_at_T_plus_h_is_higher_than_at_T,19,19,0.12258064516129032,0.7894736842105263,0.5052631578947367,1.5625000000000002,0.013289036544850499,-8.813537974517303,-22.091482634922354,5.804090858815602,0.8837209302325582,103.25987940101783,-3.1716965564295756,36.0,252.0,2023-09-29,2026-07-30
KGS,corridor_exit_up_L10_r200_b50bp,corridor_exit_up,window_closing,"{""breakout_bps"": 50.0, ""direction"": ""up"", ""lookback"": 10, ""max_range_bps"": 200.0}",3,rub_per_unit_at_T_plus_h_is_higher_than_at_T,14,14,0.09032258064516129,0.8571428571428571,0.48928571428571427,1.751824817518248,0.0033222591362126247,-21.98876680748617,-35.46669895785446,-2.6367445614524634,1.0,99.30998607272423,-8.424148858299056,53.0,251.0,2023-10-03,2026-07-30
KGS,corridor_exit_up_L10_r400_b0bp,corridor_exit_up,window_closing,"{""breakout_bps"": 0.0, ""direction"": ""up"", ""lookback"": 10, ""max_range_bps"": 400.0}",3,rub_per_unit_at_T_plus_h_is_higher_than_at_T,44,44,0.2838709677419355,0.7045454545454546,0.5003787878787879,1.4080242240726724,0.006644518272425249,-18.481327140443312,-32.06398219552486,-6.184683339906745,0.9933554817275747,58.46286739049792,-4.397231463566011,14.0,87.0,2023-09-07,2026-08-28
KGS,corridor_exit_up_L10_r400_b25bp,corridor_exit_up,window_closing,"{""breakout_bps"": 25.0, ""direction"": ""up"", ""lookback"": 10, ""max_range_bps"": 400.0}",3,rub_per_unit_at_T_plus_h_is_higher_than_at_T,35,35,0.22580645161290322,0.6857142857142857,0.49866666666666665,1.3750954927425516,0.009966777408637873,-26.129790506363072,-43.09344269548949,-9.161858585134517,1.0,72.50766371777362,-3.294761160095015,22.5,108.0,2023-09-07,2026-08-28
KGS,corridor_exit_up_L10_r400_b50bp,corridor_exit_up,window_closing,"{""breakout_bps"": 50.0, ""direction"": ""up"", ""lookback"": 10, ""max_range_bps"": 400.0}",3,rub_per_unit_at_T_plus_h_is_higher_than_at_T,28,28,0.18064516129032257,0.75,0.5113095238095238,1.4668218859138535,0.013289036544850499,-36.62684246224468,-52.54287983606815,-22.721363944998462,1.0,84.87685793506628,-4.287128919811074,27.0,191.0,2023-09-06,2026-08-28
KGS,corridor_exit_up_L10_r50_b0bp,corridor_exit_up,window_closing,"{""breakout_bps"": 0.0, ""direction"": ""up"", ""lookback"": 10, ""max_range_bps"": 50.0}",3,rub_per_unit_at_T_plus_h_is_higher_than_at_T,1,1,0.0064516129032258064,0.0,0.48,0.0,1.0,-24.612087276577597,,,,-78.04478445275987,-12.126310663883643,,,2025-07-04,2025-07-04
KGS,corridor_exit_up_L20_r200_b0bp,corridor_exit_up,window_closing,"{""breakout_bps"": 0.0, ""direction"": ""up"", ""lookback"": 20, ""max_range_bps"": 200.0}",3,rub_per_unit_at_T_plus_h_is_higher_than_at_T,5,5,0.03225806451612903,1.0,0.49866666666666665,2.0053475935828877,0.03322259136212625,21.555592330719577,0.10881914083848869,39.448124787110366,0.006644518272425249,178.491851971875,-4.368389238017773,199.5,253.0,2024-04-11,2026-03-05
KGS,corridor_exit_up_L20_r200_b25bp,corridor_exit_up,window_closing,"{""breakout_bps"": 25.0, ""direction"": ""up"", ""lookback"": 20, ""max_range_bps"": 200.0}",3,rub_per_unit_at_T_plus_h_is_higher_than_at_T,4,4,0.025806451612903226,1.0,0.5208333333333334,1.92,0.09966777408637874,8.995584908606247,-6.647200588969228,24.23420141009991,0.19933554817275748,159.09357490084653,-4.506639145364999,218.0,253.0,2024-04-11,2025-09-05
KGS,corridor_exit_up_L20_r200_b50bp,corridor_exit_up,window_closing,"{""breakout_bps"": 50.0, ""direction"": ""up"", ""lookback"": 20, ""max_range_bps"": 200.0}",3,rub_per_unit_at_T_plus_h_is_higher_than_at_T,4,4,0.025806451612903226,1.0,0.48333333333333334,2.0689655172413794,0.04318936877076412,-5.101578001096564,-34.28138756915167,24.23420141009991,0.6312292358803987,142.55966710428504,-2.7426406812337487,219.0,252.0,2024-04-11,2025-09-05
KGS,corridor_exit_up_L20_r400_b0bp,corridor_exit_up,window_closing,"{""breakout_bps"": 0.0, ""direction"": ""up"", ""lookback"": 20, ""max_range_bps"": 400.0}",3,rub_per_unit_at_T_plus_h_is_higher_than_at_T,16,16,0.1032258064516129,0.8125,0.501875,1.6189290161892902,0.023255813953488372,1.5725379564279787,-24.688004144397866,19.904194315726343,0.4418604651162791,125.18672655206898,-2.3906388159968683,41.0,247.0,2023-10-04,2026-07-29
KGS,corridor_exit_up_L20_r400_b25bp,corridor_exit_up,window_closing,"{""breakout_bps"": 25.0, ""direction"": ""up"", ""lookback"": 20, ""max_range_bps"": 400.0}",3,rub_per_unit_at_T_plus_h_is_higher_than_at_T,14,14,0.09032258064516129,0.8571428571428571,0.5123809523809523,1.6728624535315988,0.013289036544850499,-6.787879375404323,-35.0153387692507,22.88913117509103,0.707641196013289,120.41975948546018,-0.7517325368823218,55.0,246.0,2023-10-04,2026-07-30
KGS,corridor_exit_up_L20_r400_b50bp,corridor_exit_up,window_closing,"{""breakout_bps"": 50.0, ""direction"": ""up"", ""lookback"": 20, ""max_range_bps"": 400.0}",3,rub_per_unit_at_T_plus_h_is_higher_than_at_T,12,12,0.07741935483870968,0.9166666666666666,0.5086111111111111,1.8022938285090113,0.0033222591362126247,-24.510593839229262,-56.380907563599074,-0.5512348103511526,0.9501661129568106,132.39505931579336,-3.3296207291420252,65.0,245.0,2023-10-04,2026-07-30
KGS,corridor_exit_up_L5_r100_b0bp,corridor_exit_up,window_closing,"{""breakout_bps"": 0.0, ""direction"": ""up"", ""lookback"": 5, ""max_range_bps"": 100.0}",3,rub_per_unit_at_T_plus_h_is_higher_than_at_T,37,37,0.23870967741935484,0.6486486486486487,0.4985585585585586,1.3010480664980124,0.05647840531561462,-17.435887040315375,-31.913340542237226,-3.136676857530151,0.9900332225913622,49.72102771074643,-1.6202261161093383,19.5,140.0,2023-09-05,2026-07-29
KGS,corridor_exit_up_L5_r100_b25bp,corridor_exit_up,window_closing,"{""breakout_bps"": 25.0, ""direction"": ""up"", ""lookback"": 5, ""max_range_bps"": 100.0}",3,rub_per_unit_at_T_plus_h_is_higher_than_at_T,29,29,0.1870967741935484,0.6551724137931034,0.5051724137931035,1.296928327645051,0.07308970099667775,-22.222277349521832,-39.12043552438603,-6.0023970279651415,0.9933554817275747,66.84248444362854,-0.6174081156740093,22.0,140.0,2023-09-05,2026-07-30
KGS,corridor_exit_up_L5_r100_b50bp,corridor_exit_up,window_closing,"{""breakout_bps"": 50.0, ""direction"": ""up"", ""lookback"": 5, ""max_range_bps"": 100.0}",3,rub_per_unit_at_T_plus_h_is_higher_than_at_T,15,15,0.0967741935483871,0.7333333333333333,0.49866666666666676,1.4705882352941173,0.046511627906976744,-33.8504292844084,-64.69361357241823,-7.295742063551817,0.9833887043189369,82.43489915424,-5.451248609153149,55.0,226.0,2023-09-06,2026-07-30
KGS,corridor_exit_up_L5_r200_b0bp,corridor_exit_up,window_closing,"{""breakout_bps"": 0.0, ""direction"": ""up"", ""lookback"": 5, ""max_range_bps"": 200.0}",3,rub_per_unit_at_T_plus_h_is_higher_than_at_T,62,62,0.4,0.5806451612903226,0.5021505376344085,1.156316916488223,0.10299003322259136,-25.363947443992174,-42.92098587994524,-10.845894869752128,0.9966777408637874,33.650358876831866,-3.825240733801049,12.0,74.0,2023-09-07,2026-08-28
KGS,corridor_exit_up_L5_r200_b25bp,corridor_exit_up,window_closing,"{""breakout_bps"": 25.0, ""direction"": ""up"", ""lookback"": 5, ""max_range_bps"": 200.0}",3,rub_per_unit_at_T_plus_h_is_higher_than_at_T,49,49,0.3161290322580645,0.6122448979591837,0.5087074829931972,1.203530355710083,0.08637873754152824,-28.35063832504405,-46.3777316525611,-11.668739235195543,0.9966777408637874,47.799235193169,-3.521087113007283,17.0,108.0,2023-09-05,2026-08-28
KGS,corridor_exit_up_L5_r200_b50bp,corridor_exit_up,window_closing,"{""breakout_bps"": 50.0, ""direction"": ""up"", ""lookback"": 5, ""max_range_bps"": 200.0}",3,rub_per_unit_at_T_plus_h_is_higher_than_at_T,34,34,0.21935483870967742,0.7352941176470589,0.5131372549019608,1.4329384791746274,0.013289036544850499,-33.01650529831045,-48.83510841775164,-16.515741087023965,1.0,78.15438305662275,-0.6017570557795313,19.0,133.0,2023-09-06,2026-08-28
KGS,corridor_exit_up_L5_r400_b0bp,corridor_exit_up,window_closing,"{""breakout_bps"": 0.0, ""direction"": ""up"", ""lookback"": 5, ""max_range_bps"": 400.0}",3,rub_per_unit_at_T_plus_h_is_higher_than_at_T,72,72,0.4645161290322581,0.625,0.5030555555555556,1.2424075096631695,0.03322259136212625,-29.44909730997388,-42.61408957823181,-16.799293209234115,1.0,48.55857253125664,-4.258464583651519,11.0,74.0,2023-09-07,2026-08-28
KGS,corridor_exit_up_L5_r400_b25bp,corridor_exit_up,window_closing,"{""breakout_bps"": 25.0, ""direction"": ""up"", ""lookback"": 5, ""max_range_bps"": 400.0}",3,rub_per_unit_at_T_plus_h_is_higher_than_at_T,56,56,0.36129032258064514,0.6607142857142857,0.5035119047619048,1.3122118453717933,0.016611295681063124,-31.25329437344907,-48.91936197644606,-17.86204156968594,1.0,60.052698896740445,-2.8044509694769437,15.0,108.0,2023-09-05,2026-08-28
KGS,corridor_exit_up_L5_r400_b50bp,corridor_exit_up,window_closing,"{""breakout_bps"": 50.0, ""direction"": ""up"", ""lookback"": 5, ""max_range_bps"": 400.0}",3,rub_per_unit_at_T_plus_h_is_higher_than_at_T,41,41,0.2645161290322581,0.7560975609756098,0.5102439024390244,1.4818355640535372,0.0033222591362126247,-40.69836630241489,-55.607539964590806,-25.348535713235513,1.0,74.94495907122749,-2.170662086142958,18.0,115.0,2023-09-06,2026-08-28
KGS,corridor_exit_up_L5_r50_b0bp,corridor_exit_up,window_closing,"{""breakout_bps"": 0.0, ""direction"": ""up"", ""lookback"": 5, ""max_range_bps"": 50.0}",3,rub_per_unit_at_T_plus_h_is_higher_than_at_T,12,12,0.07741935483870968,0.8333333333333334,0.5094444444444444,1.6357688113413307,0.026578073089700997,5.034267344076655,-5.450267959339466,16.782175468684784,0.15946843853820597,73.79238221743384,-2.067232070372539,23.0,231.0,2023-09-29,2025-09-03
KGS,corridor_exit_up_L5_r50_b25bp,corridor_exit_up,window_closing,"{""breakout_bps"": 25.0, ""direction"": ""up"", ""lookback"": 5, ""max_range_bps"": 50.0}",3,rub_per_unit_at_T_plus_h_is_higher_than_at_T,6,6,0.03870967741935484,0.6666666666666666,0.49888888888888894,1.3363028953229397,0.34219269102990035,-3.3318903737246846,-26.80330853807809,26.030521747500057,0.6079734219269103,89.52076991676567,-1.2550186489988298,94.0,403.0,2023-09-29,2025-09-04
KGS,corridor_exit_up_L5_r50_b50bp,corridor_exit_up,window_closing,"{""breakout_bps"": 50.0, ""direction"": ""up"", ""lookback"": 5, ""max_range_bps"": 50.0}",3,rub_per_unit_at_T_plus_h_is_higher_than_at_T,1,1,0.0064516129032258064,1.0,0.43333333333333335,2.3076923076923075,0.43521594684385384,29.957056761633627,,,,233.56836492999244,-25.0674657178518,,,2023-09-29,2023-09-29
KZT,corridor_exit_up_L10_r100_b0bp,corridor_exit_up,window_closing,"{""breakout_bps"": 0.0, ""direction"": ""up"", ""lookback"": 10, ""max_range_bps"": 100.0}",3,rub_per_unit_at_T_plus_h_is_higher_than_at_T,2,2,0.012903225806451613,1.0,0.4866666666666667,2.054794520547945,0.25249169435215946,49.05139622501719,-3.5900384418829923,101.69283089191738,0.2425249169435216,258.71839154886,-5.3989683881149055,527.0,527.0,2024-03-28,2025-09-06
KZT,corridor_exit_up_L10_r200_b0bp,corridor_exit_up,window_closing,"{""breakout_bps"": 0.0, ""direction"": ""up"", ""lookback"": 10, ""max_range_bps"": 200.0}",3,rub_per_unit_at_T_plus_h_is_higher_than_at_T,22,22,0.14193548387096774,0.5,0.49166666666666664,1.0169491525423728,0.5514950166112956,-43.38700995164611,-83.5722044282348,-12.145762306853273,0.9800664451827242,9.348627590449793,-2.4840067600128397,26.0,169.0,2023-11-08,2026-03-07
KZT,corridor_exit_up_L10_r200_b25bp,corridor_exit_up,window_closing,"{""breakout_bps"": 25.0, ""direction"": ""up"", ""lookback"": 10, ""max_range_bps"": 200.0}",3,rub_per_unit_at_T_plus_h_is_higher_than_at_T,18,18,0.11612903225806452,0.5555555555555556,0.5022222222222222,1.1061946902654867,0.3920265780730897,-53.45488294845312,-88.45689412700445,-20.998888754520504,1.0,16.83311106002993,-0.996576982436751,32.0,176.0,2023-11-08,2026-03-07
KZT,corridor_exit_up_L10_r200_b50bp,corridor_exit_up,window_closing,"{""breakout_bps"": 50.0, ""direction"": ""up"", ""lookback"": 10, ""max_range_bps"": 200.0}",3,rub_per_unit_at_T_plus_h_is_higher_than_at_T,13,13,0.08387096774193549,0.46153846153846156,0.48974358974358967,0.942408376963351,0.6877076411960132,-75.7599935169537,-122.25316035538306,-33.677521095595424,1.0,-1.7668306581938287,-4.846350453223496,45.5,233.0,2023-11-08,2026-03-07
KZT,corridor_exit_up_L10_r400_b0bp,corridor_exit_up,window_closing,"{""breakout_bps"": 0.0, ""direction"": ""up"", ""lookback"": 10, ""max_range_bps"": 400.0}",3,rub_per_unit_at_T_plus_h_is_higher_than_at_T,48,48,0.3096774193548387,0.4583333333333333,0.49576388888888895,0.9244992295839752,0.7375415282392026,-55.43380040369845,-76.1394430857795,-37.23489820075079,1.0,0.6210371734949547,-3.640497789777714,17.0,91.0,2023-09-07,2026-08-28
KZT,corridor_exit_up_L10_r400_b25bp,corridor_exit_up,window_closing,"{""breakout_bps"": 25.0, ""direction"": ""up"", ""lookback"": 10, ""max_range_bps"": 400.0}",3,rub_per_unit_at_T_plus_h_is_higher_than_at_T,38,38,0.24516129032258063,0.5526315789473685,0.49333333333333335,1.1201991465149361,0.28903654485049834,-55.787112486954236,-78.60925929079687,-35.61414564918509,1.0,21.16342449487537,-2.7344169996486523,24.0,122.0,2023-09-02,2026-08-28
KZT,corridor_exit_up_L10_r400_b50bp,corridor_exit_up,window_closing,"{""breakout_bps"": 50.0, ""direction"": ""up"", ""lookback"": 10, ""max_range_bps"": 400.0}",3,rub_per_unit_at_T_plus_h_is_higher_than_at_T,27,27,0.17419354838709677,0.5925925925925926,0.49320987654320986,1.2015018773466832,0.21262458471760798,-62.91519718244081,-86.48655610532566,-35.893510356015966,1.0,45.797874217108884,-3.563474040481755,26.0,175.0,2023-09-05,2026-08-28
KZT,corridor_exit_up_L20_r200_b0bp,corridor_exit_up,window_closing,"{""breakout_bps"": 0.0, ""direction"": ""up"", ""lookback"": 20, ""max_range_bps"": 200.0}",3,rub_per_unit_at_T_plus_h_is_higher_than_at_T,1,1,0.0064516129032258064,0.0,0.5033333333333333,0.0,1.0,-38.450368491574906,,,,-13.42035022144139,-5.89387257695417,,,2024-11-15,2024-11-15
KZT,corridor_exit_up_L20_r200_b25bp,corridor_exit_up,window_closing,"{""breakout_bps"": 25.0, ""direction"": ""up"", ""lookback"": 20, ""max_range_bps"": 200.0}",3,rub_per_unit_at_T_plus_h_is_higher_than_at_T,1,1,0.0064516129032258064,0.0,0.47,0.0,1.0,-85.86879451387918,,,,-46.521964589969485,-12.076472053738124,,,2024-11-16,2024-11-16
KZT,corridor_exit_up_L20_r200_b50bp,corridor_exit_up,window_closing,"{""breakout_bps"": 50.0, ""direction"": ""up"", ""lookback"": 20, ""max_range_bps"": 200.0}",3,rub_per_unit_at_T_plus_h_is_higher_than_at_T,1,1,0.0064516129032258064,0.0,0.4766666666666667,0.0,1.0,-85.86879451387918,,,,-46.521964589969485,-8.383717472515139,,,2024-11-16,2024-11-16
KZT,corridor_exit_up_L20_r400_b0bp,corridor_exit_up,window_closing,"{""breakout_bps"": 0.0, ""direction"": ""up"", ""lookback"": 20, ""max_range_bps"": 400.0}",3,rub_per_unit_at_T_plus_h_is_higher_than_at_T,15,15,0.0967741935483871,0.6,0.49111111111111116,1.2217194570135745,0.26578073089701,-21.704665788840078,-51.751440798568005,4.8578516111469865,0.9269102990033222,107.76974974148453,-2.247386265204266,45.0,288.0,2024-02-02,2026-08-04
KZT,corridor_exit_up_L20_r400_b25bp,corridor_exit_up,window_closing,"{""breakout_bps"": 25.0, ""direction"": ""up"", ""lookback"": 20, ""max_range_bps"": 400.0}",3,rub_per_unit_at_T_plus_h_is_higher_than_at_T,12,12,0.07741935483870968,0.6666666666666666,0.4930555555555555,1.352112676056338,0.16611295681063123,-35.63223273055721,-84.76073233146448,-6.927080541280619,0.9435215946843853,115.42450329664759,-3.3988998070083576,49.0,291.0,2024-02-02,2026-08-04
KZT,corridor_exit_up_L20_r400_b50bp,corridor_exit_up,window_closing,"{""breakout_bps"": 50.0, ""direction"": ""up"", ""lookback"": 20, ""max_range_bps"": 400.0}",3,rub_per_unit_at_T_plus_h_is_higher_than_at_T,9,9,0.05806451612903226,0.7777777777777778,0.5040740740740741,1.5429831006612784,0.09966777408637874,-51.81057463461413,-98.75739173426692,-0.8495263081411314,0.9800664451827242,159.46712318363237,1.0430320231735244,50.5,290.0,2024-11-16,2026-08-04
KZT,corridor_exit_up_L5_r100_b0bp,corridor_exit_up,window_closing,"{""breakout_bps"": 0.0, ""direction"": ""up"", ""lookback"": 5, ""max_range_bps"": 100.0}",3,rub_per_unit_at_T_plus_h_is_higher_than_at_T,26,26,0.16774193548387098,0.46153846153846156,0.49141025641025643,0.9392121054004696,0.6777408637873754,-34.674972703050635,-60.526559518064644,-12.455185139283659,0.9966777408637874,16.63917282001369,-3.7709793823021633,22.0,140.0,2023-11-30,2026-07-23
KZT,corridor_exit_up_L5_r100_b25bp,corridor_exit_up,window_closing,"{""breakout_bps"": 25.0, ""direction"": ""up"", ""lookback"": 5, ""max_range_bps"": 100.0}",3,rub_per_unit_at_T_plus_h_is_higher_than_at_T,22,22,0.14193548387096774,0.4090909090909091,0.4884848484848485,0.8374689826302729,0.8338870431893688,-43.038094988283994,-68.13510157752756,-20.508752320598845,1.0,16.74877955976842,-5.9982847772503325,34.0,141.0,2023-11-30,2026-07-24
KZT,corridor_exit_up_L5_r100_b50bp,corridor_exit_up,window_closing,"{""breakout_bps"": 50.0, ""direction"": ""up"", ""lookback"": 5, ""max_range_bps"": 100.0}",3,rub_per_unit_at_T_plus_h_is_higher_than_at_T,11,11,0.07096774193548387,0.2727272727272727,0.5084848484848485,0.536352800953516,0.9800664451827242,-70.57105792817467,-109.73397399675225,-37.756070090830306,1.0,-25.004252543219454,3.3257408053651973,64.0,239.0,2023-12-22,2026-03-05
KZT,corridor_exit_up_L5_r200_b0bp,corridor_exit_up,window_closing,"{""breakout_bps"": 0.0, ""direction"": ""up"", ""lookback"": 5, ""max_range_bps"": 200.0}",3,rub_per_unit_at_T_plus_h_is_higher_than_at_T,63,62,0.4064516129032258,0.3548387096774194,0.4955913978494624,0.7159904534606205,0.9867109634551495,-57.423644636011936,-73.60332322652997,-37.94512838178422,1.0,-32.82581067800128,-4.068151274052781,12.5,59.0,2023-09-08,2026-09-02
KZT,corridor_exit_up_L5_r200_b25bp,corridor_exit_up,window_closing,"{""breakout_bps"": 25.0, ""direction"": ""up"", ""lookback"": 5, ""max_range_bps"": 200.0}",3,rub_per_unit_at_T_plus_h_is_higher_than_at_T,48,48,0.3096774193548387,0.3541666666666667,0.4928472222222222,0.7186134986614062,0.9867109634551495,-59.45105499897804,-81.80838732705809,-39.70546842134477,1.0,-18.450853854827677,-5.2224337553717985,18.0,72.0,2023-09-30,2026-08-05
KZT,corridor_exit_up_L5_r200_b50bp,corridor_exit_up,window_closing,"{""breakout_bps"": 50.0, ""direction"": ""up"", ""lookback"": 5, ""max_range_bps"": 200.0}",3,rub_per_unit_at_T_plus_h_is_higher_than_at_T,36,36,0.23225806451612904,0.4166666666666667,0.4975925925925926,0.8373650911797544,0.893687707641196,-69.77711232986694,-96.79388327866462,-46.216408398237974,1.0,-3.0425344644673293,-3.6323196293863416,23.0,151.0,2023-09-05,2026-08-05
KZT,corridor_exit_up_L5_r400_b0bp,corridor_exit_up,window_closing,"{""breakout_bps"": 0.0, ""direction"": ""up"", ""lookback"": 5, ""max_range_bps"": 400.0}",3,rub_per_unit_at_T_plus_h_is_higher_than_at_T,79,79,0.5096774193548387,0.45569620253164556,0.49025316455696194,0.9295120061967468,0.8073089700996677,-57.76053376376477,-71.34152461638504,-43.10969590416633,1.0,-3.7665730556083052,-4.463309812348364,11.0,54.0,2023-09-07,2026-08-28
KZT,corridor_exit_up_L5_r400_b25bp,corridor_exit_up,window_closing,"{""breakout_bps"": 25.0, ""direction"": ""up"", ""lookback"": 5, ""max_range_bps"": 400.0}",3,rub_per_unit_at_T_plus_h_is_higher_than_at_T,63,63,0.4064516129032258,0.4603174603174603,0.4997354497354498,0.9211222869242984,0.770764119601329,-58.876987557681865,-75.36620694212877,-42.547634764926784,1.0,10.38765756713401,-2.563440079579787,13.0,69.0,2023-09-30,2026-08-28
KZT,corridor_exit_up_L5_r400_b50bp,corridor_exit_up,window_closing,"{""breakout_bps"": 50.0, ""direction"": ""up"", ""lookback"": 5, ""max_range_bps"": 400.0}",3,rub_per_unit_at_T_plus_h_is_higher_than_at_T,48,48,0.3096774193548387,0.4791666666666667,0.4944444444444444,0.9691011235955057,0.6411960132890365,-66.82383689427392,-86.81060708590044,-49.21095124146263,1.0,32.113141042831494,-3.053675001387542,17.0,151.0,2023-09-05,2026-08-28
KZT,corridor_exit_up_L5_r50_b0bp,corridor_exit_up,window_closing,"{""breakout_bps"": 0.0, ""direction"": ""up"", ""lookback"": 5, ""max_range_bps"": 50.0}",3,rub_per_unit_at_T_plus_h_is_higher_than_at_T,10,10,0.06451612903225806,0.5,0.49133333333333323,1.0176390773405701,0.5946843853820598,-23.60847268954236,-49.88093365300347,4.180890631044556,0.9667774086378738,43.73094933327526,-6.146094847254688,56.0,231.0,2023-12-22,2025-12-04
KZT,corridor_exit_up_L5_r50_b25bp,corridor_exit_up,window_closing,"{""breakout_bps"": 25.0, ""direction"": ""up"", ""lookback"": 5, ""max_range_bps"": 50.0}",3,rub_per_unit_at_T_plus_h_is_higher_than_at_T,9,9,0.05806451612903226,0.4444444444444444,0.5014814814814815,0.8862629246676512,0.7408637873754153,-34.4695203629745,-59.6373142343717,-6.870713361988802,0.9966777408637874,31.408812869385688,-3.241946009744536,66.0,231.0,2023-12-22,2025-12-04
KZT,corridor_exit_up_L5_r50_b50bp,corridor_exit_up,window_closing,"{""breakout_bps"": 50.0, ""direction"": ""up"", ""lookback"": 5, ""max_range_bps"": 50.0}",3,rub_per_unit_at_T_plus_h_is_higher_than_at_T,6,6,0.03870967741935484,0.3333333333333333,0.49166666666666664,0.6779661016949152,0.8737541528239202,-52.494121991198035,-74.54419741715753,-27.251902635953382,1.0,4.483615448625893,-3.657923402692671,103.0,281.0,2023-12-22,2025-12-04
TJS,corridor_exit_up_L10_r100_b0bp,corridor_exit_up,window_closing,"{""breakout_bps"": 0.0, ""direction"": ""up"", ""lookback"": 10, ""max_range_bps"": 100.0}",3,rub_per_unit_at_T_plus_h_is_higher_than_at_T,5,5,0.03225806451612903,0.8,0.5193333333333334,1.5404364569961486,0.23255813953488372,9.030785810175024,-8.410509625118802,23.368958731660783,0.19601328903654486,105.13734036508504,-3.3925896219024585,237.5,314.0,2023-09-29,2026-03-04
TJS,corridor_exit_up_L10_r100_b25bp,corridor_exit_up,window_closing,"{""breakout_bps"": 25.0, ""direction"": ""up"", ""lookback"": 10, ""max_range_bps"": 100.0}",3,rub_per_unit_at_T_plus_h_is_higher_than_at_T,3,3,0.01935483870967742,1.0,0.5633333333333334,1.7751479289940828,0.16943521594684385,0.4705196306642468,-15.33802291980382,15.484533929479943,0.32558139534883723,116.43399030976036,11.393345148248548,303.5,412.0,2023-09-29,2025-05-28
TJS,corridor_exit_up_L10_r100_b50bp,corridor_exit_up,window_closing,"{""breakout_bps"": 50.0, ""direction"": ""up"", ""lookback"": 10, ""max_range_bps"": 100.0}",3,rub_per_unit_at_T_plus_h_is_higher_than_at_T,1,1,0.0064516129032258064,1.0,0.53,1.8867924528301885,0.53156146179402,-11.516720376142375,,,,56.984873298466795,-2.1839683875883096,,,2024-04-11,2024-04-11
TJS,corridor_exit_up_L10_r200_b0bp,corridor_exit_up,window_closing,"{""breakout_bps"": 0.0, ""direction"": ""up"", ""lookback"": 10, ""max_range_bps"": 200.0}",3,rub_per_unit_at_T_plus_h_is_higher_than_at_T,26,26,0.16774193548387098,0.8076923076923077,0.5287179487179487,1.5276430649854509,0.009966777408637873,1.0112965924523427,-13.525839948664208,16.861068697500993,0.42857142857142855,94.07807569692332,3.5848709864830526,25.0,194.0,2023-09-29,2026-07-29
TJS,corridor_exit_up_L10_r200_b25bp,corridor_exit_up,window_closing,"{""breakout_bps"": 25.0, ""direction"": ""up"", ""lookback"": 10, ""max_range_bps"": 200.0}",3,rub_per_unit_at_T_plus_h_is_higher_than_at_T,22,22,0.14193548387096774,0.8181818181818182,0.5286363636363636,1.547721410146174,0.0033222591362126247,-5.868859235253184,-20.989830855556146,13.016187939875486,0.7940199335548173,111.95809197542057,4.029051188251273,29.0,194.0,2023-09-29,2026-07-29
TJS,corridor_exit_up_L10_r200_b50bp,corridor_exit_up,window_closing,"{""breakout_bps"": 50.0, ""direction"": ""up"", ""lookback"": 10, ""max_range_bps"": 200.0}",3,rub_per_unit_at_T_plus_h_is_higher_than_at_T,17,17,0.10967741935483871,0.7647058823529411,0.5096078431372549,1.5005771450557905,0.029900332225913623,-17.94900530641476,-40.4448914589999,5.762537795221611,0.9435215946843853,119.80406319730753,0.10196520986523448,54.5,200.0,2023-10-03,2026-07-30
TJS,corridor_exit_up_L10_r400_b0bp,corridor_exit_up,window_closing,"{""breakout_bps"": 0.0, ""direction"": ""up"", ""lookback"": 10, ""max_range_bps"": 400.0}",3,rub_per_unit_at_T_plus_h_is_higher_than_at_T,54,54,0.34838709677419355,0.6666666666666666,0.5232716049382715,1.2740356258110181,0.029900332225913623,-18.15364286308424,-35.225292966744014,-5.294767530188297,0.9800664451827242,71.02523336739704,3.8612089566771175,15.0,76.0,2023-09-07,2026-08-28
TJS,corridor_exit_up_L10_r400_b25bp,corridor_exit_up,window_closing,"{""breakout_bps"": 25.0, ""direction"": ""up"", ""lookback"": 10, ""max_range_bps"": 400.0}",3,rub_per_unit_at_T_plus_h_is_higher_than_at_T,41,41,0.2645161290322581,0.7073170731707317,0.5216260162601626,1.3559850374064837,0.013289036544850499,-17.415173682325893,-38.18093400199378,-1.0016894874282596,0.9435215946843853,89.4582074123398,4.24758031157919,21.0,114.0,2023-09-07,2026-08-28
TJS,corridor_exit_up_L10_r400_b50bp,corridor_exit_up,window_closing,"{""breakout_bps"": 50.0, ""direction"": ""up"", ""lookback"": 10, ""max_range_bps"": 400.0}",3,rub_per_unit_at_T_plus_h_is_higher_than_at_T,32,32,0.2064516129032258,0.71875,0.5234375,1.373134328358209,0.03322259136212625,-33.21702670853407,-54.73160109283458,-9.768989443077537,1.0,106.18136931200226,2.8506113590363245,28.0,114.0,2023-09-06,2026-08-28
TJS,corridor_exit_up_L10_r50_b0bp,corridor_exit_up,window_closing,"{""breakout_bps"": 0.0, ""direction"": ""up"", ""lookback"": 10, ""max_range_bps"": 50.0}",3,rub_per_unit_at_T_plus_h_is_higher_than_at_T,2,2,0.012903225806451613,0.5,0.51,0.9803921568627451,0.7674418604651163,-4.4989422531122045,-24.90727347308819,15.90938896686378,0.717607973421927,33.008755115258026,5.7316403683250385,98.0,98.0,2024-04-10,2024-07-17
TJS,corridor_exit_up_L20_r200_b0bp,corridor_exit_up,window_closing,"{""breakout_bps"": 0.0, ""direction"": ""up"", ""lookback"": 20, ""max_range_bps"": 200.0}",3,rub_per_unit_at_T_plus_h_is_higher_than_at_T,2,2,0.012903225806451613,1.0,0.495,2.0202020202020203,0.2425249169435216,-2.9655410546874927,-11.516720376142375,5.58563826676739,0.7508305647840532,54.19853570776678,0.6820538668185009,206.0,206.0,2024-04-11,2024-11-03
TJS,corridor_exit_up_L20_r200_b25bp,corridor_exit_up,window_closing,"{""breakout_bps"": 25.0, ""direction"": ""up"", ""lookback"": 20, ""max_range_bps"": 200.0}",3,rub_per_unit_at_T_plus_h_is_higher_than_at_T,2,2,0.012903225806451613,0.5,0.5333333333333333,0.9375,0.7807308970099668,-22.199606240875802,-32.88249210560923,-11.516720376142375,1.0,13.905408134470274,2.5343043413445607,209.0,209.0,2024-04-11,2024-11-06
TJS,corridor_exit_up_L20_r200_b50bp,corridor_exit_up,window_closing,"{""breakout_bps"": 50.0, ""direction"": ""up"", ""lookback"": 20, ""max_range_bps"": 200.0}",3,rub_per_unit_at_T_plus_h_is_higher_than_at_T,1,1,0.0064516129032258064,1.0,0.5433333333333333,1.8404907975460123,0.5448504983388704,-11.516720376142375,,,,56.984873298466795,-4.8722861512677,,,2024-04-11,2024-04-11
TJS,corridor_exit_up_L20_r400_b0bp,corridor_exit_up,window_closing,"{""breakout_bps"": 0.0, ""direction"": ""up"", ""lookback"": 20, ""max_range_bps"": 400.0}",3,rub_per_unit_at_T_plus_h_is_higher_than_at_T,19,19,0.12258064516129032,0.8421052631578947,0.5312280701754385,1.585204755614267,0.0033222591362126247,8.251195752767442,-11.366558407090066,27.16790777995668,0.19269102990033224,123.33762704431588,5.2106929635047905,33.5,194.0,2023-10-03,2026-07-29
TJS,corridor_exit_up_L20_r400_b25bp,corridor_exit_up,window_closing,"{""breakout_bps"": 25.0, ""direction"": ""up"", ""lookback"": 20, ""max_range_bps"": 400.0}",3,rub_per_unit_at_T_plus_h_is_higher_than_at_T,17,17,0.10967741935483871,0.8235294117647058,0.5284313725490196,1.5584415584415583,0.009966777408637873,0.7320565253830225,-16.57092240121352,14.940695233147965,0.48172757475083056,133.65592764401592,2.578187467451766,43.5,193.0,2023-10-03,2026-07-29
TJS,corridor_exit_up_L20_r400_b50bp,corridor_exit_up,window_closing,"{""breakout_bps"": 50.0, ""direction"": ""up"", ""lookback"": 20, ""max_range_bps"": 400.0}",3,rub_per_unit_at_T_plus_h_is_higher_than_at_T,12,12,0.07741935483870968,0.8333333333333334,0.5291666666666667,1.5748031496062993,0.026578073089700997,-21.7694958817316,-54.73889185922258,8.708328374856503,0.9335548172757475,107.37517451203068,8.351894356175714,56.0,200.0,2024-02-06,2026-07-30
TJS,corridor_exit_up_L5_r100_b0bp,corridor_exit_up,window_closing,"{""breakout_bps"": 0.0, ""direction"": ""up"", ""lookback"": 5, ""max_range_bps"": 100.0}",3,rub_per_unit_at_T_plus_h_is_higher_than_at_T,33,33,0.2129032258064516,0.7878787878787878,0.5224242424242423,1.5081206496519723,0.0033222591362126247,-6.872527307022178,-21.515650255875247,6.03198699459216,0.840531561461794,83.53945567901768,0.8685011624768796,19.0,161.0,2023-09-05,2026-07-29
TJS,corridor_exit_up_L5_r100_b25bp,corridor_exit_up,window_closing,"{""breakout_bps"": 25.0, ""direction"": ""up"", ""lookback"": 5, ""max_range_bps"": 100.0}",3,rub_per_unit_at_T_plus_h_is_higher_than_at_T,26,26,0.16774193548387098,0.7692307692307693,0.5294871794871795,1.4527845036319613,0.009966777408637873,-10.041230093006265,-28.35685537321306,3.0811277869199745,0.840531561461794,102.52665160431509,5.299747223130785,22.0,161.0,2023-09-05,2026-07-29
TJS,corridor_exit_up_L5_r100_b50bp,corridor_exit_up,window_closing,"{""breakout_bps"": 50.0, ""direction"": ""up"", ""lookback"": 5, ""max_range_bps"": 100.0}",3,rub_per_unit_at_T_plus_h_is_higher_than_at_T,18,18,0.11612903225806452,0.7222222222222222,0.5209259259259259,1.3864201919658727,0.07641196013289037,-27.439746365087665,-54.14602977365938,-9.35778700783229,0.9767441860465116,97.2936007943801,5.369936244435329,39.0,162.0,2023-09-06,2026-07-15
TJS,corridor_exit_up_L5_r200_b0bp,corridor_exit_up,window_closing,"{""breakout_bps"": 0.0, ""direction"": ""up"", ""lookback"": 5, ""max_range_bps"": 200.0}",3,rub_per_unit_at_T_plus_h_is_higher_than_at_T,63,63,0.4064516129032258,0.6190476190476191,0.5187830687830689,1.1932687404385516,0.07973421926910298,-22.7865389972914,-37.583299869672274,-9.558312098759314,0.9966777408637874,46.991836493740365,1.8886778893784204,10.5,88.0,2023-09-07,2026-08-28
TJS,corridor_exit_up_L5_r200_b25bp,corridor_exit_up,window_closing,"{""breakout_bps"": 25.0, ""direction"": ""up"", ""lookback"": 5, ""max_range_bps"": 200.0}",3,rub_per_unit_at_T_plus_h_is_higher_than_at_T,51,51,0.32903225806451614,0.6274509803921569,0.5196078431372548,1.207547169811321,0.05647840531561462,-28.5171622889458,-48.47557909495425,-13.20302881932475,1.0,59.22144958381621,3.080765216734672,14.5,88.0,2023-09-07,2026-08-28
TJS,corridor_exit_up_L5_r200_b50bp,corridor_exit_up,window_closing,"{""breakout_bps"": 50.0, ""direction"": ""up"", ""lookback"": 5, ""max_range_bps"": 200.0}",3,rub_per_unit_at_T_plus_h_is_higher_than_at_T,41,41,0.2645161290322581,0.6585365853658537,0.5273983739837399,1.2486511484507476,0.03986710963455149,-38.79594244677391,-61.60069646577573,-20.024435826009434,1.0,70.91466867945508,3.938950881577942,18.0,140.0,2023-09-06,2026-08-28
TJS,corridor_exit_up_L5_r400_b0bp,corridor_exit_up,window_closing,"{""breakout_bps"": 0.0, ""direction"": ""up"", ""lookback"": 5, ""max_range_bps"": 400.0}",3,rub_per_unit_at_T_plus_h_is_higher_than_at_T,78,78,0.5032258064516129,0.6538461538461539,0.5217521367521367,1.253173888115325,0.013289036544850499,-25.468261814547105,-39.35345153002958,-10.948037897622811,1.0,57.11071207650071,3.7260474792728218,11.0,56.0,2023-09-07,2026-08-28
TJS,corridor_exit_up_L5_r400_b25bp,corridor_exit_up,window_closing,"{""breakout_bps"": 25.0, ""direction"": ""up"", ""lookback"": 5, ""max_range_bps"": 400.0}",3,rub_per_unit_at_T_plus_h_is_higher_than_at_T,61,61,0.3935483870967742,0.639344262295082,0.526775956284153,1.2136929460580914,0.04983388704318937,-31.385852033227803,-49.38962948732531,-18.118153155390534,1.0,67.5962175415691,5.835254030177905,14.0,69.0,2023-09-07,2026-08-28
TJS,corridor_exit_up_L5_r400_b50bp,corridor_exit_up,window_closing,"{""breakout_bps"": 50.0, ""direction"": ""up"", ""lookback"": 5, ""max_range_bps"": 400.0}",3,rub_per_unit_at_T_plus_h_is_higher_than_at_T,49,49,0.3161290322580645,0.6530612244897959,0.5269387755102041,1.2393493415956622,0.04983388704318937,-43.87604454151587,-63.3179642694795,-26.25581442289174,1.0,69.89543094036912,4.779525187660156,16.5,81.0,2023-09-06,2026-08-28
TJS,corridor_exit_up_L5_r50_b0bp,corridor_exit_up,window_closing,"{""breakout_bps"": 0.0, ""direction"": ""up"", ""lookback"": 5, ""max_range_bps"": 50.0}",3,rub_per_unit_at_T_plus_h_is_higher_than_at_T,13,13,0.08387096774193549,0.7692307692307693,0.5261538461538461,1.4619883040935675,0.07641196013289037,8.412602374233263,-13.267103053316804,31.86885417398201,0.3023255813953488,124.92369088768221,3.7146390171078094,63.5,202.0,2023-09-29,2026-03-06
TJS,corridor_exit_up_L5_r50_b25bp,corridor_exit_up,window_closing,"{""breakout_bps"": 25.0, ""direction"": ""up"", ""lookback"": 5, ""max_range_bps"": 50.0}",3,rub_per_unit_at_T_plus_h_is_higher_than_at_T,7,7,0.04516129032258064,0.7142857142857143,0.53,1.3477088948787062,0.2857142857142857,5.427293851418033,-48.46853456804606,37.1552247461499,0.4152823920265781,161.76547644490535,4.270939994067038,78.0,486.0,2023-09-29,2026-03-06
TJS,corridor_exit_up_L5_r50_b50bp,corridor_exit_up,window_closing,"{""breakout_bps"": 50.0, ""direction"": ""up"", ""lookback"": 5, ""max_range_bps"": 50.0}",3,rub_per_unit_at_T_plus_h_is_higher_than_at_T,4,4,0.025806451612903226,0.75,0.49833333333333335,1.5050167224080266,0.2757475083056478,3.603152936905719,-86.33092763315697,64.77006462694334,0.3953488372093023,230.86906480494525,-4.314517459044065,115.0,486.0,2023-09-29,2025-07-25
UZS,corridor_exit_up_L10_r100_b0bp,corridor_exit_up,window_closing,"{""breakout_bps"": 0.0, ""direction"": ""up"", ""lookback"": 10, ""max_range_bps"": 100.0}",3,rub_per_unit_at_T_plus_h_is_higher_than_at_T,4,4,0.025806451612903226,1.0,0.5091666666666667,1.9639934533551555,0.06312292358803986,-14.86119660860874,-46.49002516689093,14.016961546495788,0.8006644518272426,84.68922855229155,-3.085253425732779,140.0,686.0,2023-09-29,2026-02-27
UZS,corridor_exit_up_L10_r100_b25bp,corridor_exit_up,window_closing,"{""breakout_bps"": 25.0, ""direction"": ""up"", ""lookback"": 10, ""max_range_bps"": 100.0}",3,rub_per_unit_at_T_plus_h_is_higher_than_at_T,3,3,0.01935483870967742,1.0,0.5077777777777778,1.9693654266958425,0.1362126245847176,-27.251984763617305,-49.2406955700686,5.722755236574617,1.0,39.83905657364358,-1.0637235558698919,371.0,686.0,2024-02-16,2026-02-27
UZS,corridor_exit_up_L10_r100_b50bp,corridor_exit_up,window_closing,"{""breakout_bps"": 50.0, ""direction"": ""up"", ""lookback"": 10, ""max_range_bps"": 100.0}",3,rub_per_unit_at_T_plus_h_is_higher_than_at_T,2,2,0.012903225806451613,1.0,0.5016666666666667,1.9933554817275747,0.2823920265780731,-43.739354763713266,-49.2406955700686,-38.23801395735793,1.0,28.76906880819541,-1.748915669823815,686.0,686.0,2024-04-12,2026-02-27
UZS,corridor_exit_up_L10_r200_b0bp,corridor_exit_up,window_closing,"{""breakout_bps"": 0.0, ""direction"": ""up"", ""lookback"": 10, ""max_range_bps"": 200.0}",3,rub_per_unit_at_T_plus_h_is_higher_than_at_T,24,24,0.15483870967741936,0.75,0.5,1.5,0.013289036544850499,-15.997147676692867,-30.077937697847535,-1.8594529334184182,0.9900332225913622,70.33416926463721,-2.6434548572890497,27.0,208.0,2023-09-29,2026-07-30
UZS,corridor_exit_up_L10_r200_b25bp,corridor_exit_up,window_closing,"{""breakout_bps"": 25.0, ""direction"": ""up"", ""lookback"": 10, ""max_range_bps"": 200.0}",3,rub_per_unit_at_T_plus_h_is_higher_than_at_T,19,19,0.12258064516129032,0.8421052631578947,0.5049122807017544,1.6678248783877692,0.006644518272425249,-20.458930191227715,-40.04055433361197,-3.1696574252831686,0.9767441860465116,90.41503033156393,-1.6112013433859353,37.5,209.0,2023-09-30,2026-07-30
UZS,corridor_exit_up_L10_r200_b50bp,corridor_exit_up,window_closing,"{""breakout_bps"": 50.0, ""direction"": ""up"", ""lookback"": 10, ""max_range_bps"": 200.0}",3,rub_per_unit_at_T_plus_h_is_higher_than_at_T,15,15,0.0967741935483871,0.8666666666666667,0.5004444444444445,1.7317939609236235,0.0033222591362126247,-27.926947466384657,-49.884957270196814,-3.883816271235804,0.9966777408637874,85.36602281718332,-4.615435938927794,55.5,247.0,2023-10-03,2026-07-30
UZS,corridor_exit_up_L10_r400_b0bp,corridor_exit_up,window_closing,"{""breakout_bps"": 0.0, ""direction"": ""up"", ""lookback"": 10, ""max_range_bps"": 400.0}",3,rub_per_unit_at_T_plus_h_is_higher_than_at_T,44,44,0.2838709677419355,0.6590909090909091,0.5071212121212121,1.2996713474753512,0.026578073089700997,-25.451244070963945,-44.749206519289785,-5.8508571166466945,0.9867109634551495,61.61295354126474,-1.1341668628311008,21.0,92.0,2023-09-07,2026-08-28
UZS,corridor_exit_up_L10_r400_b25bp,corridor_exit_up,window_closing,"{""breakout_bps"": 25.0, ""direction"": ""up"", ""lookback"": 10, ""max_range_bps"": 400.0}",3,rub_per_unit_at_T_plus_h_is_higher_than_at_T,36,36,0.23225806451612904,0.75,0.5002777777777777,1.499167129372571,0.0033222591362126247,-30.909405647828187,-55.653259073805316,-12.303247494501374,0.9933554817275747,79.02151502952088,-1.8394844280528464,22.0,120.0,2023-09-08,2026-08-28
UZS,corridor_exit_up_L10_r400_b50bp,corridor_exit_up,window_closing,"{""breakout_bps"": 50.0, ""direction"": ""up"", ""lookback"": 10, ""max_range_bps"": 400.0}",3,rub_per_unit_at_T_plus_h_is_higher_than_at_T,30,30,0.1935483870967742,0.7666666666666667,0.5018888888888888,1.527562541509852,0.0033222591362126247,-30.04378126215816,-48.642534887191566,-9.71687778907003,0.9933554817275747,93.92420566683275,-3.2881991638121044,23.0,170.0,2023-09-06,2026-08-28
UZS,corridor_exit_up_L20_r200_b0bp,corridor_exit_up,window_closing,"{""breakout_bps"": 0.0, ""direction"": ""up"", ""lookback"": 20, ""max_range_bps"": 200.0}",3,rub_per_unit_at_T_plus_h_is_higher_than_at_T,3,3,0.01935483870967742,1.0,0.4944444444444444,2.0224719101123596,0.12956810631229235,4.4347937598461975,-23.12445745459672,44.439739685970814,0.32558139534883723,105.66133962074694,3.4513534272655138,345.5,486.0,2024-04-12,2026-03-04
UZS,corridor_exit_up_L20_r200_b25bp,corridor_exit_up,window_closing,"{""breakout_bps"": 25.0, ""direction"": ""up"", ""lookback"": 20, ""max_range_bps"": 200.0}",3,rub_per_unit_at_T_plus_h_is_higher_than_at_T,3,3,0.01935483870967742,0.3333333333333333,0.5022222222222222,0.663716814159292,0.8870431893687708,-17.02850902563909,-39.5609181831258,22.286169625771453,0.8770764119601329,0.24395618348326784,-1.6623659759292309,343.5,484.0,2024-04-17,2026-03-05
UZS,corridor_exit_up_L20_r200_b50bp,corridor_exit_up,window_closing,"{""breakout_bps"": 50.0, ""direction"": ""up"", ""lookback"": 20, ""max_range_bps"": 200.0}",3,rub_per_unit_at_T_plus_h_is_higher_than_at_T,1,1,0.0064516129032258064,0.0,0.5533333333333333,0.0,1.0,-45.311057846688655,,,,-100.51102971343818,18.77782462541352,,,2024-04-17,2024-04-17
UZS,corridor_exit_up_L20_r400_b0bp,corridor_exit_up,window_closing,"{""breakout_bps"": 0.0, ""direction"": ""up"", ""lookback"": 20, ""max_range_bps"": 400.0}",3,rub_per_unit_at_T_plus_h_is_higher_than_at_T,19,19,0.12258064516129032,0.7894736842105263,0.5056140350877193,1.5614156835530881,0.023255813953488372,-8.431563742990507,-38.0699838586783,19.013632975551737,0.7275747508305648,98.97408052509837,0.19502390424208899,33.5,211.0,2023-10-03,2026-07-30
UZS,corridor_exit_up_L20_r400_b25bp,corridor_exit_up,window_closing,"{""breakout_bps"": 25.0, ""direction"": ""up"", ""lookback"": 20, ""max_range_bps"": 400.0}",3,rub_per_unit_at_T_plus_h_is_higher_than_at_T,17,17,0.10967741935483871,0.7647058823529411,0.499607843137255,1.5306122448979589,0.029900332225913623,-13.442362860032132,-35.10436516881419,4.251833932948795,0.893687707641196,91.59923099365132,-4.277054500320424,38.0,210.0,2023-10-04,2026-07-30
UZS,corridor_exit_up_L20_r400_b50bp,corridor_exit_up,window_closing,"{""breakout_bps"": 50.0, ""direction"": ""up"", ""lookback"": 20, ""max_range_bps"": 400.0}",3,rub_per_unit_at_T_plus_h_is_higher_than_at_T,13,13,0.08387096774193549,0.7692307692307693,0.5064102564102565,1.5189873417721518,0.07641196013289037,-25.397475183903932,-54.52388681651503,-0.08319862940635911,0.9667774086378738,71.5596705911374,-1.5682464330145074,58.0,214.0,2023-10-04,2026-07-30
UZS,corridor_exit_up_L5_r100_b0bp,corridor_exit_up,window_closing,"{""breakout_bps"": 0.0, ""direction"": ""up"", ""lookback"": 5, ""max_range_bps"": 100.0}",3,rub_per_unit_at_T_plus_h_is_higher_than_at_T,29,29,0.1870967741935484,0.7241379310344828,0.5005747126436781,1.4466130884041333,0.013289036544850499,-15.423041124239614,-38.43991839109254,3.743108002616889,0.9235880398671097,78.43965941410575,-1.903606708948923,23.0,138.0,2023-09-05,2026-07-30
UZS,corridor_exit_up_L5_r100_b25bp,corridor_exit_up,window_closing,"{""breakout_bps"": 25.0, ""direction"": ""up"", ""lookback"": 5, ""max_range_bps"": 100.0}",3,rub_per_unit_at_T_plus_h_is_higher_than_at_T,24,24,0.15483870967741936,0.7916666666666666,0.5080555555555555,1.5582285401858942,0.006644518272425249,-26.620964806166,-47.377165262168695,-7.171188573305132,0.9867109634551495,75.36281081894168,2.2905747236113174,27.0,155.0,2023-09-06,2026-07-30
UZS,corridor_exit_up_L5_r100_b50bp,corridor_exit_up,window_closing,"{""breakout_bps"": 50.0, ""direction"": ""up"", ""lookback"": 5, ""max_range_bps"": 100.0}",3,rub_per_unit_at_T_plus_h_is_higher_than_at_T,19,19,0.12258064516129032,0.8421052631578947,0.5071929824561404,1.6603251470079554,0.0033222591362126247,-31.510564224178875,-58.65706886361408,-7.854132158037984,0.9800664451827242,84.29549129853983,1.8469891978066002,46.5,162.0,2023-09-06,2026-07-30
UZS,corridor_exit_up_L5_r200_b0bp,corridor_exit_up,window_closing,"{""breakout_bps"": 0.0, ""direction"": ""up"", ""lookback"": 5, ""max_range_bps"": 200.0}",3,rub_per_unit_at_T_plus_h_is_higher_than_at_T,56,56,0.36129032258064514,0.5892857142857143,0.49434523809523817,1.1920529801324502,0.08970099667774087,-22.034750863684682,-43.158422456356064,-5.400213113165674,0.9800664451827242,53.80229947268213,-4.127818381524818,14.0,89.0,2023-09-06,2026-08-13
UZS,corridor_exit_up_L5_r200_b25bp,corridor_exit_up,window_closing,"{""breakout_bps"": 25.0, ""direction"": ""up"", ""lookback"": 5, ""max_range_bps"": 200.0}",3,rub_per_unit_at_T_plus_h_is_higher_than_at_T,46,46,0.2967741935483871,0.6304347826086957,0.506159420289855,1.2455261274158913,0.07973421926910298,-33.1950016137214,-52.240432275250036,-13.207077330433425,1.0,40.22279599925624,-0.9826510671176705,20.0,84.0,2023-09-08,2026-08-13
UZS,corridor_exit_up_L5_r200_b50bp,corridor_exit_up,window_closing,"{""breakout_bps"": 50.0, ""direction"": ""up"", ""lookback"": 5, ""max_range_bps"": 200.0}",3,rub_per_unit_at_T_plus_h_is_higher_than_at_T,39,39,0.25161290322580643,0.6410256410256411,0.5083760683760683,1.2609280430396774,0.06312292358803986,-42.174876891533074,-61.68653056416821,-24.166116630790526,1.0,44.15959125188824,-0.7197842047382463,20.0,84.0,2023-09-06,2026-08-13
UZS,corridor_exit_up_L5_r400_b0bp,corridor_exit_up,window_closing,"{""breakout_bps"": 0.0, ""direction"": ""up"", ""lookback"": 5, ""max_range_bps"": 400.0}",3,rub_per_unit_at_T_plus_h_is_higher_than_at_T,70,70,0.45161290322580644,0.6142857142857143,0.5043809523809524,1.2179003021148038,0.023255813953488372,-30.07729730779599,-46.44135238177875,-15.456678521315952,1.0,59.90600834969221,-1.8623235662148916,13.0,58.0,2023-09-06,2026-08-28
UZS,corridor_exit_up_L5_r400_b25bp,corridor_exit_up,window_closing,"{""breakout_bps"": 25.0, ""direction"": ""up"", ""lookback"": 5, ""max_range_bps"": 400.0}",3,rub_per_unit_at_T_plus_h_is_higher_than_at_T,59,59,0.38064516129032255,0.6440677966101694,0.5076836158192091,1.268640106832851,0.036544850498338874,-39.154995743486936,-58.95101509726067,-22.542259059236276,1.0,48.43280013883688,-0.29907296121490656,13.0,76.0,2023-09-08,2026-08-28
UZS,corridor_exit_up_L5_r400_b50bp,corridor_exit_up,window_closing,"{""breakout_bps"": 50.0, ""direction"": ""up"", ""lookback"": 5, ""max_range_bps"": 400.0}",3,rub_per_unit_at_T_plus_h_is_higher_than_at_T,50,50,0.3225806451612903,0.62,0.5053333333333334,1.2269129287598943,0.04318936877076412,-51.57449437020407,-69.17341976732037,-35.76544032094696,1.0,42.64895773422295,0.05947961068295494,15.0,81.0,2023-09-06,2026-08-28
UZS,corridor_exit_up_L5_r50_b0bp,corridor_exit_up,window_closing,"{""breakout_bps"": 0.0, ""direction"": ""up"", ""lookback"": 5, ""max_range_bps"": 50.0}",3,rub_per_unit_at_T_plus_h_is_higher_than_at_T,7,7,0.04516129032258064,1.0,0.5133333333333332,1.9480519480519485,0.016611295681063124,2.2595675109786972,-25.62540992271508,21.33529308188918,0.42524916943521596,156.24472770486938,1.3850137065045796,68.5,461.0,2023-12-02,2026-02-27
UZS,corridor_exit_up_L5_r50_b25bp,corridor_exit_up,window_closing,"{""breakout_bps"": 25.0, ""direction"": ""up"", ""lookback"": 5, ""max_range_bps"": 50.0}",3,rub_per_unit_at_T_plus_h_is_higher_than_at_T,5,5,0.03225806451612903,1.0,0.5059999999999999,1.9762845849802375,0.04318936877076412,3.013265929262322,-29.236045207780236,29.834794888869975,0.3920265780730897,197.8688187547184,-5.414823449432621,151.0,461.0,2023-12-02,2026-02-27
UZS,corridor_exit_up_L5_r50_b50bp,corridor_exit_up,window_closing,"{""breakout_bps"": 50.0, ""direction"": ""up"", ""lookback"": 5, ""max_range_bps"": 50.0}",3,rub_per_unit_at_T_plus_h_is_higher_than_at_T,4,4,0.025806451612903226,1.0,0.5058333333333334,1.9769357495881383,0.06976744186046512,2.335893602434247,-31.191017597075323,33.16479410502227,0.42524916943521596,231.841265417263,0.012632065369400607,226.0,461.0,2023-12-02,2026-02-27
AMD,level_L120_p70,level,favourable_now,"{""higher_share"": 0.7, ""lookback"": 120}",3,no_lower_price_in_next_h_observations,78,78,0.5032258064516129,0.32051282051282054,0.35354700854700855,0.90656351988396,0.7807308970099668,7.829851029561419,-7.075421222833399,23.325191146928585,0.16279069767441862,-10.257445786493102,0.7732470545986607,6.0,189.0,2023-11-01,2026-06-18
AMD,level_L120_p80,level,favourable_now,"{""higher_share"": 0.8, ""lookback"": 120}",3,no_lower_price_in_next_h_observations,69,69,0.44516129032258067,0.30434782608695654,0.34135265700483086,0.8915935465609965,0.8073089700996677,24.166435770771773,0.3792910777043146,55.607573529423476,0.03986710963455149,15.505918592526665,-2.8769841748207674,6.0,188.0,2023-11-15,2026-06-19
AMD,level_L120_p90,level,favourable_now,"{""higher_share"": 0.9, ""lookback"": 120}",3,no_lower_price_in_next_h_observations,52,52,0.33548387096774196,0.2692307692307692,0.3490384615384616,0.7713498622589531,0.9435215946843853,26.509371859954506,1.0768748165001076,65.54189976536689,0.09966777408637874,4.742262968545692,2.055390344284251,6.0,192.0,2023-12-15,2026-06-10
AMD,level_L120_p95,level,favourable_now,"{""higher_share"": 0.95, ""lookback"": 120}",3,no_lower_price_in_next_h_observations,39,39,0.25161290322580643,0.28205128205128205,0.3474358974358974,0.8118081180811808,0.8637873754152824,36.54798676081291,11.083030819422452,88.76282967913102,0.07641196013289037,16.729240144861095,1.2776796912128616,6.0,191.0,2024-01-11,2026-05-29
AMD,level_L20_p70,level,favourable_now,"{""higher_share"": 0.7, ""lookback"": 20}",3,no_lower_price_in_next_h_observations,88,88,0.567741935483871,0.2727272727272727,0.35117424242424244,0.7766152518606406,0.9700996677740864,7.6912295607849765,-9.173220942562246,25.522347675531083,0.16279069767441862,-34.360412932757164,-0.9740100259980513,6.0,93.0,2023-09-23,2026-05-28
AMD,level_L20_p80,level,favourable_now,"{""higher_share"": 0.8, ""lookback"": 20}",3,no_lower_price_in_next_h_observations,76,76,0.49032258064516127,0.25,0.3487719298245614,0.7168008048289739,0.973421926910299,25.130914186978593,8.032653645473333,44.033304003645235,0.016611295681063124,-15.526798453669997,-0.758663556083113,6.0,126.0,2023-09-23,2026-05-30
AMD,level_L20_p90,level,favourable_now,"{""higher_share"": 0.9, ""lookback"": 20}",3,no_lower_price_in_next_h_observations,64,64,0.4129032258064516,0.25,0.35348958333333336,0.707234418741712,0.9900332225913622,50.753556506380974,26.87982020791121,79.72598543864432,0.0033222591362126247,8.779361069455039,-0.6854772678379103,7.0,123.0,2023-09-30,2026-05-23
AMD,level_L20_p95,level,favourable_now,"{""higher_share"": 0.95, ""lookback"": 20}",3,no_lower_price_in_next_h_observations,52,52,0.33548387096774196,0.34615384615384615,0.350576923076923,0.9873834339001647,0.6245847176079734,65.60702233843557,34.76532658872475,104.11631144319318,0.0033222591362126247,21.553256781214994,-1.9109145790932613,10.0,123.0,2023-09-30,2026-05-28
AMD,level_L250_p70,level,favourable_now,"{""higher_share"": 0.7, ""lookback"": 250}",3,no_lower_price_in_next_h_observations,72,72,0.4645161290322581,0.3333333333333333,0.34768518518518515,0.9587217043941412,0.6478405315614618,12.134576140386237,-2.7521099074265787,34.24300115329372,0.15946843853820597,4.110475537974949,-0.5600233562799167,6.0,193.0,2024-06-19,2026-06-23
AMD,level_L250_p80,level,favourable_now,"{""higher_share"": 0.8, ""lookback"": 250}",3,no_lower_price_in_next_h_observations,61,61,0.3935483870967742,0.3442622950819672,0.34994535519125686,0.9837601499063084,0.5946843853820598,27.014964559967066,1.81532292285645,65.09975232254443,0.10631229235880399,28.552310898244187,0.019638997754488657,6.0,199.0,2024-06-20,2026-06-18
AMD,level_L250_p90,level,favourable_now,"{""higher_share"": 0.9, ""lookback"": 250}",3,no_lower_price_in_next_h_observations,48,48,0.3096774193548387,0.25,0.35236111111111107,0.7094994087504928,0.9501661129568106,29.27826718581548,1.1273151370403556,80.43389057381191,0.09966777408637874,24.10804189803393,-0.049770693192727054,6.0,199.0,2024-06-20,2026-06-19
AMD,level_L250_p95,level,favourable_now,"{""higher_share"": 0.95, ""lookback"": 250}",3,no_lower_price_in_next_h_observations,41,41,0.2645161290322581,0.3170731707317073,0.3476422764227642,0.9120673526660431,0.707641196013289,42.11187400188746,14.666759659297398,88.89427553010948,0.03986710963455149,46.06086520270875,-1.2345389035900733,6.0,204.0,2024-06-20,2026-06-10
AMD,level_L60_p70,level,favourable_now,"{""higher_share"": 0.7, ""lookback"": 60}",3,no_lower_price_in_next_h_observations,91,91,0.5870967741935483,0.27472527472527475,0.35285714285714287,0.7785736530675802,0.9501661129568106,21.39755332387011,8.32106153546161,38.90276140085132,0.009966777408637873,-0.9497686783599264,-0.09983318816997179,6.0,122.0,2023-10-04,2026-06-12
AMD,level_L60_p80,level,favourable_now,"{""higher_share"": 0.8, ""lookback"": 60}",3,no_lower_price_in_next_h_observations,81,81,0.5225806451612903,0.345679012345679,0.34489711934156375,1.0022670325736787,0.5448504983388704,32.52980324032889,17.210894987386553,50.13611767372357,0.0033222591362126247,16.576588391185695,-0.6943562137436179,6.0,167.0,2023-10-05,2026-06-10
AMD,level_L60_p90,level,favourable_now,"{""higher_share"": 0.9, ""lookback"": 60}",3,no_lower_price_in_next_h_observations,60,60,0.3870967741935484,0.31666666666666665,0.34400000000000003,0.9205426356589146,0.7408637873754153,31.94993427706071,8.76332090929609,66.68138274196812,0.03986710963455149,5.451358850680782,-2.2929978330356575,6.0,170.0,2023-10-05,2026-05-28
AMD,level_L60_p95,level,favourable_now,"{""higher_share"": 0.95, ""lookback"": 60}",3,no_lower_price_in_next_h_observations,51,51,0.32903225806451614,0.3333333333333333,0.3506535947712418,0.9506057781919851,0.6877076411960132,58.18214446724447,32.07994340812604,88.4847099381395,0.0033222591362126247,35.02618509257569,0.2009880110403219,7.0,170.0,2023-10-05,2026-05-30
KGS,level_L120_p70,level,favourable_now,"{""higher_share"": 0.7, ""lookback"": 120}",3,no_lower_price_in_next_h_observations,82,82,0.5290322580645161,0.34146341463414637,0.34085365853658534,1.001788908765653,0.5348837209302325,26.71447919601335,11.248814112854717,46.37765876888004,0.006644518272425249,7.109712731546882,-5.287008658210478,6.0,183.0,2023-11-15,2026-06-23
KGS,level_L120_p80,level,favourable_now,"{""higher_share"": 0.8, ""lookback"": 120}",3,no_lower_price_in_next_h_observations,71,71,0.45806451612903226,0.28169014084507044,0.34807511737089203,0.8092797410304828,0.9069767441860465,14.53180973550676,5.164338760671493,26.322418945009357,0.013289036544850499,-10.837348419380437,-2.670545215728931,6.0,190.0,2023-11-16,2026-06-17
KGS,level_L120_p90,level,favourable_now,"{""higher_share"": 0.9, ""lookback"": 120}",3,no_lower_price_in_next_h_observations,53,53,0.3419354838709677,0.18867924528301888,0.3492452830188679,0.5402485143165857,0.9966777408637874,16.4387430988781,-1.6669980643727096,40.04983479932362,0.08637873754152824,-10.604806471832307,-2.9129532641275206,6.0,192.0,2024-01-11,2026-06-10
KGS,level_L120_p95,level,favourable_now,"{""higher_share"": 0.95, ""lookback"": 120}",3,no_lower_price_in_next_h_observations,44,44,0.2838709677419355,0.22727272727272727,0.3502272727272727,0.6489292667099286,0.9700996677740864,29.117379118096906,-0.3911030851321439,87.2801392651966,0.10299003322259136,0.7083938758062309,-0.8891938016819251,6.0,192.0,2024-01-12,2026-05-27
KGS,level_L20_p70,level,favourable_now,"{""higher_share"": 0.7, ""lookback"": 20}",3,no_lower_price_in_next_h_observations,89,89,0.5741935483870968,0.29213483146067415,0.3483895131086142,0.8385293485271985,0.9269102990033222,21.80854625842979,4.032021770862901,40.33022623176209,0.016611295681063124,-23.915195205661128,-3.210385894760292,6.0,122.0,2023-09-13,2026-05-27
KGS,level_L20_p80,level,favourable_now,"{""higher_share"": 0.8, ""lookback"": 20}",3,no_lower_price_in_next_h_observations,76,76,0.49032258064516127,0.25,0.3488157894736842,0.7167106752168994,1.0,33.82679426606302,14.823105697828675,58.83780466017161,0.006644518272425249,-9.081528885469565,-3.6357379434398656,6.0,122.0,2023-09-22,2026-05-28
KGS,level_L20_p90,level,favourable_now,"{""higher_share"": 0.9, ""lookback"": 20}",3,no_lower_price_in_next_h_observations,65,65,0.41935483870967744,0.24615384615384617,0.3481538461538462,0.7070260715863896,0.9634551495016611,42.990458625802916,24.460042067679467,66.42215319886071,0.006644518272425249,-10.31198229736117,-2.7157985101606843,7.0,139.0,2023-10-21,2026-05-28
KGS,level_L20_p95,level,favourable_now,"{""higher_share"": 0.95, ""lookback"": 20}",3,no_lower_price_in_next_h_observations,51,51,0.32903225806451614,0.23529411764705882,0.34431372549019607,0.683371298405467,0.9867109634551495,38.782034023156555,22.21304214250445,63.3303387829658,0.0033222591362126247,-19.536378667686943,-2.5068106843984035,7.0,142.0,2023-10-21,2026-05-28
KGS,level_L250_p70,level,favourable_now,"{""higher_share"": 0.7, ""lookback"": 250}",3,no_lower_price_in_next_h_observations,77,77,0.4967741935483871,0.2987012987012987,0.34510822510822514,0.8655293527345709,0.840531561461794,17.840868026380377,-0.9194677151886836,43.529185788542094,0.0664451827242525,15.959185457260451,-3.2780002984252383,6.0,199.0,2024-05-28,2026-07-14
KGS,level_L250_p80,level,favourable_now,"{""higher_share"": 0.8, ""lookback"": 250}",3,no_lower_price_in_next_h_observations,66,66,0.4258064516129032,0.3484848484848485,0.3463636363636364,1.006124234470691,0.5348837209302325,16.836734467045588,0.48419934489024125,37.291322934882615,0.059800664451827246,13.525676890262162,-3.821785347851123,6.0,199.0,2024-06-19,2026-07-10
KGS,level_L250_p90,level,favourable_now,"{""higher_share"": 0.9, ""lookback"": 250}",3,no_lower_price_in_next_h_observations,52,52,0.33548387096774196,0.19230769230769232,0.35160256410256413,0.5469462169553327,0.9900332225913622,13.703083636723164,-15.140919910014183,53.95509227156299,0.18272425249169436,-7.906492240194996,-2.5842064511687703,6.0,238.0,2024-06-20,2026-06-17
KGS,level_L250_p95,level,favourable_now,"{""higher_share"": 0.95, ""lookback"": 250}",3,no_lower_price_in_next_h_observations,46,46,0.2967741935483871,0.1956521739130435,0.3476086956521739,0.5628517823639776,1.0,29.856575774101596,7.125127855488648,75.23479861323051,0.07973421926910298,17.954855126347244,-2.998835810965319,6.0,239.0,2024-06-20,2026-06-10
KGS,level_L60_p70,level,favourable_now,"{""higher_share"": 0.7, ""lookback"": 60}",3,no_lower_price_in_next_h_observations,85,85,0.5483870967741935,0.24705882352941178,0.34701960784313723,0.7119448525257092,0.9867109634551495,10.350621308828416,-2.800118883328622,25.292599048918202,0.07308970099667775,-28.36107767775524,-3.47189781411938,6.0,170.0,2023-10-21,2026-06-17
KGS,level_L60_p80,level,favourable_now,"{""higher_share"": 0.8, ""lookback"": 60}",3,no_lower_price_in_next_h_observations,73,73,0.47096774193548385,0.2054794520547945,0.34762557077625567,0.5910941810061737,1.0,19.941046678032126,5.313493587826182,38.347770046028394,0.023255813953488372,-19.038481774987353,-2.5413446299281772,6.0,170.0,2023-10-24,2026-06-10
KGS,level_L60_p90,level,favourable_now,"{""higher_share"": 0.9, ""lookback"": 60}",3,no_lower_price_in_next_h_observations,62,62,0.4,0.22580645161290322,0.34586021505376346,0.6528835690968443,1.0,20.349361487693887,0.006904299416757378,42.71657310848659,0.053156146179401995,-27.878697069544756,-3.9136780563230453,6.0,170.0,2023-10-24,2026-05-27
KGS,level_L60_p95,level,favourable_now,"{""higher_share"": 0.95, ""lookback"": 60}",3,no_lower_price_in_next_h_observations,50,50,0.3225806451612903,0.2,0.34506666666666663,0.5795981452859352,1.0,48.37920715603082,24.034198868166442,86.45099367352636,0.013289036544850499,-0.07001320794473799,-4.144623735971597,7.0,209.0,2023-10-25,2026-05-28
KZT,level_L120_p70,level,favourable_now,"{""higher_share"": 0.7, ""lookback"": 120}",3,no_lower_price_in_next_h_observations,79,79,0.5096774193548387,0.4050632911392405,0.3259071729957806,1.2428793371310203,0.08305647840531562,30.04569380591149,16.86456113663225,48.463025045814916,0.0033222591362126247,-4.486347476406019,-5.013240403278146,6.0,137.0,2023-11-01,2026-06-18
KZT,level_L120_p80,level,favourable_now,"{""higher_share"": 0.8, ""lookback"": 120}",3,no_lower_price_in_next_h_observations,66,66,0.4258064516129032,0.4090909090909091,0.3251010101010101,1.2583501631194656,0.07973421926910298,38.00945887662637,19.513547219497397,60.94090955224377,0.006644518272425249,-1.4598963325977437,-2.6909333920018166,6.0,204.0,2023-11-16,2026-06-18
KZT,level_L120_p90,level,favourable_now,"{""higher_share"": 0.9, ""lookback"": 120}",3,no_lower_price_in_next_h_observations,53,53,0.3419354838709677,0.37735849056603776,0.3260377358490566,1.1574074074074074,0.2724252491694352,38.2449429859035,13.377004485089897,82.28472354969149,0.04318936877076412,-1.1736247384210299,-5.22745934800689,6.0,205.0,2024-01-13,2026-06-16
KZT,level_L120_p95,level,favourable_now,"{""higher_share"": 0.95, ""lookback"": 120}",3,no_lower_price_in_next_h_observations,43,43,0.27741935483870966,0.3488372093023256,0.3237984496124031,1.0773282259995212,0.39867109634551495,58.352528584799,31.5455120856279,89.8043807062179,0.0033222591362126247,34.127463956483055,-3.78937418426469,6.0,205.0,2024-06-14,2026-06-17
KZT,level_L20_p70,level,favourable_now,"{""higher_share"": 0.7, ""lookback"": 20}",3,no_lower_price_in_next_h_observations,96,96,0.6193548387096774,0.375,0.3304861111111111,1.1346921622189536,0.19933554817275748,43.0440062754085,29.27206136183425,55.29256504332064,0.0033222591362126247,6.153245407482096,-2.204222662056595,6.0,68.0,2023-09-12,2026-06-17
KZT,level_L20_p80,level,favourable_now,"{""higher_share"": 0.8, ""lookback"": 20}",3,no_lower_price_in_next_h_observations,85,85,0.5483870967741935,0.3058823529411765,0.32635294117647057,0.9372746935832734,0.6843853820598007,40.81384684616401,25.324459181690315,54.42566498713618,0.0033222591362126247,0.5855471684907815,-3.054911254563296,6.0,92.0,2023-09-13,2026-06-17
KZT,level_L20_p90,level,favourable_now,"{""higher_share"": 0.9, ""lookback"": 20}",3,no_lower_price_in_next_h_observations,67,67,0.432258064516129,0.29850746268656714,0.32980099502487564,0.9051138934982651,0.7508305647840532,62.112565237212415,42.94463848518095,81.33383416737794,0.0033222591362126247,12.500071602419915,-0.9275808634796356,7.0,120.0,2023-09-13,2026-06-17
KZT,level_L20_p95,level,favourable_now,"{""higher_share"": 0.95, ""lookback"": 20}",3,no_lower_price_in_next_h_observations,47,47,0.3032258064516129,0.3617021276595745,0.32787234042553187,1.1031797534068788,0.3388704318936877,78.66220445194124,50.23180285610488,107.67305153050926,0.0033222591362126247,19.7881122451923,-1.0188057572446205,11.5,122.0,2023-09-21,2026-06-11
KZT,level_L250_p70,level,favourable_now,"{""higher_share"": 0.7, ""lookback"": 250}",3,no_lower_price_in_next_h_observations,82,82,0.5290322580645161,0.34146341463414637,0.3276829268292682,1.0420543356903613,0.45182724252491696,11.728186472331622,-7.79132462981077,35.85093854910204,0.18272425249169436,-2.4214170962858943,-3.2014912464453102,6.0,111.0,2024-06-05,2026-06-16
KZT,level_L250_p80,level,favourable_now,"{""higher_share"": 0.8, ""lookback"": 250}",3,no_lower_price_in_next_h_observations,66,66,0.4258064516129032,0.3787878787878788,0.32696969696969697,1.1584800741427248,0.2292358803986711,28.60006334941086,11.58168323681275,51.84557791622413,0.009966777408637873,-6.2346826999941065,-1.3384713688893126,6.0,138.0,2024-06-14,2026-06-17
KZT,level_L250_p90,level,favourable_now,"{""higher_share"": 0.9, ""lookback"": 250}",3,no_lower_price_in_next_h_observations,52,52,0.33548387096774196,0.34615384615384615,0.32391025641025645,1.0686720759944586,0.42857142857142855,12.356615073976657,-11.701229317018049,44.975832975503444,0.2425249169435216,-21.06335591769274,-4.0300015673377345,6.0,212.0,2024-06-19,2026-06-17
KZT,level_L250_p95,level,favourable_now,"{""higher_share"": 0.95, ""lookback"": 250}",3,no_lower_price_in_next_h_observations,46,46,0.2967741935483871,0.2826086956521739,0.3290579710144928,0.8588416648315347,0.8172757475083057,35.503787727966525,9.229269940081759,83.85185624232075,0.07973421926910298,19.533285023894006,-1.822674461925201,6.0,214.0,2024-06-20,2026-06-11
KZT,level_L60_p70,level,favourable_now,"{""higher_share"": 0.7, ""lookback"": 60}",3,no_lower_price_in_next_h_observations,83,83,0.535483870967742,0.2891566265060241,0.3291566265060241,0.8784773060029282,0.8073089700996677,13.626464058554074,-3.1289580482389043,33.32423982606698,0.09966777408637874,-27.648724247870625,-2.9319841279113317,6.0,123.0,2023-09-22,2026-06-18
KZT,level_L60_p80,level,favourable_now,"{""higher_share"": 0.8, ""lookback"": 60}",3,no_lower_price_in_next_h_observations,80,80,0.5161290322580645,0.2125,0.32133333333333336,0.6613070539419087,0.9867109634551495,21.955294785342584,2.1890537154291767,47.9352685720771,0.036544850498338874,5.95527617209854,-4.872718325258523,6.0,129.0,2023-09-22,2026-06-19
KZT,level_L60_p90,level,favourable_now,"{""higher_share"": 0.9, ""lookback"": 60}",3,no_lower_price_in_next_h_observations,66,66,0.4258064516129032,0.3939393939393939,0.32252525252525255,1.2214218603194487,0.13953488372093023,49.13248234186767,29.585660233089527,67.28792809980911,0.0033222591362126247,14.718361770247776,-4.322489671032732,6.0,179.0,2023-09-23,2026-06-17
KZT,level_L60_p95,level,favourable_now,"{""higher_share"": 0.95, ""lookback"": 60}",3,no_lower_price_in_next_h_observations,52,52,0.33548387096774196,0.3076923076923077,0.3258974358974359,0.9441384736428009,0.6677740863787376,49.80048773635766,27.504940222530113,87.23387569287638,0.006644518272425249,-0.527957522577415,-5.390044263138241,6.0,182.0,2023-09-29,2026-06-17
TJS,level_L120_p70,level,favourable_now,"{""higher_share"": 0.7, ""lookback"": 120}",3,no_lower_price_in_next_h_observations,71,71,0.45806451612903226,0.29577464788732394,0.3757746478873239,0.7871064467766118,0.9302325581395349,24.001277822343397,5.58036426305032,48.755487251325256,0.036544850498338874,8.025376583971655,4.114526885182202,6.0,185.0,2023-11-16,2026-06-23
TJS,level_L120_p80,level,favourable_now,"{""higher_share"": 0.8, ""lookback"": 120}",3,no_lower_price_in_next_h_observations,61,61,0.3935483870967742,0.39344262295081966,0.3753551912568306,1.04818750909885,0.43853820598006643,24.454543199607844,8.093990507255112,46.2567126185568,0.009966777408637873,4.2769001555738635,5.35580812704007,6.0,219.0,2023-11-16,2026-06-19
TJS,level_L120_p90,level,favourable_now,"{""higher_share"": 0.9, ""lookback"": 120}",3,no_lower_price_in_next_h_observations,39,39,0.25161290322580643,0.20512820512820512,0.3776923076923077,0.5431093007467752,1.0,20.931915054662113,-1.0156365809417565,46.92578842498103,0.06976744186046512,-4.883850801416189,4.320370338433952,6.0,262.0,2024-01-11,2026-06-10
TJS,level_L120_p95,level,favourable_now,"{""higher_share"": 0.95, ""lookback"": 120}",3,no_lower_price_in_next_h_observations,31,31,0.2,0.3225806451612903,0.3780645161290323,0.8532423208191126,0.8239202657807309,54.192441243143016,13.713539905412652,123.32506442411781,0.06976744186046512,26.78166408735445,3.256648185579387,7.0,276.0,2024-01-13,2026-06-10
TJS,level_L20_p70,level,favourable_now,"{""higher_share"": 0.7, ""lookback"": 20}",3,no_lower_price_in_next_h_observations,80,80,0.5161290322580645,0.3875,0.37179166666666663,1.042250364227278,0.4485049833887043,36.33074541097726,12.107390946798043,60.50986160982069,0.006644518272425249,4.538213900281461,2.937499173054882,6.0,94.0,2023-09-13,2026-06-10
TJS,level_L20_p80,level,favourable_now,"{""higher_share"": 0.8, ""lookback"": 20}",3,no_lower_price_in_next_h_observations,70,70,0.45161290322580644,0.3142857142857143,0.3746666666666667,0.838840874428063,0.9003322259136213,36.13192798297292,11.731611682989152,57.21264341424631,0.0033222591362126247,-1.5680581074879318,3.4232887722647716,6.0,94.0,2023-10-21,2026-06-10
TJS,level_L20_p90,level,favourable_now,"{""higher_share"": 0.9, ""lookback"": 20}",3,no_lower_price_in_next_h_observations,55,55,0.3548387096774194,0.2545454545454545,0.3761818181818182,0.6766553890768486,0.9900332225913622,55.039945535387666,27.744846888181183,88.48280378898288,0.006644518272425249,8.73904842487283,5.0940974310647835,8.0,130.0,2023-10-21,2026-05-19
TJS,level_L20_p95,level,favourable_now,"{""higher_share"": 0.95, ""lookback"": 20}",3,no_lower_price_in_next_h_observations,46,46,0.2967741935483871,0.2608695652173913,0.37355072463768113,0.6983511154219205,0.9700996677740864,56.67789875645096,35.27745333600099,84.54561473738777,0.0033222591362126247,15.184595738855315,3.802114212674077,10.0,127.0,2023-10-21,2026-05-19
TJS,level_L250_p70,level,favourable_now,"{""higher_share"": 0.7, ""lookback"": 250}",3,no_lower_price_in_next_h_observations,50,50,0.3225806451612903,0.32,0.3761999999999999,0.8506113769271666,0.8471760797342193,11.673680455109638,-10.576244217908574,44.60380725807778,0.18604651162790697,8.018544653540637,1.9596562369485666,6.0,283.0,2024-05-28,2026-06-23
TJS,level_L250_p80,level,favourable_now,"{""higher_share"": 0.8, ""lookback"": 250}",3,no_lower_price_in_next_h_observations,38,38,0.24516129032258063,0.4473684210526316,0.3785087719298246,1.1819235225955966,0.23255813953488372,20.074789736621376,-4.810960076385293,51.015068922664824,0.09966777408637874,20.855078709215665,3.8633820775023757,6.0,303.0,2024-06-19,2026-06-19
TJS,level_L250_p90,level,favourable_now,"{""higher_share"": 0.9, ""lookback"": 250}",3,no_lower_price_in_next_h_observations,26,26,0.16774193548387098,0.3076923076923077,0.3751282051282051,0.8202323991797676,0.840531561461794,36.7888791978833,-12.007192571444525,122.13859223670791,0.1760797342192691,33.082310145896926,5.7681101733599665,6.0,356.0,2024-06-20,2026-06-16
TJS,level_L250_p95,level,favourable_now,"{""higher_share"": 0.95, ""lookback"": 250}",3,no_lower_price_in_next_h_observations,18,18,0.11612903225806452,0.4444444444444444,0.37,1.2012012012012012,0.34219269102990035,97.58583508618102,37.61856402455853,212.60359349288984,0.03986710963455149,109.56503794939184,1.225329687268509,8.0,384.0,2024-06-20,2026-06-10
TJS,level_L60_p70,level,favourable_now,"{""higher_share"": 0.7, ""lookback"": 60}",3,no_lower_price_in_next_h_observations,79,79,0.5096774193548387,0.27848101265822783,0.37481012658227847,0.7429922323539344,0.9601328903654485,17.34690683317275,2.5030342749095564,32.2559964178159,0.019933554817275746,-14.421746830509813,5.329185824501263,6.0,154.0,2023-10-21,2026-06-16
TJS,level_L60_p80,level,favourable_now,"{""higher_share"": 0.8, ""lookback"": 60}",3,no_lower_price_in_next_h_observations,67,67,0.432258064516129,0.2537313432835821,0.37268656716417914,0.6808169803764517,0.9966777408637874,21.812007273502573,4.213059283091302,41.65906297005795,0.016611295681063124,-16.41871104660932,2.552830072808713,6.0,181.0,2023-10-24,2026-06-10
TJS,level_L60_p90,level,favourable_now,"{""higher_share"": 0.9, ""lookback"": 60}",3,no_lower_price_in_next_h_observations,52,52,0.33548387096774196,0.25,0.3737179487179487,0.6689536878216124,0.973421926910299,30.46903593279793,10.823369362104549,55.48994882062502,0.019933554817275746,-16.88430654248883,3.34046008255045,6.0,217.0,2023-10-25,2026-06-10
TJS,level_L60_p95,level,favourable_now,"{""higher_share"": 0.95, ""lookback"": 60}",3,no_lower_price_in_next_h_observations,44,44,0.2838709677419355,0.25,0.3728030303030303,0.6705954074375127,0.9767441860465116,42.620369156529094,16.733662326308153,73.47995808583,0.0033222591362126247,-18.974943475421764,4.1242258284622935,6.0,220.0,2023-10-25,2026-05-28
UZS,level_L120_p70,level,favourable_now,"{""higher_share"": 0.7, ""lookback"": 120}",3,no_lower_price_in_next_h_observations,89,89,0.5741935483870968,0.2808988764044944,0.3587640449438202,0.7829627309740058,0.973421926910299,7.112350833918016,-2.346224872478215,17.111055402157866,0.07641196013289037,-16.31463417647503,-3.430465042864901,6.0,189.0,2023-10-28,2026-06-19
UZS,level_L120_p80,level,favourable_now,"{""higher_share"": 0.8, ""lookback"": 120}",3,no_lower_price_in_next_h_observations,77,77,0.4967741935483871,0.35064935064935066,0.3551948051948052,0.987202925045704,0.5714285714285714,9.274160636819326,-2.4312768610579534,25.128282004167858,0.10631229235880399,-13.84600674379299,-2.178929756916193,6.0,189.0,2023-11-15,2026-06-18
UZS,level_L120_p90,level,favourable_now,"{""higher_share"": 0.9, ""lookback"": 120}",3,no_lower_price_in_next_h_observations,60,60,0.3870967741935484,0.2833333333333333,0.35827777777777775,0.7908202822142968,0.9269102990033222,22.730307877635067,7.697724864723039,43.2280094001539,0.019933554817275746,-8.082664081995393,-0.9276668756694236,6.0,191.0,2023-11-16,2026-06-10
UZS,level_L120_p95,level,favourable_now,"{""higher_share"": 0.95, ""lookback"": 120}",3,no_lower_price_in_next_h_observations,44,44,0.2838709677419355,0.25,0.35090909090909095,0.7124352331606216,0.9534883720930233,22.612311327864987,3.469897002318754,40.649247290595945,0.013289036544850499,1.6748852274142967,-3.044981164017626,6.0,192.0,2023-11-21,2026-05-27
UZS,level_L20_p70,level,favourable_now,"{""higher_share"": 0.7, ""lookback"": 20}",3,no_lower_price_in_next_h_observations,82,82,0.5290322580645161,0.21951219512195122,0.35817073170731706,0.6128702757916241,0.9966777408637874,14.451847072383268,0.17060665490395097,32.50725986384743,0.07308970099667775,-36.577045006298235,-0.2772370786184996,6.0,94.0,2023-09-13,2026-05-27
UZS,level_L20_p80,level,favourable_now,"{""higher_share"": 0.8, ""lookback"": 20}",3,no_lower_price_in_next_h_observations,76,76,0.49032258064516127,0.2236842105263158,0.3583771929824562,0.6241586097172928,0.9900332225913622,30.65669010515207,11.397203905390889,55.53324131411868,0.006644518272425249,-28.431210229242616,-2.941893895780016,6.0,97.0,2023-09-13,2026-05-28
UZS,level_L20_p90,level,favourable_now,"{""higher_share"": 0.9, ""lookback"": 20}",3,no_lower_price_in_next_h_observations,65,65,0.41935483870967744,0.23076923076923078,0.3616923076923077,0.6380263717566993,0.9966777408637874,39.6507166884314,16.732276999490253,65.91290978401857,0.009966777408637873,-24.25744891252639,-2.410570201086351,7.0,141.0,2023-09-23,2026-05-28
UZS,level_L20_p95,level,favourable_now,"{""higher_share"": 0.95, ""lookback"": 20}",3,no_lower_price_in_next_h_observations,50,50,0.3225806451612903,0.18,0.3551333333333333,0.5068518866153557,0.9966777408637874,40.42777935201406,24.56054091614664,56.66134058930383,0.0033222591362126247,-19.32702316410233,-2.3083385809482166,7.0,141.0,2023-09-26,2026-05-19
UZS,level_L250_p70,level,favourable_now,"{""higher_share"": 0.7, ""lookback"": 250}",3,no_lower_price_in_next_h_observations,75,75,0.4838709677419355,0.3466666666666667,0.35831111111111114,0.967501860580501,0.6378737541528239,7.581615224963757,-4.875776248239325,23.82644271519761,0.14950166112956811,-4.898134918484322,-2.303009993315347,6.0,160.0,2024-01-17,2026-06-24
UZS,level_L250_p80,level,favourable_now,"{""higher_share"": 0.8, ""lookback"": 250}",3,no_lower_price_in_next_h_observations,61,61,0.3935483870967742,0.3114754098360656,0.35442622950819674,0.8788159111933395,0.8272425249169435,13.034781048937278,0.19690787182224267,33.73387535099437,0.08305647840531562,-2.7836338185838696,-2.1210922373087184,6.0,190.0,2024-05-07,2026-06-24
UZS,level_L250_p90,level,favourable_now,"{""higher_share"": 0.9, ""lookback"": 250}",3,no_lower_price_in_next_h_observations,51,51,0.32903225806451614,0.3333333333333333,0.35496732026143796,0.9390535812925794,0.6777408637873754,13.159149266995708,-11.761957552996096,47.60687797376885,0.1893687707641196,-5.495474573710007,-4.011144672962849,6.0,266.0,2024-05-22,2026-06-20
UZS,level_L250_p95,level,favourable_now,"{""higher_share"": 0.95, ""lookback"": 250}",3,no_lower_price_in_next_h_observations,39,39,0.25161290322580643,0.28205128205128205,0.3546153846153846,0.7953723788864787,0.8803986710963455,24.65794217552575,5.442581305679947,50.63222297629273,0.03986710963455149,1.5809995574090374,-2.4139546687485547,6.0,296.0,2024-05-25,2026-06-10
UZS,level_L60_p70,level,favourable_now,"{""higher_share"": 0.7, ""lookback"": 60}",3,no_lower_price_in_next_h_observations,90,90,0.5806451612903226,0.2777777777777778,0.3557037037037037,0.7809246147438568,0.9634551495016611,10.161665582267561,-1.9663941685725252,28.55464008365065,0.12624584717607973,-26.24816831788944,-1.7994934879291904,6.0,170.0,2023-10-21,2026-06-16
UZS,level_L60_p80,level,favourable_now,"{""higher_share"": 0.8, ""lookback"": 60}",3,no_lower_price_in_next_h_observations,79,79,0.5096774193548387,0.24050632911392406,0.3575949367088608,0.6725663716814159,0.9867109634551495,17.434569584273866,2.0558371473962627,32.220742105557484,0.009966777408637873,-21.661276005462412,-0.899163996283407,6.0,168.0,2023-10-21,2026-06-10
UZS,level_L60_p90,level,favourable_now,"{""higher_share"": 0.9, ""lookback"": 60}",3,no_lower_price_in_next_h_observations,61,61,0.3935483870967742,0.21311475409836064,0.3611475409836065,0.5901044030867,1.0,13.694904841731539,0.0959901963202068,27.882755721498526,0.03986710963455149,-36.4174698178849,-0.9436136953609857,6.0,170.0,2023-10-24,2026-05-27
UZS,level_L60_p95,level,favourable_now,"{""higher_share"": 0.95, ""lookback"": 60}",3,no_lower_price_in_next_h_observations,55,55,0.3548387096774194,0.34545454545454546,0.35563636363636364,0.9713701431492843,0.6345514950166113,45.35333668347624,21.153845575068686,76.4817962830256,0.006644518272425249,0.530174857382369,-2.2303019293649786,7.0,175.0,2023-10-24,2026-05-28
AMD,corridor_exit_down_L10_r100_b0bp,corridor_exit_down,favourable_now,"{""breakout_bps"": 0.0, ""direction"": ""down"", ""lookback"": 10, ""max_range_bps"": 100.0}",4,no_lower_price_in_next_h_observations,4,4,0.025806451612903226,0.25,0.32916666666666666,0.759493670886076,0.8205980066445183,43.00264069751508,-6.296925549920397,89.51962529254841,0.04318936877076412,-37.56122106727322,1.7961603553998005,134.0,310.0,2024-07-24,2025-11-22
AMD,corridor_exit_down_L10_r100_b25bp,corridor_exit_down,favourable_now,"{""breakout_bps"": 25.0, ""direction"": ""down"", ""lookback"": 10, ""max_range_bps"": 100.0}",4,no_lower_price_in_next_h_observations,3,3,0.01935483870967742,0.3333333333333333,0.34,0.980392156862745,0.7408637873754153,46.324807785073084,-36.406724431609085,88.90994149283699,0.0033222591362126247,-50.541375556981315,1.4307297992083932,243.0,310.0,2024-07-24,2025-11-22
AMD,corridor_exit_down_L10_r100_b50bp,corridor_exit_down,favourable_now,"{""breakout_bps"": 50.0, ""direction"": ""down"", ""lookback"": 10, ""max_range_bps"": 100.0}",4,no_lower_price_in_next_h_observations,2,2,0.012903225806451613,0.5,0.32666666666666666,1.530612244897959,0.5448504983388704,87.69057389341417,84.03247109514567,91.34867669168267,0.0033222591362126247,-36.53190337101708,-1.2252036742136294,176.0,176.0,2025-05-30,2025-11-22
AMD,corridor_exit_down_L10_r200_b0bp,corridor_exit_down,favourable_now,"{""breakout_bps"": 0.0, ""direction"": ""down"", ""lookback"": 10, ""max_range_bps"": 200.0}",4,no_lower_price_in_next_h_observations,17,17,0.10967741935483871,0.17647058823529413,0.32019607843137254,0.5511328842620944,0.9534883720930233,29.557521563392143,-0.5306047906132566,66.47769620881577,0.053156146179401995,-96.67445599107998,-3.060544521165564,41.5,268.0,2023-09-30,2026-05-13
AMD,corridor_exit_down_L10_r200_b25bp,corridor_exit_down,favourable_now,"{""breakout_bps"": 25.0, ""direction"": ""down"", ""lookback"": 10, ""max_range_bps"": 200.0}",4,no_lower_price_in_next_h_observations,16,16,0.1032258064516129,0.1875,0.32395833333333335,0.5787781350482315,0.9335548172757475,38.78565119522524,8.021819062438594,70.09068385423186,0.013289036544850499,-78.04530083696811,-2.0061269780802076,43.0,268.0,2023-10-03,2026-05-13
AMD,corridor_exit_down_L10_r200_b50bp,corridor_exit_down,favourable_now,"{""breakout_bps"": 50.0, ""direction"": ""down"", ""lookback"": 10, ""max_range_bps"": 200.0}",4,no_lower_price_in_next_h_observations,11,11,0.07096774193548387,0.18181818181818182,0.3203030303030302,0.567644276253548,0.8970099667774086,51.171356408985815,7.731158389282955,94.1292310659412,0.009966777408637873,-94.04472514887043,-1.9791879315225436,83.5,268.0,2023-10-03,2026-05-14
AMD,corridor_exit_down_L10_r400_b0bp,corridor_exit_down,favourable_now,"{""breakout_bps"": 0.0, ""direction"": ""down"", ""lookback"": 10, ""max_range_bps"": 400.0}",4,no_lower_price_in_next_h_observations,37,37,0.23870967741935484,0.2702702702702703,0.31558558558558564,0.8564087924636026,0.770764119601329,55.49961715148363,29.932627421548258,81.05147889244394,0.0033222591362126247,-35.1377849383853,0.49433432174253406,21.0,140.0,2023-09-13,2026-05-19
AMD,corridor_exit_down_L10_r400_b25bp,corridor_exit_down,favourable_now,"{""breakout_bps"": 25.0, ""direction"": ""down"", ""lookback"": 10, ""max_range_bps"": 400.0}",4,no_lower_price_in_next_h_observations,33,33,0.2129032258064516,0.2727272727272727,0.3175757575757576,0.8587786259541983,0.7674418604651163,58.8838132837115,27.43822632568682,92.87313797083483,0.0033222591362126247,-30.886555978432284,-2.478718132483952,24.0,140.0,2023-09-13,2026-05-19
AMD,corridor_exit_down_L10_r400_b50bp,corridor_exit_down,favourable_now,"{""breakout_bps"": 50.0, ""direction"": ""down"", ""lookback"": 10, ""max_range_bps"": 400.0}",4,no_lower_price_in_next_h_observations,26,26,0.16774193548387098,0.23076923076923078,0.32205128205128203,0.7165605095541402,0.9069767441860465,77.5438395670005,38.95716363190896,117.84874219642154,0.0033222591362126247,-19.65277750398979,1.848489168721259,31.0,140.0,2023-09-13,2026-05-20
AMD,corridor_exit_down_L20_r200_b0bp,corridor_exit_down,favourable_now,"{""breakout_bps"": 0.0, ""direction"": ""down"", ""lookback"": 20, ""max_range_bps"": 200.0}",4,no_lower_price_in_next_h_observations,4,4,0.025806451612903226,0.0,0.3075,0.0,1.0,19.94596233678925,10.966941413386166,27.852072999824397,0.0033222591362126247,-90.57842863362114,-10.319343914839592,327.0,400.0,2024-05-07,2026-05-14
AMD,corridor_exit_down_L20_r200_b25bp,corridor_exit_down,favourable_now,"{""breakout_bps"": 25.0, ""direction"": ""down"", ""lookback"": 20, ""max_range_bps"": 200.0}",4,no_lower_price_in_next_h_observations,3,3,0.01935483870967742,0.0,0.30777777777777776,0.0,1.0,22.93896931125694,13.11276193412203,27.852072999824397,0.0033222591362126247,-115.10489413281736,0.7339994289924323,368.5,727.0,2024-05-07,2026-05-14
AMD,corridor_exit_down_L20_r200_b50bp,corridor_exit_down,favourable_now,"{""breakout_bps"": 50.0, ""direction"": ""down"", ""lookback"": 20, ""max_range_bps"": 200.0}",4,no_lower_price_in_next_h_observations,1,1,0.0064516129032258064,0.0,0.29,0.0,1.0,13.11276193412203,,,,-268.3480935674909,-15.16385007867445,,,2026-05-14,2026-05-14
AMD,corridor_exit_down_L20_r400_b0bp,corridor_exit_down,favourable_now,"{""breakout_bps"": 0.0, ""direction"": ""down"", ""lookback"": 20, ""max_range_bps"": 400.0}",4,no_lower_price_in_next_h_observations,15,15,0.0967741935483871,0.3333333333333333,0.32088888888888883,1.0387811634349031,0.584717607973422,36.13749415956395,6.189239044303377,65.70021525056626,0.016611295681063124,-33.45980498721353,-0.6885864932978875,48.0,297.0,2023-10-03,2026-05-19
AMD,corridor_exit_down_L20_r400_b25bp,corridor_exit_down,favourable_now,"{""breakout_bps"": 25.0, ""direction"": ""down"", ""lookback"": 20, ""max_range_bps"": 400.0}",4,no_lower_price_in_next_h_observations,14,14,0.09032258064516129,0.35714285714285715,0.3173809523809524,1.1252813203300827,0.46511627906976744,58.73506539364406,39.865013723546525,91.12148590758943,0.0033222591362126247,2.70621261514448,-0.5774335693840423,43.0,297.0,2023-10-04,2026-05-20
AMD,corridor_exit_down_L20_r400_b50bp,corridor_exit_down,favourable_now,"{""breakout_bps"": 50.0, ""direction"": ""down"", ""lookback"": 20, ""max_range_bps"": 400.0}",4,no_lower_price_in_next_h_observations,9,9,0.05806451612903226,0.2222222222222222,0.3296296296296296,0.6741573033707865,0.8604651162790697,79.99662785685165,52.7590819400557,113.89127360629489,0.0033222591362126247,86.019300049881,3.976293403435044,93.0,297.0,2023-10-04,2026-05-20
AMD,corridor_exit_down_L5_r100_b0bp,corridor_exit_down,favourable_now,"{""breakout_bps"": 0.0, ""direction"": ""down"", ""lookback"": 5, ""max_range_bps"": 100.0}",4,no_lower_price_in_next_h_observations,34,34,0.21935483870967742,0.17647058823529413,0.3233333333333333,0.545785324439054,0.9966777408637874,9.964723894108435,-9.313519841142456,24.922638032167892,0.13953488372093023,-83.45074666346606,-1.6374445772662594,21.0,110.0,2023-09-22,2026-07-25
AMD,corridor_exit_down_L5_r100_b25bp,corridor_exit_down,favourable_now,"{""breakout_bps"": 25.0, ""direction"": ""down"", ""lookback"": 5, ""max_range_bps"": 100.0}",4,no_lower_price_in_next_h_observations,25,25,0.16129032258064516,0.24,0.31453333333333333,0.7630351844001695,0.867109634551495,21.928932327023578,0.6652089276805172,45.19145294587099,0.03322259136212625,-83.64633834214706,-0.7705190543841756,28.0,109.0,2023-09-23,2026-02-17
AMD,corridor_exit_down_L5_r100_b50bp,corridor_exit_down,favourable_now,"{""breakout_bps"": 50.0, ""direction"": ""down"", ""lookback"": 5, ""max_range_bps"": 100.0}",4,no_lower_price_in_next_h_observations,17,17,0.10967741935483871,0.17647058823529413,0.3249019607843137,0.5431502715751358,0.9634551495016611,21.194264083810836,-8.217585898425737,54.9479720460851,0.09966777408637874,-124.88577256407807,-1.6042313429470827,42.5,123.0,2023-10-03,2026-02-17
AMD,corridor_exit_down_L5_r200_b0bp,corridor_exit_down,favourable_now,"{""breakout_bps"": 0.0, ""direction"": ""down"", ""lookback"": 5, ""max_range_bps"": 200.0}",4,no_lower_price_in_next_h_observations,58,58,0.3741935483870968,0.1896551724137931,0.32396551724137934,0.5854177754124533,0.9933554817275747,24.425833247672916,10.27374327322194,38.71461447506432,0.0033222591362126247,-64.99836663144099,-1.3897187871937242,15.0,58.0,2023-09-12,2026-08-21
AMD,corridor_exit_down_L5_r200_b25bp,corridor_exit_down,favourable_now,"{""breakout_bps"": 25.0, ""direction"": ""down"", ""lookback"": 5, ""max_range_bps"": 200.0}",4,no_lower_price_in_next_h_observations,47,47,0.3032258064516129,0.2765957446808511,0.3159574468085106,0.8754208754208755,0.7740863787375415,38.02119160089342,14.000358264181445,55.42353121169179,0.0033222591362126247,-60.03566124909912,-1.0638822783312878,17.0,109.0,2023-09-13,2026-08-21
AMD,corridor_exit_down_L5_r200_b50bp,corridor_exit_down,favourable_now,"{""breakout_bps"": 50.0, ""direction"": ""down"", ""lookback"": 5, ""max_range_bps"": 200.0}",4,no_lower_price_in_next_h_observations,33,33,0.2129032258064516,0.18181818181818182,0.3182828282828283,0.5712472231037766,0.9767441860465116,42.65935847915159,17.078870166721586,72.22358274516317,0.0033222591362126247,-70.48311626511772,-1.8211981604329526,22.0,123.0,2023-09-13,2026-07-08
AMD,corridor_exit_down_L5_r400_b0bp,corridor_exit_down,favourable_now,"{""breakout_bps"": 0.0, ""direction"": ""down"", ""lookback"": 5, ""max_range_bps"": 400.0}",4,no_lower_price_in_next_h_observations,76,76,0.49032258064516127,0.25,0.3230263157894737,0.7739307535641547,0.9269102990033222,45.14968963379958,25.895579555474846,68.00063883663482,0.0033222591362126247,-41.956104148548874,-1.6453558545293392,12.0,52.0,2023-09-12,2026-08-21
AMD,corridor_exit_down_L5_r400_b25bp,corridor_exit_down,favourable_now,"{""breakout_bps"": 25.0, ""direction"": ""down"", ""lookback"": 5, ""max_range_bps"": 400.0}",4,no_lower_price_in_next_h_observations,65,65,0.41935483870967744,0.3230769230769231,0.32076923076923075,1.0071942446043167,0.5481727574750831,56.37940647164746,36.696224329800884,80.09588309531831,0.0033222591362126247,-38.22148463606459,-0.7435531110387203,11.5,92.0,2023-09-13,2026-08-21
AMD,corridor_exit_down_L5_r400_b50bp,corridor_exit_down,favourable_now,"{""breakout_bps"": 50.0, ""direction"": ""down"", ""lookback"": 5, ""max_range_bps"": 400.0}",4,no_lower_price_in_next_h_observations,49,49,0.3161290322580645,0.2653061224489796,0.31945578231292515,0.8304940374787054,0.840531561461794,68.87410335386541,40.45664947979195,104.03987510558053,0.0033222591362126247,-40.356605147887365,-1.6695488941664458,14.5,123.0,2023-09-13,2026-07-08
AMD,corridor_exit_down_L5_r50_b0bp,corridor_exit_down,favourable_now,"{""breakout_bps"": 0.0, ""direction"": ""down"", ""lookback"": 5, ""max_range_bps"": 50.0}",4,no_lower_price_in_next_h_observations,14,14,0.09032258064516129,0.14285714285714285,0.3152380952380952,0.45317220543806647,0.9601328903654485,-4.287037625396807,-38.11313231598322,30.470017406268067,0.6013289036544851,-117.01080665120733,2.357968731339332,39.0,271.0,2023-09-30,2026-07-25
AMD,corridor_exit_down_L5_r50_b25bp,corridor_exit_down,favourable_now,"{""breakout_bps"": 25.0, ""direction"": ""down"", ""lookback"": 5, ""max_range_bps"": 50.0}",4,no_lower_price_in_next_h_observations,11,11,0.07096774193548387,0.2727272727272727,0.3324242424242424,0.8204193254329991,0.7740863787375415,24.131264340013477,-8.261586800965466,60.43474702666934,0.10631229235880399,-90.56220215621761,7.191534131641254,57.5,269.0,2023-10-03,2025-11-14
AMD,corridor_exit_down_L5_r50_b50bp,corridor_exit_down,favourable_now,"{""breakout_bps"": 50.0, ""direction"": ""down"", ""lookback"": 5, ""max_range_bps"": 50.0}",4,no_lower_price_in_next_h_observations,7,7,0.04516129032258064,0.2857142857142857,0.33190476190476187,0.860832137733142,0.7641196013289037,20.814989609932677,-23.577395649690946,79.69168212911785,0.2558139534883721,-145.14356647351093,3.2369538728517635,69.5,269.0,2023-10-03,2025-05-30
KGS,corridor_exit_down_L10_r100_b0bp,corridor_exit_down,favourable_now,"{""breakout_bps"": 0.0, ""direction"": ""down"", ""lookback"": 10, ""max_range_bps"": 100.0}",4,no_lower_price_in_next_h_observations,4,4,0.025806451612903226,0.0,0.32083333333333336,0.0,1.0,32.993016755528124,4.467400235773078,72.51982906962672,0.053156146179401995,-40.208897771702446,-4.454255512134508,136.0,395.0,2024-05-21,2025-11-22
KGS,corridor_exit_down_L10_r100_b25bp,corridor_exit_down,favourable_now,"{""breakout_bps"": 25.0, ""direction"": ""down"", ""lookback"": 10, ""max_range_bps"": 100.0}",4,no_lower_price_in_next_h_observations,2,2,0.012903225806451613,0.0,0.3283333333333333,0.0,1.0,65.27665523700986,40.68125384473653,89.87205662928321,0.0033222591362126247,-45.42575573151131,-10.793105064380471,134.0,134.0,2025-07-11,2025-11-22
KGS,corridor_exit_down_L10_r100_b50bp,corridor_exit_down,favourable_now,"{""breakout_bps"": 50.0, ""direction"": ""down"", ""lookback"": 10, ""max_range_bps"": 100.0}",4,no_lower_price_in_next_h_observations,1,1,0.0064516129032258064,0.0,0.26,0.0,1.0,89.87205662928321,,,,-97.99093680663451,-5.590392388344253,,,2025-11-22,2025-11-22
KGS,corridor_exit_down_L10_r200_b0bp,corridor_exit_down,favourable_now,"{""breakout_bps"": 0.0, ""direction"": ""down"", ""lookback"": 10, ""max_range_bps"": 200.0}",4,no_lower_price_in_next_h_observations,18,18,0.11612903225806452,0.16666666666666666,0.3162962962962963,0.5269320843091334,0.9634551495016611,32.057751722076276,8.618640756525012,58.99391358703786,0.009966777408637873,-57.608307685057234,-3.271589554856189,41.0,261.0,2023-11-10,2026-05-08
KGS,corridor_exit_down_L10_r200_b25bp,corridor_exit_down,favourable_now,"{""breakout_bps"": 25.0, ""direction"": ""down"", ""lookback"": 10, ""max_range_bps"": 200.0}",4,no_lower_price_in_next_h_observations,14,14,0.09032258064516129,0.2857142857142857,0.31952380952380954,0.894187779433681,0.7109634551495017,66.65220802566374,38.28019798631098,97.29369977273963,0.0033222591362126247,2.9973348333922627,-4.888212009953254,51.0,268.0,2023-11-15,2026-05-09
KGS,corridor_exit_down_L10_r200_b50bp,corridor_exit_down,favourable_now,"{""breakout_bps"": 50.0, ""direction"": ""down"", ""lookback"": 10, ""max_range_bps"": 200.0}",4,no_lower_price_in_next_h_observations,12,12,0.07741935483870968,0.3333333333333333,0.3136111111111111,1.0628875110717448,0.5282392026578073,83.80193028252093,52.54290141109931,110.64216150970577,0.0033222591362126247,15.540946467360216,-1.0914781810081287,62.0,268.0,2023-11-15,2026-05-13
KGS,corridor_exit_down_L10_r400_b0bp,corridor_exit_down,favourable_now,"{""breakout_bps"": 0.0, ""direction"": ""down"", ""lookback"": 10, ""max_range_bps"": 400.0}",4,no_lower_price_in_next_h_observations,39,39,0.25161290322580643,0.23076923076923078,0.3202564102564102,0.7205764611689353,0.920265780730897,63.10651319439563,36.18565277381128,95.29043084475624,0.0033222591362126247,-16.149731377676265,-0.16860458773061685,19.5,112.0,2023-09-13,2026-05-15
KGS,corridor_exit_down_L10_r400_b25bp,corridor_exit_down,favourable_now,"{""breakout_bps"": 25.0, ""direction"": ""down"", ""lookback"": 10, ""max_range_bps"": 400.0}",4,no_lower_price_in_next_h_observations,34,34,0.21935483870967742,0.29411764705882354,0.3204901960784314,0.9177118384827164,0.7043189368770764,60.841717865464396,32.998350509405334,85.1021115632182,0.0033222591362126247,0.5397897287077749,-6.0000682403499885,25.0,112.0,2023-09-13,2026-05-19
KGS,corridor_exit_down_L10_r400_b50bp,corridor_exit_down,favourable_now,"{""breakout_bps"": 50.0, ""direction"": ""down"", ""lookback"": 10, ""max_range_bps"": 400.0}",4,no_lower_price_in_next_h_observations,27,27,0.17419354838709677,0.2962962962962963,0.32,0.9259259259259258,0.6677740863787376,66.20670582515612,37.32809137940641,91.85749100408324,0.0033222591362126247,-9.568825237513146,-0.8867126801965486,28.5,140.0,2023-09-13,2026-05-19
KGS,corridor_exit_down_L20_r200_b0bp,corridor_exit_down,favourable_now,"{""breakout_bps"": 0.0, ""direction"": ""down"", ""lookback"": 20, ""max_range_bps"": 200.0}",4,no_lower_price_in_next_h_observations,2,2,0.012903225806451613,0.5,0.29333333333333333,1.7045454545454546,0.47840531561461797,25.70343666771113,23.198442454095414,28.20843088132685,0.0033222591362126247,25.812509576992326,-7.779761115903226,15.0,15.0,2025-06-24,2025-07-09
KGS,corridor_exit_down_L20_r200_b25bp,corridor_exit_down,favourable_now,"{""breakout_bps"": 25.0, ""direction"": ""down"", ""lookback"": 20, ""max_range_bps"": 200.0}",4,no_lower_price_in_next_h_observations,1,1,0.0064516129032258064,0.0,0.31666666666666665,0.0,1.0,40.68125384473653,,,,7.139425343611894,4.59350728983447,,,2025-07-11,2025-07-11
KGS,corridor_exit_down_L20_r400_b0bp,corridor_exit_down,favourable_now,"{""breakout_bps"": 0.0, ""direction"": ""down"", ""lookback"": 20, ""max_range_bps"": 400.0}",4,no_lower_price_in_next_h_observations,16,16,0.1032258064516129,0.25,0.30916666666666665,0.8086253369272238,0.7740863787375415,38.562978482440116,18.45518652755325,61.709350980330136,0.006644518272425249,0.5507831527411238,-4.964759624955744,42.0,289.0,2024-01-11,2026-05-13
KGS,corridor_exit_down_L20_r400_b25bp,corridor_exit_down,favourable_now,"{""breakout_bps"": 25.0, ""direction"": ""down"", ""lookback"": 20, ""max_range_bps"": 400.0}",4,no_lower_price_in_next_h_observations,13,13,0.08387096774193549,0.3076923076923077,0.316923076923077,0.9708737864077669,0.6810631229235881,52.214441002502376,31.310629797193393,74.45890696108157,0.0033222591362126247,26.339888526172732,-2.768104322713606,52.0,289.0,2024-01-11,2026-05-13
KGS,corridor_exit_down_L20_r400_b50bp,corridor_exit_down,favourable_now,"{""breakout_bps"": 50.0, ""direction"": ""down"", ""lookback"": 20, ""max_range_bps"": 400.0}",4,no_lower_price_in_next_h_observations,8,8,0.05161290322580645,0.25,0.31125,0.8032128514056224,0.7541528239202658,66.19395128251827,35.84655256022674,94.23025158618474,0.0033222591362126247,44.574891912051584,1.582434625562197,138.0,289.0,2024-01-11,2026-05-13
KGS,corridor_exit_down_L5_r100_b0bp,corridor_exit_down,favourable_now,"{""breakout_bps"": 0.0, ""direction"": ""down"", ""lookback"": 5, ""max_range_bps"": 100.0}",4,no_lower_price_in_next_h_observations,34,34,0.21935483870967742,0.20588235294117646,0.3141176470588235,0.6554307116104869,0.9667774086378738,12.99869371021595,-1.5583237201797153,26.853458878624167,0.036544850498338874,-76.83071564544181,-2.656479306586346,25.0,80.0,2023-09-22,2026-07-25
KGS,corridor_exit_down_L5_r100_b25bp,corridor_exit_down,favourable_now,"{""breakout_bps"": 25.0, ""direction"": ""down"", ""lookback"": 5, ""max_range_bps"": 100.0}",4,no_lower_price_in_next_h_observations,26,26,0.16774193548387098,0.2692307692307692,0.3158974358974359,0.8522727272727272,0.770764119601329,32.76278014292794,9.312448351242443,56.837927536741134,0.009966777408637873,-61.91917447683434,-4.723503341692122,28.0,158.0,2023-10-21,2026-07-25
KGS,corridor_exit_down_L5_r100_b50bp,corridor_exit_down,favourable_now,"{""breakout_bps"": 50.0, ""direction"": ""down"", ""lookback"": 5, ""max_range_bps"": 100.0}",4,no_lower_price_in_next_h_observations,19,19,0.12258064516129032,0.2631578947368421,0.3287719298245614,0.80042689434365,0.8073089700996677,45.970457140924566,20.931292241363355,73.66697593576983,0.0033222591362126247,-48.97997197571599,-1.0155395578561572,29.5,189.0,2023-10-21,2026-02-17
KGS,corridor_exit_down_L5_r200_b0bp,corridor_exit_down,favourable_now,"{""breakout_bps"": 0.0, ""direction"": ""down"", ""lookback"": 5, ""max_range_bps"": 200.0}",4,no_lower_price_in_next_h_observations,56,56,0.36129032258064514,0.21428571428571427,0.3169047619047619,0.67618332081142,0.9800664451827242,30.82342955109188,17.069366665199123,44.95883022101627,0.0033222591362126247,-64.76752536808472,-6.021985803865647,16.0,61.0,2023-09-12,2026-08-21
KGS,corridor_exit_down_L5_r200_b25bp,corridor_exit_down,favourable_now,"{""breakout_bps"": 25.0, ""direction"": ""down"", ""lookback"": 5, ""max_range_bps"": 200.0}",4,no_lower_price_in_next_h_observations,47,47,0.3032258064516129,0.23404255319148937,0.30929078014184397,0.7567071772529237,0.9069767441860465,39.46916352819753,23.321222189294932,54.450746720962385,0.0033222591362126247,-66.22411299866621,-7.844994285369012,17.0,109.0,2023-09-12,2026-08-21
KGS,corridor_exit_down_L5_r200_b50bp,corridor_exit_down,favourable_now,"{""breakout_bps"": 50.0, ""direction"": ""down"", ""lookback"": 5, ""max_range_bps"": 200.0}",4,no_lower_price_in_next_h_observations,40,40,0.25806451612903225,0.25,0.31666666666666665,0.7894736842105263,0.867109634551495,55.65484995844541,37.30611560704596,75.89898914096517,0.0033222591362126247,-38.95384731188442,-4.630823444208906,21.0,123.0,2023-09-13,2026-08-21
KGS,corridor_exit_down_L5_r400_b0bp,corridor_exit_down,favourable_now,"{""breakout_bps"": 0.0, ""direction"": ""down"", ""lookback"": 5, ""max_range_bps"": 400.0}",4,no_lower_price_in_next_h_observations,72,72,0.4645161290322581,0.20833333333333334,0.3219444444444444,0.647109577221743,0.9966777408637874,49.74509899007794,32.29052970674867,69.47296745066866,0.0033222591362126247,-45.73092982581139,-2.0315886130433305,13.0,49.0,2023-09-12,2026-08-21
KGS,corridor_exit_down_L5_r400_b25bp,corridor_exit_down,favourable_now,"{""breakout_bps"": 25.0, ""direction"": ""down"", ""lookback"": 5, ""max_range_bps"": 400.0}",4,no_lower_price_in_next_h_observations,63,63,0.4064516129032258,0.2698412698412698,0.3213227513227513,0.8397826444920139,0.8438538205980066,55.715912111078666,40.02523766816339,77.52804761864132,0.0033222591362126247,-43.172911674658074,-2.671359857850641,12.5,93.0,2023-09-12,2026-08-21
KGS,corridor_exit_down_L5_r400_b50bp,corridor_exit_down,favourable_now,"{""breakout_bps"": 50.0, ""direction"": ""down"", ""lookback"": 5, ""max_range_bps"": 400.0}",4,no_lower_price_in_next_h_observations,52,52,0.33548387096774196,0.25,0.31974358974358974,0.7818765036086608,0.920265780730897,58.97831622114438,44.21658261981358,74.65952085137687,0.0033222591362126247,-43.43268069412953,-4.576167852424204,15.0,123.0,2023-09-13,2026-08-21
KGS,corridor_exit_down_L5_r50_b0bp,corridor_exit_down,favourable_now,"{""breakout_bps"": 0.0, ""direction"": ""down"", ""lookback"": 5, ""max_range_bps"": 50.0}",4,no_lower_price_in_next_h_observations,14,14,0.09032258064516129,0.2857142857142857,0.3057142857142857,0.9345794392523364,0.6943521594684385,28.746278324745283,3.8908863967751746,52.34987087156444,0.009966777408637873,-12.761858498648303,-3.113450662057697,61.0,245.0,2023-09-22,2026-07-25
KGS,corridor_exit_down_L5_r50_b25bp,corridor_exit_down,favourable_now,"{""breakout_bps"": 25.0, ""direction"": ""down"", ""lookback"": 5, ""max_range_bps"": 50.0}",4,no_lower_price_in_next_h_observations,11,11,0.07096774193548387,0.2727272727272727,0.32515151515151514,0.8387698042870456,0.7375415282392026,45.58759978716546,14.956036263927873,67.13249983354918,0.0033222591362126247,-19.05193172449607,-4.263452359351179,65.0,269.0,2023-10-21,2026-07-25
KGS,corridor_exit_down_L5_r50_b50bp,corridor_exit_down,favourable_now,"{""breakout_bps"": 50.0, ""direction"": ""down"", ""lookback"": 5, ""max_range_bps"": 50.0}",4,no_lower_price_in_next_h_observations,8,8,0.05161290322580645,0.375,0.3120833333333333,1.2016021361815754,0.4584717607973422,48.3314176410865,14.611840097374483,75.22600914245177,0.0033222591362126247,-51.55531138642575,-13.045174068271583,58.0,269.0,2023-10-21,2025-11-22
KZT,corridor_exit_down_L10_r100_b0bp,corridor_exit_down,favourable_now,"{""breakout_bps"": 0.0, ""direction"": ""down"", ""lookback"": 10, ""max_range_bps"": 100.0}",4,no_lower_price_in_next_h_observations,1,1,0.0064516129032258064,0.0,0.27666666666666667,0.0,1.0,5.603693955054112,,,,2.2574881361792087,2.3412814866685787,,,2024-04-25,2024-04-25
KZT,corridor_exit_down_L10_r100_b25bp,corridor_exit_down,favourable_now,"{""breakout_bps"": 25.0, ""direction"": ""down"", ""lookback"": 10, ""max_range_bps"": 100.0}",4,no_lower_price_in_next_h_observations,1,1,0.0064516129032258064,0.0,0.3,0.0,1.0,20.62460489134388,,,,-36.90268002100594,-11.646141521474286,,,2024-04-26,2024-04-26
KZT,corridor_exit_down_L10_r200_b0bp,corridor_exit_down,favourable_now,"{""breakout_bps"": 0.0, ""direction"": ""down"", ""lookback"": 10, ""max_range_bps"": 200.0}",4,no_lower_price_in_next_h_observations,17,17,0.10967741935483871,0.058823529411764705,0.28137254901960784,0.20905923344947736,1.0,20.24104265374334,0.2283765202104515,42.7097547634646,0.04318936877076412,-92.69736434759658,-8.558918104288672,45.0,167.0,2024-01-12,2026-05-09
KZT,corridor_exit_down_L10_r200_b25bp,corridor_exit_down,favourable_now,"{""breakout_bps"": 25.0, ""direction"": ""down"", ""lookback"": 10, ""max_range_bps"": 200.0}",4,no_lower_price_in_next_h_observations,12,12,0.07741935483870968,0.08333333333333333,0.2886111111111111,0.28873917228103946,0.9900332225913622,31.678182661309762,7.009877391241964,53.35478369295036,0.006644518272425249,-114.25587059051206,-5.168562181283976,56.0,167.0,2024-01-12,2026-05-09
KZT,corridor_exit_down_L10_r200_b50bp,corridor_exit_down,favourable_now,"{""breakout_bps"": 50.0, ""direction"": ""down"", ""lookback"": 10, ""max_range_bps"": 200.0}",4,no_lower_price_in_next_h_observations,9,9,0.05806451612903226,0.0,0.2822222222222222,0.0,1.0,35.592110596389546,9.07218441435999,59.0571138845308,0.0033222591362126247,-123.76846969591033,-12.016359268848356,78.5,246.0,2024-01-12,2026-04-10
KZT,corridor_exit_down_L10_r400_b0bp,corridor_exit_down,favourable_now,"{""breakout_bps"": 0.0, ""direction"": ""down"", ""lookback"": 10, ""max_range_bps"": 400.0}",4,no_lower_price_in_next_h_observations,42,42,0.2709677419354839,0.3333333333333333,0.2757142857142857,1.2089810017271159,0.24916943521594684,72.17710111236846,38.846795185957184,100.64847735528267,0.0033222591362126247,-2.8751717987502863,-6.243993705419767,21.0,82.0,2023-09-13,2026-05-30
KZT,corridor_exit_down_L10_r400_b25bp,corridor_exit_down,favourable_now,"{""breakout_bps"": 25.0, ""direction"": ""down"", ""lookback"": 10, ""max_range_bps"": 400.0}",4,no_lower_price_in_next_h_observations,35,35,0.22580645161290322,0.4,0.29219047619047617,1.3689700130378097,0.11627906976744186,88.17308929555875,58.97092570744505,117.11744448020143,0.0033222591362126247,13.38585553079419,-2.972824674716961,23.5,83.0,2023-09-13,2026-05-30
KZT,corridor_exit_down_L10_r400_b50bp,corridor_exit_down,favourable_now,"{""breakout_bps"": 50.0, ""direction"": ""down"", ""lookback"": 10, ""max_range_bps"": 400.0}",4,no_lower_price_in_next_h_observations,27,27,0.17419354838709677,0.2962962962962963,0.2920987654320988,1.0143702451394758,0.5780730897009967,86.37127163762197,51.0492821295853,121.61800053195184,0.0033222591362126247,-39.839808246993236,-2.641395465938329,29.5,140.0,2023-09-13,2026-05-30
KZT,corridor_exit_down_L20_r200_b0bp,corridor_exit_down,favourable_now,"{""breakout_bps"": 0.0, ""direction"": ""down"", ""lookback"": 20, ""max_range_bps"": 200.0}",4,no_lower_price_in_next_h_observations,1,1,0.0064516129032258064,0.0,0.28,0.0,1.0,11.732245875508696,,,,-89.61817608078348,-7.33958783535,,,2024-05-17,2024-05-17
KZT,corridor_exit_down_L20_r200_b25bp,corridor_exit_down,favourable_now,"{""breakout_bps"": 25.0, ""direction"": ""down"", ""lookback"": 20, ""max_range_bps"": 200.0}",4,no_lower_price_in_next_h_observations,1,1,0.0064516129032258064,0.0,0.31,0.0,1.0,11.732245875508696,,,,-89.61817608078348,-20.4737984122712,,,2024-05-17,2024-05-17
KZT,corridor_exit_down_L20_r400_b0bp,corridor_exit_down,favourable_now,"{""breakout_bps"": 0.0, ""direction"": ""down"", ""lookback"": 20, ""max_range_bps"": 400.0}",4,no_lower_price_in_next_h_observations,14,14,0.09032258064516129,0.21428571428571427,0.2904761904761904,0.737704918032787,0.8338870431893688,53.322373682894074,26.583438361215116,80.39021538991737,0.0033222591362126247,-10.101867562576283,-1.051626268340757,52.0,178.0,2023-11-21,2026-05-15
KZT,corridor_exit_down_L20_r400_b25bp,corridor_exit_down,favourable_now,"{""breakout_bps"": 25.0, ""direction"": ""down"", ""lookback"": 20, ""max_range_bps"": 400.0}",4,no_lower_price_in_next_h_observations,13,13,0.08387096774193549,0.23076923076923078,0.2825641025641026,0.8166969147005445,0.7475083056478405,61.6795310584845,36.0817672531891,89.01314648702804,0.0033222591362126247,5.22780332206011,-13.5140852688559,57.0,182.0,2023-11-21,2026-05-15
KZT,corridor_exit_down_L20_r400_b50bp,corridor_exit_down,favourable_now,"{""breakout_bps"": 50.0, ""direction"": ""down"", ""lookback"": 20, ""max_range_bps"": 400.0}",4,no_lower_price_in_next_h_observations,12,12,0.07741935483870968,0.25,0.29027777777777775,0.861244019138756,0.717607973421927,64.52528580406552,40.442887458282485,93.89796220351106,0.0033222591362126247,-15.362632139842198,-5.63630251096659,62.0,191.0,2023-11-21,2026-05-15
KZT,corridor_exit_down_L5_r100_b0bp,corridor_exit_down,favourable_now,"{""breakout_bps"": 0.0, ""direction"": ""down"", ""lookback"": 5, ""max_range_bps"": 100.0}",4,no_lower_price_in_next_h_observations,34,34,0.21935483870967742,0.20588235294117646,0.28970588235294115,0.7106598984771574,0.8970099667774086,38.9789618384532,19.440989648601832,59.326246453336786,0.0033222591362126247,-40.90897657549085,-6.180990809641709,22.0,112.0,2023-09-12,2026-07-28
KZT,corridor_exit_down_L5_r100_b25bp,corridor_exit_down,favourable_now,"{""breakout_bps"": 25.0, ""direction"": ""down"", ""lookback"": 5, ""max_range_bps"": 100.0}",4,no_lower_price_in_next_h_observations,29,29,0.1870967741935484,0.2413793103448276,0.2867816091954023,0.841683366733467,0.7774086378737541,61.72418909975817,37.17586203741031,82.43930336596723,0.0033222591362126247,-43.68909701612893,-4.142882701373501,27.0,112.0,2023-09-12,2026-07-28
KZT,corridor_exit_down_L5_r100_b50bp,corridor_exit_down,favourable_now,"{""breakout_bps"": 50.0, ""direction"": ""down"", ""lookback"": 5, ""max_range_bps"": 100.0}",4,no_lower_price_in_next_h_observations,23,23,0.14838709677419354,0.2608695652173913,0.27739130434782605,0.9404388714733544,0.6445182724252492,68.31113090572329,40.06856216578114,93.75731084880567,0.0033222591362126247,-56.98038167752596,-8.208831370373359,44.0,112.0,2023-09-12,2026-07-28
KZT,corridor_exit_down_L5_r200_b0bp,corridor_exit_down,favourable_now,"{""breakout_bps"": 0.0, ""direction"": ""down"", ""lookback"": 5, ""max_range_bps"": 200.0}",4,no_lower_price_in_next_h_observations,60,60,0.3870967741935484,0.23333333333333334,0.2916111111111111,0.800152409982854,0.8837209302325582,46.45452114743002,36.02535796419337,59.498124495944104,0.0033222591362126247,-32.467941720703664,-5.423593828786718,14.0,61.0,2023-09-12,2026-07-28
KZT,corridor_exit_down_L5_r200_b25bp,corridor_exit_down,favourable_now,"{""breakout_bps"": 25.0, ""direction"": ""down"", ""lookback"": 5, ""max_range_bps"": 200.0}",4,no_lower_price_in_next_h_observations,50,50,0.3225806451612903,0.26,0.2920666666666667,0.8902077151335311,0.7275747508305648,62.181134879049836,44.799950396056026,76.79833297728082,0.0033222591362126247,-28.937285507387525,-1.5181742916937828,18.0,61.0,2023-09-12,2026-07-28
KZT,corridor_exit_down_L5_r200_b50bp,corridor_exit_down,favourable_now,"{""breakout_bps"": 50.0, ""direction"": ""down"", ""lookback"": 5, ""max_range_bps"": 200.0}",4,no_lower_price_in_next_h_observations,42,42,0.2709677419354839,0.23809523809523808,0.287063492063492,0.8294166436273155,0.813953488372093,63.92532302573888,45.85943127349363,78.94651661568409,0.0033222591362126247,-53.396894896666744,-2.0977652283472548,20.0,81.0,2023-09-12,2026-07-28
KZT,corridor_exit_down_L5_r400_b0bp,corridor_exit_down,favourable_now,"{""breakout_bps"": 0.0, ""direction"": ""down"", ""lookback"": 5, ""max_range_bps"": 400.0}",4,no_lower_price_in_next_h_observations,75,75,0.4838709677419355,0.29333333333333333,0.2876,1.0199350950394066,0.5116279069767442,64.2340900105444,46.01492815301987,84.11307203633872,0.0033222591362126247,-19.19580460130827,-4.952800200664185,10.5,49.0,2023-09-12,2026-07-28
KZT,corridor_exit_down_L5_r400_b25bp,corridor_exit_down,favourable_now,"{""breakout_bps"": 25.0, ""direction"": ""down"", ""lookback"": 5, ""max_range_bps"": 400.0}",4,no_lower_price_in_next_h_observations,65,65,0.41935483870967744,0.3230769230769231,0.2864102564102564,1.1280214861235454,0.3023255813953488,83.77455529502805,68.4765881838782,103.47747908920165,0.0033222591362126247,-10.231181612024015,-5.593331612214031,13.0,49.0,2023-09-12,2026-07-28
KZT,corridor_exit_down_L5_r400_b50bp,corridor_exit_down,favourable_now,"{""breakout_bps"": 50.0, ""direction"": ""down"", ""lookback"": 5, ""max_range_bps"": 400.0}",4,no_lower_price_in_next_h_observations,52,52,0.33548387096774196,0.3076923076923077,0.28525641025641024,1.0786516853932586,0.40863787375415284,87.20198434963355,66.74245354890799,109.89100835574615,0.0033222591362126247,-28.592783132947957,-4.663411305319601,15.0,81.0,2023-09-12,2026-07-28
KZT,corridor_exit_down_L5_r50_b0bp,corridor_exit_down,favourable_now,"{""breakout_bps"": 0.0, ""direction"": ""down"", ""lookback"": 5, ""max_range_bps"": 50.0}",4,no_lower_price_in_next_h_observations,3,3,0.01935483870967742,0.0,0.29,0.0,1.0,5.637196240854865,-0.9860760729855459,14.261455824185742,0.14950166112956811,-238.18461728787952,-6.624737805944849,449.5,634.0,2023-10-21,2026-04-07
KZT,corridor_exit_down_L5_r50_b25bp,corridor_exit_down,favourable_now,"{""breakout_bps"": 25.0, ""direction"": ""down"", ""lookback"": 5, ""max_range_bps"": 50.0}",4,no_lower_price_in_next_h_observations,3,3,0.01935483870967742,0.0,0.26555555555555554,0.0,1.0,5.637196240854865,-3.7979440639868134,16.07187287753442,0.17275747508305647,-238.18461728787952,-8.696481605526687,449.5,634.0,2023-10-21,2026-04-07
KZT,corridor_exit_down_L5_r50_b50bp,corridor_exit_down,favourable_now,"{""breakout_bps"": 50.0, ""direction"": ""down"", ""lookback"": 5, ""max_range_bps"": 50.0}",4,no_lower_price_in_next_h_observations,3,3,0.01935483870967742,0.0,0.3144444444444444,0.0,1.0,5.637196240854865,-0.9860760729855459,16.07187287753442,0.16943521594684385,-238.18461728787952,6.070783345748837,449.5,634.0,2023-10-21,2026-04-07
TJS,corridor_exit_down_L10_r100_b0bp,corridor_exit_down,favourable_now,"{""breakout_bps"": 0.0, ""direction"": ""down"", ""lookback"": 10, ""max_range_bps"": 100.0}",4,no_lower_price_in_next_h_observations,4,4,0.025806451612903226,0.0,0.325,0.0,1.0,33.260471444722384,-16.787603508421903,83.30854639786666,0.06312292358803986,-45.8299401498205,-1.6224845308652946,35.0,486.0,2024-05-22,2025-11-22
TJS,corridor_exit_down_L10_r100_b25bp,corridor_exit_down,favourable_now,"{""breakout_bps"": 25.0, ""direction"": ""down"", ""lookback"": 10, ""max_range_bps"": 100.0}",4,no_lower_price_in_next_h_observations,3,3,0.01935483870967742,0.0,0.32666666666666666,0.0,1.0,47.679563920679506,-23.578401033694792,87.12523003852873,0.0033222591362126247,-8.983432511395037,-4.324484566822881,260.5,486.0,2024-06-19,2025-11-22
TJS,corridor_exit_down_L10_r100_b50bp,corridor_exit_down,favourable_now,"{""breakout_bps"": 50.0, ""direction"": ""down"", ""lookback"": 10, ""max_range_bps"": 100.0}",4,no_lower_price_in_next_h_observations,3,3,0.01935483870967742,0.0,0.3422222222222222,0.0,1.0,47.679563920679506,-8.467559086345155,91.13274786122369,0.0033222591362126247,-8.983432511395037,6.577070207292678,260.5,486.0,2024-06-19,2025-11-22
TJS,corridor_exit_down_L10_r200_b0bp,corridor_exit_down,favourable_now,"{""breakout_bps"": 0.0, ""direction"": ""down"", ""lookback"": 10, ""max_range_bps"": 200.0}",4,no_lower_price_in_next_h_observations,14,14,0.09032258064516129,0.0,0.3419047619047619,0.0,1.0,34.944702207893265,12.486606684247109,59.90753731626431,0.0033222591362126247,-118.06400605150155,6.874095054309537,40.0,398.0,2023-11-10,2026-05-13
TJS,corridor_exit_down_L10_r200_b25bp,corridor_exit_down,favourable_now,"{""breakout_bps"": 25.0, ""direction"": ""down"", ""lookback"": 10, ""max_range_bps"": 200.0}",4,no_lower_price_in_next_h_observations,13,13,0.08387096774193549,0.0,0.35358974358974354,0.0,1.0,31.259517512137133,-0.09546698538495457,60.52185310940377,0.019933554817275746,-111.78328890524185,3.3473759015327134,45.5,398.0,2023-11-15,2026-05-13
TJS,corridor_exit_down_L10_r200_b50bp,corridor_exit_down,favourable_now,"{""breakout_bps"": 50.0, ""direction"": ""down"", ""lookback"": 10, ""max_range_bps"": 200.0}",4,no_lower_price_in_next_h_observations,12,12,0.07741935483870968,0.0,0.3466666666666667,0.0,1.0,52.550229505479166,18.170263241545147,83.35424638779303,0.0033222591362126247,-22.716910985121356,11.030421590265078,51.0,398.0,2023-11-15,2026-05-13
TJS,corridor_exit_down_L10_r400_b0bp,corridor_exit_down,favourable_now,"{""breakout_bps"": 0.0, ""direction"": ""down"", ""lookback"": 10, ""max_range_bps"": 400.0}",4,no_lower_price_in_next_h_observations,38,38,0.24516129032258063,0.2894736842105263,0.3378070175438596,0.8569202804466374,0.7840531561461794,88.87666848078881,58.86403934523704,124.21683556249442,0.0033222591362126247,14.564672354463045,5.36468424445246,18.0,112.0,2023-09-13,2026-05-19
TJS,corridor_exit_down_L10_r400_b25bp,corridor_exit_down,favourable_now,"{""breakout_bps"": 25.0, ""direction"": ""down"", ""lookback"": 10, ""max_range_bps"": 400.0}",4,no_lower_price_in_next_h_observations,33,33,0.2129032258064516,0.30303030303030304,0.3306060606060606,0.916590284142988,0.6943521594684385,81.76669526665204,41.16858409542154,122.32511195884905,0.0033222591362126247,4.2860636748105225,2.6723583690327297,21.5,112.0,2023-09-13,2026-05-19
TJS,corridor_exit_down_L10_r400_b50bp,corridor_exit_down,favourable_now,"{""breakout_bps"": 50.0, ""direction"": ""down"", ""lookback"": 10, ""max_range_bps"": 400.0}",4,no_lower_price_in_next_h_observations,27,27,0.17419354838709677,0.2962962962962963,0.35074074074074074,0.8447729672650475,0.7807308970099668,77.76752084002695,34.81337466251426,111.23639748256717,0.0033222591362126247,20.837229033698023,6.715757388880935,31.0,140.0,2023-09-13,2026-05-19
TJS,corridor_exit_down_L10_r50_b0bp,corridor_exit_down,favourable_now,"{""breakout_bps"": 0.0, ""direction"": ""down"", ""lookback"": 10, ""max_range_bps"": 50.0}",4,no_lower_price_in_next_h_observations,1,1,0.0064516129032258064,0.0,0.37333333333333335,0.0,1.0,-23.578401033694796,,,,-66.9158604514819,9.79586243567781,,,2024-07-24,2024-07-24
TJS,corridor_exit_down_L10_r50_b25bp,corridor_exit_down,favourable_now,"{""breakout_bps"": 25.0, ""direction"": ""down"", ""lookback"": 10, ""max_range_bps"": 50.0}",4,no_lower_price_in_next_h_observations,1,1,0.0064516129032258064,0.0,0.31666666666666665,0.0,1.0,-23.578401033694796,,,,-66.9158604514819,-0.584096960644797,,,2024-07-24,2024-07-24
TJS,corridor_exit_down_L10_r50_b50bp,corridor_exit_down,favourable_now,"{""breakout_bps"": 50.0, ""direction"": ""down"", ""lookback"": 10, ""max_range_bps"": 50.0}",4,no_lower_price_in_next_h_observations,1,1,0.0064516129032258064,0.0,0.35,0.0,1.0,-23.578401033694796,,,,-66.9158604514819,2.015521375332385,,,2024-07-24,2024-07-24
TJS,corridor_exit_down_L20_r200_b0bp,corridor_exit_down,favourable_now,"{""breakout_bps"": 0.0, ""direction"": ""down"", ""lookback"": 20, ""max_range_bps"": 200.0}",4,no_lower_price_in_next_h_observations,1,1,0.0064516129032258064,0.0,0.29,0.0,1.0,17.03426343501846,,,,-250.36837640094677,-13.691839582318423,,,2026-05-14,2026-05-14
TJS,corridor_exit_down_L20_r200_b25bp,corridor_exit_down,favourable_now,"{""breakout_bps"": 25.0, ""direction"": ""down"", ""lookback"": 20, ""max_range_bps"": 200.0}",4,no_lower_price_in_next_h_observations,1,1,0.0064516129032258064,0.0,0.3333333333333333,0.0,1.0,17.03426343501846,,,,-250.36837640094677,4.759968114438186,,,2026-05-14,2026-05-14
TJS,corridor_exit_down_L20_r200_b50bp,corridor_exit_down,favourable_now,"{""breakout_bps"": 50.0, ""direction"": ""down"", ""lookback"": 20, ""max_range_bps"": 200.0}",4,no_lower_price_in_next_h_observations,1,1,0.0064516129032258064,0.0,0.37666666666666665,0.0,1.0,17.03426343501846,,,,-250.36837640094677,10.899904393415772,,,2026-05-14,2026-05-14
TJS,corridor_exit_down_L20_r400_b0bp,corridor_exit_down,favourable_now,"{""breakout_bps"": 0.0, ""direction"": ""down"", ""lookback"": 20, ""max_range_bps"": 400.0}",4,no_lower_price_in_next_h_observations,15,15,0.0967741935483871,0.3333333333333333,0.3411111111111111,0.9771986970684039,0.6146179401993356,57.43007948520866,30.52458654378837,92.92498926100393,0.0033222591362126247,32.482440124786294,2.787592035116288,45.0,386.0,2024-01-11,2026-05-19
TJS,corridor_exit_down_L20_r400_b25bp,corridor_exit_down,favourable_now,"{""breakout_bps"": 25.0, ""direction"": ""down"", ""lookback"": 20, ""max_range_bps"": 400.0}",4,no_lower_price_in_next_h_observations,10,10,0.06451612903225806,0.3,0.3293333333333333,0.9109311740890689,0.7109634551495017,60.943344044923734,29.586008185062408,100.64468627721799,0.006644518272425249,37.74589188202005,4.887126539230308,55.0,484.0,2024-01-12,2026-05-20
TJS,corridor_exit_down_L20_r400_b50bp,corridor_exit_down,favourable_now,"{""breakout_bps"": 50.0, ""direction"": ""down"", ""lookback"": 20, ""max_range_bps"": 400.0}",4,no_lower_price_in_next_h_observations,6,6,0.03870967741935484,0.16666666666666666,0.3311111111111111,0.5033557046979866,0.9036544850498339,90.22482224500305,49.6624782937622,163.0485708590794,0.009966777408637873,84.25772025815958,7.736491588077293,137.0,484.0,2024-01-12,2026-05-20
TJS,corridor_exit_down_L5_r100_b0bp,corridor_exit_down,favourable_now,"{""breakout_bps"": 0.0, ""direction"": ""down"", ""lookback"": 5, ""max_range_bps"": 100.0}",4,no_lower_price_in_next_h_observations,32,32,0.2064516129032258,0.15625,0.3415625,0.4574565416285453,0.9900332225913622,13.315993482619291,-1.9858021298550868,26.253773886090407,0.029900332225913623,-67.84210510495122,8.22686724875494,22.0,112.0,2023-09-22,2026-07-25
TJS,corridor_exit_down_L5_r100_b25bp,corridor_exit_down,favourable_now,"{""breakout_bps"": 25.0, ""direction"": ""down"", ""lookback"": 5, ""max_range_bps"": 100.0}",4,no_lower_price_in_next_h_observations,25,25,0.16129032258064516,0.2,0.3364,0.5945303210463735,0.946843853820598,17.349659714864885,1.8933740256293428,35.79262028201398,0.03986710963455149,-79.41500702134631,4.5967651006676835,31.5,109.0,2023-10-21,2026-07-25
TJS,corridor_exit_down_L5_r100_b50bp,corridor_exit_down,favourable_now,"{""breakout_bps"": 50.0, ""direction"": ""down"", ""lookback"": 5, ""max_range_bps"": 100.0}",4,no_lower_price_in_next_h_observations,17,17,0.10967741935483871,0.17647058823529413,0.33705882352941174,0.5235602094240839,0.9534883720930233,35.70262861926299,9.164904757451945,62.34110940995267,0.0033222591362126247,-48.04101411341218,1.872667092222221,39.5,168.0,2023-10-21,2026-01-17
TJS,corridor_exit_down_L5_r200_b0bp,corridor_exit_down,favourable_now,"{""breakout_bps"": 0.0, ""direction"": ""down"", ""lookback"": 5, ""max_range_bps"": 200.0}",4,no_lower_price_in_next_h_observations,53,53,0.3419354838709677,0.22641509433962265,0.3408805031446541,0.6642066420664207,0.9800664451827242,26.298553889382653,11.680232408780771,39.864894259153324,0.0033222591362126247,-68.44610856302913,5.830662633847141,16.5,60.0,2023-09-12,2026-08-21
TJS,corridor_exit_down_L5_r200_b25bp,corridor_exit_down,favourable_now,"{""breakout_bps"": 25.0, ""direction"": ""down"", ""lookback"": 5, ""max_range_bps"": 200.0}",4,no_lower_price_in_next_h_observations,44,44,0.2838709677419355,0.25,0.343030303030303,0.7287985865724382,0.9667774086378738,39.25484415934065,18.15348609794134,58.709624586105484,0.0033222591362126247,-57.09610807819013,3.6156902201029184,18.0,109.0,2023-09-13,2026-08-21
TJS,corridor_exit_down_L5_r200_b50bp,corridor_exit_down,favourable_now,"{""breakout_bps"": 50.0, ""direction"": ""down"", ""lookback"": 5, ""max_range_bps"": 200.0}",4,no_lower_price_in_next_h_observations,38,38,0.24516129032258063,0.2894736842105263,0.3421052631578947,0.8461538461538463,0.8073089700996677,62.8885200506798,42.315902285339355,88.39913903791098,0.0033222591362126247,-19.846381513484204,4.462897342784407,21.0,109.0,2023-09-13,2026-07-08
TJS,corridor_exit_down_L5_r400_b0bp,corridor_exit_down,favourable_now,"{""breakout_bps"": 0.0, ""direction"": ""down"", ""lookback"": 5, ""max_range_bps"": 400.0}",4,no_lower_price_in_next_h_observations,66,66,0.4258064516129032,0.25757575757575757,0.3400505050505051,0.7574632407544927,0.9568106312292359,46.237424049068466,25.55246694988304,75.1963598432649,0.0033222591362126247,-42.99067108760562,5.549916983074588,12.0,60.0,2023-09-12,2026-08-21
TJS,corridor_exit_down_L5_r400_b25bp,corridor_exit_down,favourable_now,"{""breakout_bps"": 25.0, ""direction"": ""down"", ""lookback"": 5, ""max_range_bps"": 400.0}",4,no_lower_price_in_next_h_observations,57,57,0.36774193548387096,0.2982456140350877,0.33742690058479524,0.883882149046794,0.7807308970099668,58.29456856676267,31.972956931026296,88.24756577610646,0.0033222591362126247,-32.06459029970359,3.6083930563065123,13.5,109.0,2023-09-13,2026-08-21
TJS,corridor_exit_down_L5_r400_b50bp,corridor_exit_down,favourable_now,"{""breakout_bps"": 50.0, ""direction"": ""down"", ""lookback"": 5, ""max_range_bps"": 400.0}",4,no_lower_price_in_next_h_observations,47,47,0.3032258064516129,0.3404255319148936,0.3313475177304964,1.0273972602739727,0.5083056478405316,69.83733002429463,49.40306195510669,95.53740058608616,0.0033222591362126247,-7.502947343970238,4.560627864633242,16.5,109.0,2023-09-13,2026-07-08
TJS,corridor_exit_down_L5_r50_b0bp,corridor_exit_down,favourable_now,"{""breakout_bps"": 0.0, ""direction"": ""down"", ""lookback"": 5, ""max_range_bps"": 50.0}",4,no_lower_price_in_next_h_observations,12,12,0.07741935483870968,0.25,0.3413888888888889,0.7323026851098453,0.8637873754152824,14.852579451387717,-12.284842467478432,47.15714007542524,0.18272425249169436,-46.736616273250384,5.9560143925049305,58.0,314.0,2023-10-21,2026-07-25
TJS,corridor_exit_down_L5_r50_b25bp,corridor_exit_down,favourable_now,"{""breakout_bps"": 25.0, ""direction"": ""down"", ""lookback"": 5, ""max_range_bps"": 50.0}",4,no_lower_price_in_next_h_observations,8,8,0.05161290322580645,0.375,0.33958333333333335,1.1042944785276072,0.5481727574750831,32.42733975660286,0.7139529008828152,62.59215373393061,0.023255813953488372,-25.679945173513183,4.0235580927053975,69.0,478.0,2023-10-21,2026-07-25
TJS,corridor_exit_down_L5_r50_b50bp,corridor_exit_down,favourable_now,"{""breakout_bps"": 50.0, ""direction"": ""down"", ""lookback"": 5, ""max_range_bps"": 50.0}",4,no_lower_price_in_next_h_observations,5,5,0.03225806451612903,0.4,0.3526666666666667,1.1342155009451795,0.5813953488372093,29.30159997840742,-13.658207920703035,74.54136592492766,0.12956810631229235,-78.53677919450442,10.147565184587439,133.0,478.0,2023-10-21,2025-11-14
UZS,corridor_exit_down_L10_r100_b0bp,corridor_exit_down,favourable_now,"{""breakout_bps"": 0.0, ""direction"": ""down"", ""lookback"": 10, ""max_range_bps"": 100.0}",4,no_lower_price_in_next_h_observations,3,3,0.01935483870967742,0.0,0.32888888888888884,0.0,1.0,9.525830105447943,-39.68047894182591,55.783806965443716,0.4053156146179402,-62.856344588141745,-11.769024127830876,299.5,486.0,2024-04-02,2025-11-22
UZS,corridor_exit_down_L10_r100_b25bp,corridor_exit_down,favourable_now,"{""breakout_bps"": 25.0, ""direction"": ""down"", ""lookback"": 10, ""max_range_bps"": 100.0}",4,no_lower_price_in_next_h_observations,2,2,0.012903225806451613,0.5,0.31,1.6129032258064517,0.521594684385382,44.88444542884218,33.98508389224064,55.783806965443716,0.0033222591362126247,11.160538390941326,9.482766235958483,596.0,596.0,2024-04-05,2025-11-22
UZS,corridor_exit_down_L10_r100_b50bp,corridor_exit_down,favourable_now,"{""breakout_bps"": 50.0, ""direction"": ""down"", ""lookback"": 10, ""max_range_bps"": 100.0}",4,no_lower_price_in_next_h_observations,1,1,0.0064516129032258064,0.0,0.3333333333333333,0.0,1.0,55.783806965443716,,,,-70.42540199470815,-3.34383207058058,,,2025-11-22,2025-11-22
UZS,corridor_exit_down_L10_r200_b0bp,corridor_exit_down,favourable_now,"{""breakout_bps"": 0.0, ""direction"": ""down"", ""lookback"": 10, ""max_range_bps"": 200.0}",4,no_lower_price_in_next_h_observations,17,17,0.10967741935483871,0.17647058823529413,0.3196078431372549,0.5521472392638037,0.9335548172757475,39.343715798664775,19.297469831939768,65.34510298199389,0.0033222591362126247,-30.55546223332928,-0.6023276496757645,35.0,213.0,2023-11-09,2026-05-08
UZS,corridor_exit_down_L10_r200_b25bp,corridor_exit_down,favourable_now,"{""breakout_bps"": 25.0, ""direction"": ""down"", ""lookback"": 10, ""max_range_bps"": 200.0}",4,no_lower_price_in_next_h_observations,15,15,0.0967741935483871,0.13333333333333333,0.32799999999999996,0.40650406504065045,0.9767441860465116,42.56466088317963,26.39991211797732,63.189964875069045,0.0033222591362126247,-31.512468556088212,-4.699993370076028,38.5,261.0,2023-11-09,2026-05-08
UZS,corridor_exit_down_L10_r200_b50bp,corridor_exit_down,favourable_now,"{""breakout_bps"": 50.0, ""direction"": ""down"", ""lookback"": 10, ""max_range_bps"": 200.0}",4,no_lower_price_in_next_h_observations,9,9,0.05806451612903226,0.1111111111111111,0.32814814814814813,0.33860045146726864,0.9800664451827242,48.79581118768504,23.385265314371892,76.66760106180035,0.0033222591362126247,-25.613961366426352,2.263098461367224,58.0,268.0,2024-03-01,2026-05-08
UZS,corridor_exit_down_L10_r400_b0bp,corridor_exit_down,favourable_now,"{""breakout_bps"": 0.0, ""direction"": ""down"", ""lookback"": 10, ""max_range_bps"": 400.0}",4,no_lower_price_in_next_h_observations,39,39,0.25161290322580643,0.23076923076923078,0.31794871794871793,0.7258064516129034,0.9169435215946844,55.60383492950663,28.36891829580417,90.493105372571,0.006644518272425249,-25.850089501106442,-3.236639979921205,20.0,78.0,2023-09-13,2026-05-19
UZS,corridor_exit_down_L10_r400_b25bp,corridor_exit_down,favourable_now,"{""breakout_bps"": 25.0, ""direction"": ""down"", ""lookback"": 10, ""max_range_bps"": 400.0}",4,no_lower_price_in_next_h_observations,33,33,0.2129032258064516,0.21212121212121213,0.3231313131313131,0.6564551422319476,0.9534883720930233,56.116546065982796,37.462054140905,83.11194714271787,0.0033222591362126247,-31.529504333367832,0.7602859409648725,27.0,112.0,2023-09-13,2026-05-19
UZS,corridor_exit_down_L10_r400_b50bp,corridor_exit_down,favourable_now,"{""breakout_bps"": 50.0, ""direction"": ""down"", ""lookback"": 10, ""max_range_bps"": 400.0}",4,no_lower_price_in_next_h_observations,26,26,0.16774193548387098,0.23076923076923078,0.3271794871794872,0.7053291536050157,0.8970099667774086,52.0226645750045,18.665114509993384,79.43288468333834,0.0033222591362126247,-39.77825277523618,0.15318852357857934,31.0,140.0,2023-09-13,2026-05-19
UZS,corridor_exit_down_L20_r400_b0bp,corridor_exit_down,favourable_now,"{""breakout_bps"": 0.0, ""direction"": ""down"", ""lookback"": 20, ""max_range_bps"": 400.0}",4,no_lower_price_in_next_h_observations,16,16,0.1032258064516129,0.1875,0.31895833333333334,0.5878510777269759,0.9368770764119602,32.096559226929415,12.839767526069638,58.48474960705794,0.006644518272425249,9.94843252031148,-1.9723271619389113,26.0,289.0,2024-03-07,2026-05-19
UZS,corridor_exit_down_L20_r400_b25bp,corridor_exit_down,favourable_now,"{""breakout_bps"": 25.0, ""direction"": ""down"", ""lookback"": 20, ""max_range_bps"": 400.0}",4,no_lower_price_in_next_h_observations,13,13,0.08387096774193549,0.15384615384615385,0.3241025641025641,0.4746835443037975,0.9501661129568106,36.06667800163781,20.30218289893002,58.54601996263246,0.006644518272425249,-10.771179802165655,-3.0073332945236597,36.5,338.0,2024-03-07,2026-05-19
UZS,corridor_exit_down_L20_r400_b50bp,corridor_exit_down,favourable_now,"{""breakout_bps"": 50.0, ""direction"": ""down"", ""lookback"": 20, ""max_range_bps"": 400.0}",4,no_lower_price_in_next_h_observations,9,9,0.05806451612903226,0.2222222222222222,0.30851851851851847,0.7202881152460985,0.8438538205980066,49.120755805466636,29.604697733273905,77.39813880178218,0.0033222591362126247,21.05647306975846,-9.253878760985215,63.5,345.0,2024-03-07,2026-05-19
UZS,corridor_exit_down_L5_r100_b0bp,corridor_exit_down,favourable_now,"{""breakout_bps"": 0.0, ""direction"": ""down"", ""lookback"": 5, ""max_range_bps"": 100.0}",4,no_lower_price_in_next_h_observations,32,32,0.2064516129032258,0.15625,0.31604166666666667,0.4943968358602505,0.9767441860465116,0.7742198077138189,-13.58879447418733,13.315777647765378,0.49169435215946844,-113.73782662198289,-3.5132682103635724,20.0,176.0,2023-09-22,2026-05-19
UZS,corridor_exit_down_L5_r100_b25bp,corridor_exit_down,favourable_now,"{""breakout_bps"": 25.0, ""direction"": ""down"", ""lookback"": 5, ""max_range_bps"": 100.0}",4,no_lower_price_in_next_h_observations,25,25,0.16129032258064516,0.12,0.31373333333333336,0.3824904377390565,0.9966777408637874,5.850114432277296,-11.378843827977835,25.71326676795096,0.2757475083056478,-118.05096292084663,-6.22589455245172,30.0,176.0,2023-10-21,2026-05-19
UZS,corridor_exit_down_L5_r100_b50bp,corridor_exit_down,favourable_now,"{""breakout_bps"": 50.0, ""direction"": ""down"", ""lookback"": 5, ""max_range_bps"": 100.0}",4,no_lower_price_in_next_h_observations,17,17,0.10967741935483871,0.11764705882352941,0.3188235294117647,0.3690036900369004,0.9933554817275747,19.036494704975603,0.9662278437122109,39.351527886182694,0.03322259136212625,-105.471563637073,-0.42538072480738076,39.0,189.0,2023-10-21,2026-05-19
UZS,corridor_exit_down_L5_r200_b0bp,corridor_exit_down,favourable_now,"{""breakout_bps"": 0.0, ""direction"": ""down"", ""lookback"": 5, ""max_range_bps"": 200.0}",4,no_lower_price_in_next_h_observations,59,59,0.38064516129032255,0.2542372881355932,0.31875706214689264,0.7975895072669266,0.9102990033222591,32.924909414456486,16.131985481764517,49.6880042571075,0.0033222591362126247,-38.351067110604156,-2.8853149764684476,12.5,61.0,2023-09-12,2026-08-22
UZS,corridor_exit_down_L5_r200_b25bp,corridor_exit_down,favourable_now,"{""breakout_bps"": 25.0, ""direction"": ""down"", ""lookback"": 5, ""max_range_bps"": 200.0}",4,no_lower_price_in_next_h_observations,48,48,0.3096774193548387,0.25,0.31152777777777774,0.8024966562639323,0.8704318936877077,45.58240947157989,25.52393855117106,67.21940053163549,0.0033222591362126247,-31.17557317908475,-6.194758344141069,18.0,63.0,2023-09-12,2026-08-22
UZS,corridor_exit_down_L5_r200_b50bp,corridor_exit_down,favourable_now,"{""breakout_bps"": 50.0, ""direction"": ""down"", ""lookback"": 5, ""max_range_bps"": 200.0}",4,no_lower_price_in_next_h_observations,37,37,0.23870967741935484,0.2702702702702703,0.32243243243243247,0.8382229673093042,0.8006644518272426,58.73648732898175,32.467985020620766,86.72284384186767,0.0033222591362126247,-26.889383413207913,-3.3589582809912866,27.0,112.0,2023-09-13,2026-08-22
UZS,corridor_exit_down_L5_r400_b0bp,corridor_exit_down,favourable_now,"{""breakout_bps"": 0.0, ""direction"": ""down"", ""lookback"": 5, ""max_range_bps"": 400.0}",4,no_lower_price_in_next_h_observations,78,78,0.5032258064516129,0.2692307692307692,0.31799145299145304,0.8466603951081842,0.8737541528239202,48.23846966755762,28.77454176899401,69.7868788895643,0.0033222591362126247,-31.98640097585945,-0.8606093045738009,11.0,47.0,2023-09-12,2026-08-22
UZS,corridor_exit_down_L5_r400_b25bp,corridor_exit_down,favourable_now,"{""breakout_bps"": 25.0, ""direction"": ""down"", ""lookback"": 5, ""max_range_bps"": 400.0}",4,no_lower_price_in_next_h_observations,63,63,0.4064516129032258,0.2222222222222222,0.31560846560846556,0.7041072925398156,0.973421926910299,49.8368787946144,33.639282758162764,68.20349704651466,0.0033222591362126247,-43.42895156030002,-4.002885362757068,13.0,54.0,2023-09-12,2026-08-22
UZS,corridor_exit_down_L5_r400_b50bp,corridor_exit_down,favourable_now,"{""breakout_bps"": 50.0, ""direction"": ""down"", ""lookback"": 5, ""max_range_bps"": 400.0}",4,no_lower_price_in_next_h_observations,53,53,0.3419354838709677,0.2641509433962264,0.31654088050314466,0.8344923504867872,0.8504983388704319,62.55752025028349,49.137863653836746,84.51675310734377,0.0033222591362126247,-36.35985301621392,-3.882229290027106,16.5,93.0,2023-09-13,2026-08-22
UZS,corridor_exit_down_L5_r50_b0bp,corridor_exit_down,favourable_now,"{""breakout_bps"": 0.0, ""direction"": ""down"", ""lookback"": 5, ""max_range_bps"": 50.0}",4,no_lower_price_in_next_h_observations,9,9,0.05806451612903226,0.1111111111111111,0.322962962962963,0.34403669724770636,0.9634551495016611,2.089732599220356,-17.60571502062974,25.23739843580354,0.49169435215946844,-96.96160280029632,-10.338979540281086,53.5,273.0,2023-10-21,2025-12-02
UZS,corridor_exit_down_L5_r50_b25bp,corridor_exit_down,favourable_now,"{""breakout_bps"": 25.0, ""direction"": ""down"", ""lookback"": 5, ""max_range_bps"": 50.0}",4,no_lower_price_in_next_h_observations,8,8,0.05161290322580645,0.125,0.32916666666666666,0.379746835443038,0.9667774086378738,13.238065110515727,-3.6877740155539547,29.50759020324452,0.053156146179401995,-79.27772370352804,-2.603688319727847,67.0,269.0,2023-10-21,2025-12-02
UZS,corridor_exit_down_L5_r50_b50bp,corridor_exit_down,favourable_now,"{""breakout_bps"": 50.0, ""direction"": ""down"", ""lookback"": 5, ""max_range_bps"": 50.0}",4,no_lower_price_in_next_h_observations,4,4,0.025806451612903226,0.0,0.33166666666666667,0.0,1.0,20.60931945308625,-3.851182524286462,45.573790681747845,0.046511627906976744,-136.42291374645427,2.6838099449761845,269.0,318.0,2023-10-21,2025-12-02
AMD,corridor_exit_up_L10_r100_b0bp,corridor_exit_up,window_closing,"{""breakout_bps"": 0.0, ""direction"": ""up"", ""lookback"": 10, ""max_range_bps"": 100.0}",4,rub_per_unit_at_T_plus_h_is_higher_than_at_T,4,4,0.025806451612903226,0.5,0.5091666666666667,0.9819967266775778,0.7242524916943521,12.817123701427683,-41.148465538709544,45.03616197663041,0.33222591362126247,164.5688082852806,-3.9812104503227035,42.0,352.0,2024-07-17,2025-09-04
AMD,corridor_exit_up_L10_r100_b25bp,corridor_exit_up,window_closing,"{""breakout_bps"": 25.0, ""direction"": ""up"", ""lookback"": 10, ""max_range_bps"": 100.0}",4,rub_per_unit_at_T_plus_h_is_higher_than_at_T,2,2,0.012903225806451613,1.0,0.49666666666666665,2.0134228187919465,0.2558139534883721,58.32800974093555,43.753376193356175,72.90264328851492,0.0033222591362126247,406.6721634103521,-9.547848271642463,42.0,42.0,2025-07-25,2025-09-05
AMD,corridor_exit_up_L10_r100_b50bp,corridor_exit_up,window_closing,"{""breakout_bps"": 50.0, ""direction"": ""up"", ""lookback"": 10, ""max_range_bps"": 100.0}",4,rub_per_unit_at_T_plus_h_is_higher_than_at_T,2,2,0.012903225806451613,1.0,0.47833333333333333,2.0905923344947737,0.19601328903654486,58.32800974093555,43.753376193356175,72.90264328851492,0.0033222591362126247,406.6721634103521,-11.806940679379046,42.0,42.0,2025-07-25,2025-09-05
AMD,corridor_exit_up_L10_r200_b0bp,corridor_exit_up,window_closing,"{""breakout_bps"": 0.0, ""direction"": ""up"", ""lookback"": 10, ""max_range_bps"": 200.0}",4,rub_per_unit_at_T_plus_h_is_higher_than_at_T,23,23,0.14838709677419354,0.7391304347826086,0.5063768115942029,1.4596451058958213,0.029900332225913623,5.55555032780182,-17.261517508777665,25.839121149009767,0.2757475083056478,112.08545105820812,-3.386398703920007,24.5,224.0,2023-12-02,2026-07-29
AMD,corridor_exit_up_L10_r200_b25bp,corridor_exit_up,window_closing,"{""breakout_bps"": 25.0, ""direction"": ""up"", ""lookback"": 10, ""max_range_bps"": 200.0}",4,rub_per_unit_at_T_plus_h_is_higher_than_at_T,18,18,0.11612903225806452,0.8333333333333334,0.5057407407407407,1.6477480776272428,0.006644518272425249,5.535268422203014,-12.09509641469216,23.50095195470938,0.31893687707641194,155.4569321563023,-4.381824756943885,30.0,245.0,2023-12-02,2026-07-30
AMD,corridor_exit_up_L10_r200_b50bp,corridor_exit_up,window_closing,"{""breakout_bps"": 50.0, ""direction"": ""up"", ""lookback"": 10, ""max_range_bps"": 200.0}",4,rub_per_unit_at_T_plus_h_is_higher_than_at_T,13,13,0.08387096774193549,0.7692307692307693,0.5207692307692308,1.4771048744460857,0.05647840531561462,-13.185502829720598,-32.48208984192761,11.368456642045647,0.893687707641196,133.05994150160916,0.11229005152082133,55.0,252.0,2023-12-02,2026-07-30
AMD,corridor_exit_up_L10_r400_b0bp,corridor_exit_up,window_closing,"{""breakout_bps"": 0.0, ""direction"": ""up"", ""lookback"": 10, ""max_range_bps"": 400.0}",4,rub_per_unit_at_T_plus_h_is_higher_than_at_T,47,46,0.3032258064516129,0.6304347826086957,0.5135507246376813,1.2275998306758853,0.08637873754152824,-24.302292825834897,-42.967850284365994,-3.4668813711882063,0.9933554817275747,64.96766880448438,0.6224430799774953,13.0,87.0,2023-09-07,2026-08-28
AMD,corridor_exit_up_L10_r400_b25bp,corridor_exit_up,window_closing,"{""breakout_bps"": 25.0, ""direction"": ""up"", ""lookback"": 10, ""max_range_bps"": 400.0}",4,rub_per_unit_at_T_plus_h_is_higher_than_at_T,34,33,0.21935483870967742,0.7272727272727273,0.51,1.4260249554367201,0.006644518272425249,-20.52073881974414,-43.36561052298388,0.8962725427962237,0.9634551495016611,103.31812186027547,-0.7250566280681331,20.0,121.0,2023-09-07,2026-08-28
AMD,corridor_exit_up_L10_r400_b50bp,corridor_exit_up,window_closing,"{""breakout_bps"": 50.0, ""direction"": ""up"", ""lookback"": 10, ""max_range_bps"": 400.0}",4,rub_per_unit_at_T_plus_h_is_higher_than_at_T,29,28,0.1870967741935484,0.7142857142857143,0.49666666666666665,1.4381591562799618,0.009966777408637873,-29.946626170295986,-53.44146497910564,-6.968437618463575,0.9900332225913622,116.46754037209129,-6.226797917573345,23.0,129.0,2023-09-06,2026-08-28
AMD,corridor_exit_up_L20_r200_b0bp,corridor_exit_up,window_closing,"{""breakout_bps"": 0.0, ""direction"": ""up"", ""lookback"": 20, ""max_range_bps"": 200.0}",4,rub_per_unit_at_T_plus_h_is_higher_than_at_T,4,4,0.025806451612903226,1.0,0.505,1.9801980198019802,0.059800664451827246,32.91968854699123,5.957473520197265,58.96940263257267,0.016611295681063124,205.0979152371252,-7.249091675386117,181.0,264.0,2024-11-03,2026-03-04
AMD,corridor_exit_up_L20_r200_b25bp,corridor_exit_up,window_closing,"{""breakout_bps"": 25.0, ""direction"": ""up"", ""lookback"": 20, ""max_range_bps"": 200.0}",4,rub_per_unit_at_T_plus_h_is_higher_than_at_T,2,2,0.012903225806451613,0.5,0.515,0.970873786407767,0.760797342192691,-9.350370136975151,-38.55263931561992,19.85189904166962,0.8073089700996677,42.851815087717185,2.3023469413226785,262.0,262.0,2024-11-06,2025-07-26
AMD,corridor_exit_up_L20_r200_b50bp,corridor_exit_up,window_closing,"{""breakout_bps"": 50.0, ""direction"": ""up"", ""lookback"": 20, ""max_range_bps"": 200.0}",4,rub_per_unit_at_T_plus_h_is_higher_than_at_T,2,2,0.012903225806451613,0.5,0.5266666666666666,0.949367088607595,0.8039867109634552,-9.350370136975151,-38.55263931561992,19.85189904166962,0.770764119601329,42.851815087717185,-4.14436693332789,262.0,262.0,2024-11-06,2025-07-26
AMD,corridor_exit_up_L20_r400_b0bp,corridor_exit_up,window_closing,"{""breakout_bps"": 0.0, ""direction"": ""up"", ""lookback"": 20, ""max_range_bps"": 400.0}",4,rub_per_unit_at_T_plus_h_is_higher_than_at_T,12,12,0.07741935483870968,0.8333333333333334,0.5133333333333333,1.6233766233766236,0.019933554817275746,14.872334036531806,-36.09464811913091,45.87849679791078,0.22591362126245848,173.76090895103678,-0.6566502299341298,44.0,245.0,2024-02-03,2026-07-29
AMD,corridor_exit_up_L20_r400_b25bp,corridor_exit_up,window_closing,"{""breakout_bps"": 25.0, ""direction"": ""up"", ""lookback"": 20, ""max_range_bps"": 400.0}",4,rub_per_unit_at_T_plus_h_is_higher_than_at_T,11,11,0.07096774193548387,0.7272727272727273,0.5093939393939394,1.4277215942891137,0.10963455149501661,-12.557056662735725,-62.39170412782125,19.77595820285885,0.7009966777408638,145.1981309733108,-2.2432164430607235,47.0,246.0,2024-02-03,2026-07-30
AMD,corridor_exit_up_L20_r400_b50bp,corridor_exit_up,window_closing,"{""breakout_bps"": 50.0, ""direction"": ""up"", ""lookback"": 20, ""max_range_bps"": 400.0}",4,rub_per_unit_at_T_plus_h_is_higher_than_at_T,11,11,0.07096774193548387,0.6363636363636364,0.5151515151515151,1.2352941176470589,0.2956810631229236,-25.1947557406981,-74.35123672449333,4.835396892252643,0.8970099667774086,128.98618144021017,3.2850672327080486,45.5,245.0,2024-02-06,2026-07-30
AMD,corridor_exit_up_L5_r100_b0bp,corridor_exit_up,window_closing,"{""breakout_bps"": 0.0, ""direction"": ""up"", ""lookback"": 5, ""max_range_bps"": 100.0}",4,rub_per_unit_at_T_plus_h_is_higher_than_at_T,35,35,0.22580645161290322,0.6,0.5052380952380952,1.1875589066918004,0.1893687707641196,-8.630185229514245,-25.799372883501054,7.186694063872774,0.7840531561461794,58.089470701580915,-3.5868533253120103,19.0,140.0,2023-09-05,2026-07-30
AMD,corridor_exit_up_L5_r100_b25bp,corridor_exit_up,window_closing,"{""breakout_bps"": 25.0, ""direction"": ""up"", ""lookback"": 5, ""max_range_bps"": 100.0}",4,rub_per_unit_at_T_plus_h_is_higher_than_at_T,26,26,0.16774193548387098,0.6923076923076923,0.5147435897435897,1.3449564134495642,0.046511627906976744,-7.355274906578698,-22.616368075657324,8.949709475277343,0.8372093023255814,98.54234281040021,1.2870356651059365,24.0,146.0,2023-09-05,2026-07-30
AMD,corridor_exit_up_L5_r100_b50bp,corridor_exit_up,window_closing,"{""breakout_bps"": 50.0, ""direction"": ""up"", ""lookback"": 5, ""max_range_bps"": 100.0}",4,rub_per_unit_at_T_plus_h_is_higher_than_at_T,17,17,0.10967741935483871,0.6470588235294118,0.507843137254902,1.274131274131274,0.18604651162790697,-18.63691459970412,-43.480136039045114,2.187934458204951,0.9368770764119602,115.10832545916541,-0.24443565640647535,34.0,170.0,2023-12-02,2026-07-30
AMD,corridor_exit_up_L5_r200_b0bp,corridor_exit_up,window_closing,"{""breakout_bps"": 0.0, ""direction"": ""up"", ""lookback"": 5, ""max_range_bps"": 200.0}",4,rub_per_unit_at_T_plus_h_is_higher_than_at_T,60,60,0.3870967741935484,0.5833333333333334,0.5156666666666666,1.1312217194570138,0.14950166112956811,-20.63278877756752,-38.66014568441969,-2.5797944228774417,0.9833887043189369,46.0010541211407,1.10818815818415,13.0,74.0,2023-09-06,2026-08-05
AMD,corridor_exit_up_L5_r200_b25bp,corridor_exit_up,window_closing,"{""breakout_bps"": 25.0, ""direction"": ""up"", ""lookback"": 5, ""max_range_bps"": 200.0}",4,rub_per_unit_at_T_plus_h_is_higher_than_at_T,46,46,0.2967741935483871,0.6739130434782609,0.5135507246376811,1.3122618879638777,0.019933554817275746,-24.127556318179927,-45.42749697322959,-7.129392596507154,0.9867109634551495,65.99992841311911,0.6467796173470617,20.0,86.0,2023-09-07,2026-08-05
AMD,corridor_exit_up_L5_r200_b50bp,corridor_exit_up,window_closing,"{""breakout_bps"": 50.0, ""direction"": ""up"", ""lookback"": 5, ""max_range_bps"": 200.0}",4,rub_per_unit_at_T_plus_h_is_higher_than_at_T,37,37,0.23870967741935484,0.6756756756756757,0.5086486486486486,1.328374070138151,0.03322259136212625,-32.87644006761019,-56.98039140216045,-10.371734540743676,1.0,83.13667796133443,-2.9659557678975492,19.5,130.0,2023-09-06,2026-08-05
AMD,corridor_exit_up_L5_r400_b0bp,corridor_exit_up,window_closing,"{""breakout_bps"": 0.0, ""direction"": ""up"", ""lookback"": 5, ""max_range_bps"": 400.0}",4,rub_per_unit_at_T_plus_h_is_higher_than_at_T,72,71,0.4645161290322581,0.5915492957746479,0.5148826291079812,1.148901249202152,0.10963455149501661,-25.596555175983156,-42.24982587764531,-10.444460891939936,0.9966777408637874,53.75952237999079,-0.039490113091681565,11.0,74.0,2023-09-06,2026-08-28
AMD,corridor_exit_up_L5_r400_b25bp,corridor_exit_up,window_closing,"{""breakout_bps"": 25.0, ""direction"": ""up"", ""lookback"": 5, ""max_range_bps"": 400.0}",4,rub_per_unit_at_T_plus_h_is_higher_than_at_T,57,56,0.36774193548387096,0.6428571428571429,0.5098809523809524,1.2607985057202895,0.013289036544850499,-30.257165322950566,-51.65648087158006,-12.305761226142469,1.0,67.05030147826946,0.5015563791585519,14.5,86.0,2023-09-07,2026-08-28
AMD,corridor_exit_up_L5_r400_b50bp,corridor_exit_up,window_closing,"{""breakout_bps"": 50.0, ""direction"": ""up"", ""lookback"": 5, ""max_range_bps"": 400.0}",4,rub_per_unit_at_T_plus_h_is_higher_than_at_T,47,46,0.3032258064516129,0.6304347826086957,0.5173913043478261,1.2184873949579833,0.08637873754152824,-42.97810675324713,-65.90450526643076,-23.32472640179215,1.0,68.69824645654668,0.23412194320998633,15.5,92.0,2023-09-06,2026-08-28
AMD,corridor_exit_up_L5_r50_b0bp,corridor_exit_up,window_closing,"{""breakout_bps"": 0.0, ""direction"": ""up"", ""lookback"": 5, ""max_range_bps"": 50.0}",4,rub_per_unit_at_T_plus_h_is_higher_than_at_T,15,15,0.0967741935483871,0.6666666666666666,0.5051111111111111,1.3198416190057194,0.12956810631229235,0.2287132088718547,-17.767818805446684,22.026226031216524,0.47840531561461797,69.60866646909464,-3.950618308684997,41.0,324.0,2023-12-02,2026-07-24
AMD,corridor_exit_up_L5_r50_b25bp,corridor_exit_up,window_closing,"{""breakout_bps"": 25.0, ""direction"": ""up"", ""lookback"": 5, ""max_range_bps"": 50.0}",4,rub_per_unit_at_T_plus_h_is_higher_than_at_T,12,12,0.07741935483870968,0.75,0.5130555555555555,1.461829994585815,0.09302325581395349,4.562065525340885,-13.781094138554066,26.51425399254248,0.31893687707641194,106.00941580602921,-1.805901103681532,47.0,225.0,2023-12-02,2025-09-04
AMD,corridor_exit_up_L5_r50_b50bp,corridor_exit_up,window_closing,"{""breakout_bps"": 50.0, ""direction"": ""up"", ""lookback"": 5, ""max_range_bps"": 50.0}",4,rub_per_unit_at_T_plus_h_is_higher_than_at_T,4,4,0.025806451612903226,0.75,0.5125,1.4634146341463417,0.34219269102990035,18.5079199583113,-31.41183457243105,61.85115000232105,0.23588039867109634,171.91727558940443,2.320728102836556,252.0,349.0,2023-12-02,2025-08-23
KGS,corridor_exit_up_L10_r100_b0bp,corridor_exit_up,window_closing,"{""breakout_bps"": 0.0, ""direction"": ""up"", ""lookback"": 10, ""max_range_bps"": 100.0}",4,rub_per_unit_at_T_plus_h_is_higher_than_at_T,10,10,0.06451612903225806,0.8,0.5156666666666667,1.5513897866839044,0.07308970099667775,10.52912290102681,-6.2357390952290705,26.321354561010736,0.12624584717607973,140.05989042123602,0.6982910724652523,99.0,329.0,2023-09-29,2026-07-30
KGS,corridor_exit_up_L10_r100_b25bp,corridor_exit_up,window_closing,"{""breakout_bps"": 25.0, ""direction"": ""up"", ""lookback"": 10, ""max_range_bps"": 100.0}",4,rub_per_unit_at_T_plus_h_is_higher_than_at_T,8,8,0.05161290322580645,0.875,0.5154166666666666,1.6976556184316898,0.04983388704318937,9.783405161533782,-12.08160755608724,36.09499040692735,0.25249169435215946,181.28888364839986,-3.0228654038185314,121.0,328.0,2023-09-29,2026-07-30
KGS,corridor_exit_up_L10_r100_b50bp,corridor_exit_up,window_closing,"{""breakout_bps"": 50.0, ""direction"": ""up"", ""lookback"": 10, ""max_range_bps"": 100.0}",4,rub_per_unit_at_T_plus_h_is_higher_than_at_T,4,4,0.025806451612903226,1.0,0.5,2.0,0.06312292358803986,22.74653698706164,-16.565328354410934,60.47383210021353,0.07973421926910298,280.41076611237503,-0.29171588723730224,328.0,470.0,2024-04-11,2026-07-30
KGS,corridor_exit_up_L10_r200_b0bp,corridor_exit_up,window_closing,"{""breakout_bps"": 0.0, ""direction"": ""up"", ""lookback"": 10, ""max_range_bps"": 200.0}",4,rub_per_unit_at_T_plus_h_is_higher_than_at_T,23,23,0.14838709677419354,0.8260869565217391,0.5202898550724637,1.5877437325905295,0.0033222591362126247,1.230684071483263,-13.82656314028841,15.688522658714513,0.43853820598006643,102.82781194029809,-0.3617236192512848,23.0,226.0,2023-09-29,2026-07-29
KGS,corridor_exit_up_L10_r200_b25bp,corridor_exit_up,window_closing,"{""breakout_bps"": 25.0, ""direction"": ""up"", ""lookback"": 10, ""max_range_bps"": 200.0}",4,rub_per_unit_at_T_plus_h_is_higher_than_at_T,19,19,0.12258064516129032,0.8421052631578947,0.5094736842105263,1.6528925619834711,0.0033222591362126247,-6.189530237496495,-22.124630841152705,12.033853638389791,0.7774086378737541,118.13752807474916,-5.374916432733368,36.0,252.0,2023-09-29,2026-07-30
KGS,corridor_exit_up_L10_r200_b50bp,corridor_exit_up,window_closing,"{""breakout_bps"": 50.0, ""direction"": ""up"", ""lookback"": 10, ""max_range_bps"": 200.0}",4,rub_per_unit_at_T_plus_h_is_higher_than_at_T,14,14,0.09032258064516129,0.8571428571428571,0.5107142857142858,1.678321678321678,0.006644518272425249,-19.311553165163783,-36.60010624549354,3.322384286871746,0.9800664451827242,127.36579658326339,-3.016211441831482,53.0,251.0,2023-10-03,2026-07-30
KGS,corridor_exit_up_L10_r400_b0bp,corridor_exit_up,window_closing,"{""breakout_bps"": 0.0, ""direction"": ""up"", ""lookback"": 10, ""max_range_bps"": 400.0}",4,rub_per_unit_at_T_plus_h_is_higher_than_at_T,44,43,0.2838709677419355,0.6976744186046512,0.5128682170542636,1.3603385731559856,0.016611295681063124,-21.290982977818043,-38.45974574105054,-6.069421070623291,0.9966777408637874,61.92210375147992,-2.7694331106494183,14.0,87.0,2023-09-07,2026-08-28
KGS,corridor_exit_up_L10_r400_b25bp,corridor_exit_up,window_closing,"{""breakout_bps"": 25.0, ""direction"": ""up"", ""lookback"": 10, ""max_range_bps"": 400.0}",4,rub_per_unit_at_T_plus_h_is_higher_than_at_T,35,34,0.22580645161290322,0.6764705882352942,0.505,1.3395457192778102,0.04318936877076412,-27.15134176049134,-47.32702283143883,-5.6236384115656435,1.0,80.85503673280805,-4.937834784300977,22.5,108.0,2023-09-07,2026-08-28
KGS,corridor_exit_up_L10_r400_b50bp,corridor_exit_up,window_closing,"{""breakout_bps"": 50.0, ""direction"": ""up"", ""lookback"": 10, ""max_range_bps"": 400.0}",4,rub_per_unit_at_T_plus_h_is_higher_than_at_T,28,27,0.18064516129032257,0.6666666666666666,0.5077777777777778,1.312910284463895,0.05647840531561462,-37.52720726256866,-58.943330067001035,-18.674343762977625,1.0,101.46109565508502,-3.5722618416121517,27.0,191.0,2023-09-06,2026-08-28
KGS,corridor_exit_up_L10_r50_b0bp,corridor_exit_up,window_closing,"{""breakout_bps"": 0.0, ""direction"": ""up"", ""lookback"": 10, ""max_range_bps"": 50.0}",4,rub_per_unit_at_T_plus_h_is_higher_than_at_T,1,1,0.0064516129032258064,0.0,0.48,0.0,1.0,-31.47864273436385,,,,-77.47867948802,-15.807351271496742,,,2025-07-04,2025-07-04
KGS,corridor_exit_up_L20_r200_b0bp,corridor_exit_up,window_closing,"{""breakout_bps"": 0.0, ""direction"": ""up"", ""lookback"": 20, ""max_range_bps"": 200.0}",4,rub_per_unit_at_T_plus_h_is_higher_than_at_T,5,5,0.03225806451612903,1.0,0.5026666666666667,1.989389920424403,0.03322259136212625,31.38225945987716,9.81561656659502,53.03444188612261,0.0033222591362126247,208.894579671675,-3.3486865759780793,199.5,253.0,2024-04-11,2026-03-05
KGS,corridor_exit_up_L20_r200_b25bp,corridor_exit_up,window_closing,"{""breakout_bps"": 25.0, ""direction"": ""up"", ""lookback"": 20, ""max_range_bps"": 200.0}",4,rub_per_unit_at_T_plus_h_is_higher_than_at_T,4,4,0.025806451612903226,1.0,0.5191666666666667,1.926163723916533,0.0664451827242525,13.064087759142307,-8.172486956987154,37.54906752885173,0.10963455149501661,181.10732349872927,-1.2752787882156666,218.0,253.0,2024-04-11,2025-09-05
KGS,corridor_exit_up_L20_r200_b50bp,corridor_exit_up,window_closing,"{""breakout_bps"": 50.0, ""direction"": ""up"", ""lookback"": 20, ""max_range_bps"": 200.0}",4,rub_per_unit_at_T_plus_h_is_higher_than_at_T,4,4,0.025806451612903226,1.0,0.5075,1.9704433497536948,0.07308970099667775,-0.9393072829216855,-36.51548230679063,37.54906752885173,0.5415282392026578,171.45465529897376,-3.5605844799420954,219.0,252.0,2024-04-11,2025-09-05
KGS,corridor_exit_up_L20_r400_b0bp,corridor_exit_up,window_closing,"{""breakout_bps"": 0.0, ""direction"": ""up"", ""lookback"": 20, ""max_range_bps"": 400.0}",4,rub_per_unit_at_T_plus_h_is_higher_than_at_T,16,16,0.1032258064516129,0.8125,0.5095833333333334,1.5944399018806212,0.023255813953488372,4.54598684697556,-32.37165800687246,30.507003867559327,0.36212624584717606,150.62827425747096,-5.9240263479464295,41.0,247.0,2023-10-04,2026-07-29
KGS,corridor_exit_up_L20_r400_b25bp,corridor_exit_up,window_closing,"{""breakout_bps"": 25.0, ""direction"": ""up"", ""lookback"": 20, ""max_range_bps"": 400.0}",4,rub_per_unit_at_T_plus_h_is_higher_than_at_T,14,14,0.09032258064516129,0.7857142857142857,0.5164285714285715,1.5214384508990317,0.023255813953488372,-2.508439510228802,-44.636761895600294,33.68943235074717,0.574750830564784,176.53837703698915,0.17984259522947924,55.0,246.0,2023-10-04,2026-07-30
KGS,corridor_exit_up_L20_r400_b50bp,corridor_exit_up,window_closing,"{""breakout_bps"": 50.0, ""direction"": ""up"", ""lookback"": 20, ""max_range_bps"": 400.0}",4,rub_per_unit_at_T_plus_h_is_higher_than_at_T,12,12,0.07741935483870968,0.75,0.5116666666666667,1.4657980456026056,0.11960132890365449,-20.30943310489179,-58.82777646267105,9.778215908928326,0.8438538205980066,184.54394798665518,0.6269173965190781,65.0,245.0,2023-10-04,2026-07-30
KGS,corridor_exit_up_L5_r100_b0bp,corridor_exit_up,window_closing,"{""breakout_bps"": 0.0, ""direction"": ""up"", ""lookback"": 5, ""max_range_bps"": 100.0}",4,rub_per_unit_at_T_plus_h_is_higher_than_at_T,37,37,0.23870967741935484,0.6486486486486487,0.512882882882883,1.2647110486562443,0.07308970099667775,-14.927896155152537,-34.89264056687415,0.015542747126095657,0.9269102990033222,61.89959549230456,-3.4511232948323314,19.5,140.0,2023-09-05,2026-07-29
KGS,corridor_exit_up_L5_r100_b25bp,corridor_exit_up,window_closing,"{""breakout_bps"": 25.0, ""direction"": ""up"", ""lookback"": 5, ""max_range_bps"": 100.0}",4,rub_per_unit_at_T_plus_h_is_higher_than_at_T,29,29,0.1870967741935484,0.6896551724137931,0.5020689655172415,1.3736263736263736,0.036544850498338874,-19.614558102850587,-43.013135518288415,-1.8365361526301551,0.9568106312292359,78.23126981659897,-6.2862855164903655,22.0,140.0,2023-09-05,2026-07-30
KGS,corridor_exit_up_L5_r100_b50bp,corridor_exit_up,window_closing,"{""breakout_bps"": 50.0, ""direction"": ""up"", ""lookback"": 5, ""max_range_bps"": 100.0}",4,rub_per_unit_at_T_plus_h_is_higher_than_at_T,15,15,0.0967741935483871,0.6,0.5155555555555557,1.1637931034482756,0.33554817275747506,-29.556399991083875,-68.38304802924553,0.39585515038122665,0.9335548172757475,109.36374846489777,-2.7287725424848297,55.0,226.0,2023-09-06,2026-07-30
KGS,corridor_exit_up_L5_r200_b0bp,corridor_exit_up,window_closing,"{""breakout_bps"": 0.0, ""direction"": ""up"", ""lookback"": 5, ""max_range_bps"": 200.0}",4,rub_per_unit_at_T_plus_h_is_higher_than_at_T,62,61,0.4,0.6229508196721312,0.5085792349726775,1.2248844955409908,0.053156146179401995,-27.143573192695797,-45.838217208057024,-12.301101224829013,0.9933554817275747,30.678132084735363,-5.40459334643407,12.0,74.0,2023-09-07,2026-08-28
KGS,corridor_exit_up_L5_r200_b25bp,corridor_exit_up,window_closing,"{""breakout_bps"": 25.0, ""direction"": ""up"", ""lookback"": 5, ""max_range_bps"": 200.0}",4,rub_per_unit_at_T_plus_h_is_higher_than_at_T,49,48,0.3161290322580645,0.6666666666666666,0.504375,1.3217678645187938,0.023255813953488372,-29.115979123957235,-50.25638173037061,-7.830927566573252,0.9900332225913622,54.831071927543064,-5.620290363373311,17.0,108.0,2023-09-05,2026-08-28
KGS,corridor_exit_up_L5_r200_b50bp,corridor_exit_up,window_closing,"{""breakout_bps"": 50.0, ""direction"": ""up"", ""lookback"": 5, ""max_range_bps"": 200.0}",4,rub_per_unit_at_T_plus_h_is_higher_than_at_T,34,33,0.21935483870967742,0.696969696969697,0.5070707070707071,1.3745019920318724,0.019933554817275746,-32.61056707022087,-55.4464366556381,-13.388156626466941,0.9933554817275747,92.04169675786983,-4.708318660972723,19.0,133.0,2023-09-06,2026-08-28
KGS,corridor_exit_up_L5_r400_b0bp,corridor_exit_up,window_closing,"{""breakout_bps"": 0.0, ""direction"": ""up"", ""lookback"": 5, ""max_range_bps"": 400.0}",4,rub_per_unit_at_T_plus_h_is_higher_than_at_T,72,71,0.4645161290322581,0.647887323943662,0.5034741784037559,1.2868332711674748,0.0033222591362126247,-30.884492280654143,-48.82816747948266,-14.355057057846752,1.0,43.64184528744721,-4.829916428995388,11.0,74.0,2023-09-07,2026-08-28
KGS,corridor_exit_up_L5_r400_b25bp,corridor_exit_up,window_closing,"{""breakout_bps"": 25.0, ""direction"": ""up"", ""lookback"": 5, ""max_range_bps"": 400.0}",4,rub_per_unit_at_T_plus_h_is_higher_than_at_T,56,55,0.36129032258064514,0.6363636363636364,0.5138787878787878,1.2383535794315368,0.036544850498338874,-33.247781880715074,-53.254896851988946,-15.82995173730498,1.0,56.50095571678362,-2.9607741808042927,15.0,108.0,2023-09-05,2026-08-28
KGS,corridor_exit_up_L5_r400_b50bp,corridor_exit_up,window_closing,"{""breakout_bps"": 50.0, ""direction"": ""up"", ""lookback"": 5, ""max_range_bps"": 400.0}",4,rub_per_unit_at_T_plus_h_is_higher_than_at_T,41,40,0.2645161290322581,0.65,0.5072500000000001,1.2814194184327252,0.046511627906976744,-43.40844363000976,-62.9010260446639,-25.72926810060126,1.0,72.79973262174931,-4.3587796953973115,18.0,115.0,2023-09-06,2026-08-28
KGS,corridor_exit_up_L5_r50_b0bp,corridor_exit_up,window_closing,"{""breakout_bps"": 0.0, ""direction"": ""up"", ""lookback"": 5, ""max_range_bps"": 50.0}",4,rub_per_unit_at_T_plus_h_is_higher_than_at_T,12,12,0.07741935483870968,0.75,0.4897222222222223,1.5314804310833805,0.04983388704318937,11.500673147370188,-2.0343199276017208,24.279305105680894,0.03986710963455149,105.09625856613015,-9.31030651862929,23.0,231.0,2023-09-29,2025-09-03
KGS,corridor_exit_up_L5_r50_b25bp,corridor_exit_up,window_closing,"{""breakout_bps"": 25.0, ""direction"": ""up"", ""lookback"": 5, ""max_range_bps"": 50.0}",4,rub_per_unit_at_T_plus_h_is_higher_than_at_T,6,6,0.03870967741935484,0.8333333333333334,0.5177777777777777,1.6094420600858372,0.12624584717607973,3.9933040630143104,-24.2431352340097,39.66177118011387,0.40863787375415284,115.49307130869231,2.5651913127164194,94.0,403.0,2023-09-29,2025-09-04
KGS,corridor_exit_up_L5_r50_b50bp,corridor_exit_up,window_closing,"{""breakout_bps"": 50.0, ""direction"": ""up"", ""lookback"": 5, ""max_range_bps"": 50.0}",4,rub_per_unit_at_T_plus_h_is_higher_than_at_T,1,1,0.0064516129032258064,1.0,0.55,1.8181818181818181,0.5514950166112956,40.411615214765995,,,,252.95618535488006,3.314728499522683,,,2023-09-29,2023-09-29
KZT,corridor_exit_up_L10_r100_b0bp,corridor_exit_up,window_closing,"{""breakout_bps"": 0.0, ""direction"": ""up"", ""lookback"": 10, ""max_range_bps"": 100.0}",4,rub_per_unit_at_T_plus_h_is_higher_than_at_T,2,2,0.012903225806451613,1.0,0.5,2.0,0.26245847176079734,60.63415797159022,-5.50349112528381,126.77180706846426,0.23255813953488372,305.65135848246047,-11.024741458882726,527.0,527.0,2024-03-28,2025-09-06
KZT,corridor_exit_up_L10_r200_b0bp,corridor_exit_up,window_closing,"{""breakout_bps"": 0.0, ""direction"": ""up"", ""lookback"": 10, ""max_range_bps"": 200.0}",4,rub_per_unit_at_T_plus_h_is_higher_than_at_T,22,22,0.14193548387096774,0.5909090909090909,0.5057575757575757,1.1683642899940085,0.2691029900332226,-42.68605485091574,-79.74778370277943,-8.273688554827583,0.9833887043189369,27.363130135501816,-3.411719027226375,26.0,169.0,2023-11-08,2026-03-07
KZT,corridor_exit_up_L10_r200_b25bp,corridor_exit_up,window_closing,"{""breakout_bps"": 25.0, ""direction"": ""up"", ""lookback"": 10, ""max_range_bps"": 200.0}",4,rub_per_unit_at_T_plus_h_is_higher_than_at_T,18,18,0.11612903225806452,0.6111111111111112,0.4987037037037036,1.2253991830672117,0.21926910299003322,-54.03693475433833,-96.06221352547567,-17.26917317340197,0.9966777408637874,27.14436613047273,-6.387103881756511,32.0,176.0,2023-11-08,2026-03-07
KZT,corridor_exit_up_L10_r200_b50bp,corridor_exit_up,window_closing,"{""breakout_bps"": 50.0, ""direction"": ""up"", ""lookback"": 10, ""max_range_bps"": 200.0}",4,rub_per_unit_at_T_plus_h_is_higher_than_at_T,13,13,0.08387096774193549,0.6153846153846154,0.5002564102564103,1.230138390568939,0.2956810631229236,-79.74430262028068,-125.69503955959611,-40.78930156186685,1.0,-1.6880609290126292,-4.684964563854355,45.5,233.0,2023-11-08,2026-03-07
KZT,corridor_exit_up_L10_r400_b0bp,corridor_exit_up,window_closing,"{""breakout_bps"": 0.0, ""direction"": ""up"", ""lookback"": 10, ""max_range_bps"": 400.0}",4,rub_per_unit_at_T_plus_h_is_higher_than_at_T,48,47,0.3096774193548387,0.44680851063829785,0.4997163120567376,0.8941243258586431,0.8006644518272426,-57.41740713368097,-78.99080034863653,-36.71323147184629,1.0,-1.9256804790377735,-6.6323719181893495,17.0,91.0,2023-09-07,2026-08-28
KZT,corridor_exit_up_L10_r400_b25bp,corridor_exit_up,window_closing,"{""breakout_bps"": 25.0, ""direction"": ""up"", ""lookback"": 10, ""max_range_bps"": 400.0}",4,rub_per_unit_at_T_plus_h_is_higher_than_at_T,38,37,0.24516129032258063,0.5405405405405406,0.4944144144144144,1.0932944606413995,0.3853820598006645,-57.15561998111895,-78.44214817317224,-33.35464046747379,1.0,26.754904479800576,-6.9616951137749,24.0,122.0,2023-09-02,2026-08-28
KZT,corridor_exit_up_L10_r400_b50bp,corridor_exit_up,window_closing,"{""breakout_bps"": 50.0, ""direction"": ""up"", ""lookback"": 10, ""max_range_bps"": 400.0}",4,rub_per_unit_at_T_plus_h_is_higher_than_at_T,27,26,0.17419354838709677,0.5769230769230769,0.5019230769230769,1.1494252873563218,0.2823920265780731,-63.83110216468133,-89.67317250281103,-39.66874982307215,1.0,48.320178798477514,-3.0901189060663037,26.0,175.0,2023-09-05,2026-08-28
KZT,corridor_exit_up_L20_r200_b0bp,corridor_exit_up,window_closing,"{""breakout_bps"": 0.0, ""direction"": ""up"", ""lookback"": 20, ""max_range_bps"": 200.0}",4,rub_per_unit_at_T_plus_h_is_higher_than_at_T,1,1,0.0064516129032258064,1.0,0.5233333333333333,1.910828025477707,0.5249169435215947,-41.34351512661283,,,,17.69498029196681,10.194975766710284,,,2024-11-15,2024-11-15
KZT,corridor_exit_up_L20_r200_b25bp,corridor_exit_up,window_closing,"{""breakout_bps"": 25.0, ""direction"": ""up"", ""lookback"": 20, ""max_range_bps"": 200.0}",4,rub_per_unit_at_T_plus_h_is_higher_than_at_T,1,1,0.0064516129032258064,1.0,0.5133333333333333,1.9480519480519483,0.5149501661129569,-80.20895923703586,,,,40.793145171247325,-1.3615093561588834,,,2024-11-16,2024-11-16
KZT,corridor_exit_up_L20_r200_b50bp,corridor_exit_up,window_closing,"{""breakout_bps"": 50.0, ""direction"": ""up"", ""lookback"": 20, ""max_range_bps"": 200.0}",4,rub_per_unit_at_T_plus_h_is_higher_than_at_T,1,1,0.0064516129032258064,1.0,0.47333333333333333,2.112676056338028,0.4750830564784053,-80.20895923703586,,,,40.793145171247325,-1.4623356192829056,,,2024-11-16,2024-11-16
KZT,corridor_exit_up_L20_r400_b0bp,corridor_exit_up,window_closing,"{""breakout_bps"": 0.0, ""direction"": ""up"", ""lookback"": 20, ""max_range_bps"": 400.0}",4,rub_per_unit_at_T_plus_h_is_higher_than_at_T,15,15,0.0967741935483871,0.7333333333333333,0.5026666666666667,1.458885941644562,0.06976744186046512,-12.432948380187636,-38.015213398998036,17.036302215317956,0.8073089700996677,156.31343302767135,2.0396907884581097,45.0,288.0,2024-02-02,2026-08-04
KZT,corridor_exit_up_L20_r400_b25bp,corridor_exit_up,window_closing,"{""breakout_bps"": 25.0, ""direction"": ""up"", ""lookback"": 20, ""max_range_bps"": 400.0}",4,rub_per_unit_at_T_plus_h_is_higher_than_at_T,12,12,0.07741935483870968,0.8333333333333334,0.5011111111111112,1.662971175166297,0.013289036544850499,-31.240708253699367,-79.49706652033713,6.225002626465953,0.893687707641196,151.82752166892382,-3.3447701258532048,49.0,291.0,2024-02-02,2026-08-04
KZT,corridor_exit_up_L20_r400_b50bp,corridor_exit_up,window_closing,"{""breakout_bps"": 50.0, ""direction"": ""up"", ""lookback"": 20, ""max_range_bps"": 400.0}",4,rub_per_unit_at_T_plus_h_is_higher_than_at_T,9,9,0.05806451612903226,0.7777777777777778,0.5074074074074074,1.532846715328467,0.07308970099667775,-50.610131959004526,-106.84856502741447,-0.6270369551388942,0.9601328903654485,176.64499504374123,1.4850802909495846,50.5,290.0,2024-11-16,2026-08-04
KZT,corridor_exit_up_L5_r100_b0bp,corridor_exit_up,window_closing,"{""breakout_bps"": 0.0, ""direction"": ""up"", ""lookback"": 5, ""max_range_bps"": 100.0}",4,rub_per_unit_at_T_plus_h_is_higher_than_at_T,26,26,0.16774193548387098,0.5,0.493076923076923,1.014040561622465,0.5382059800664452,-32.84377145486739,-63.27863869600681,-12.320114662299625,0.9767441860465116,32.338309388631465,-8.40037686172723,22.0,140.0,2023-11-30,2026-07-23
KZT,corridor_exit_up_L5_r100_b25bp,corridor_exit_up,window_closing,"{""breakout_bps"": 25.0, ""direction"": ""up"", ""lookback"": 5, ""max_range_bps"": 100.0}",4,rub_per_unit_at_T_plus_h_is_higher_than_at_T,22,22,0.14193548387096774,0.4090909090909091,0.4977272727272728,0.821917808219178,0.8604651162790697,-43.023892212533866,-76.61962338155298,-15.372897654832848,0.9867109634551495,20.489366186347308,-1.8134703601431492,34.0,141.0,2023-11-30,2026-07-24
KZT,corridor_exit_up_L5_r100_b50bp,corridor_exit_up,window_closing,"{""breakout_bps"": 50.0, ""direction"": ""up"", ""lookback"": 5, ""max_range_bps"": 100.0}",4,rub_per_unit_at_T_plus_h_is_higher_than_at_T,11,11,0.07096774193548387,0.2727272727272727,0.5,0.5454545454545454,0.9568106312292359,-77.72134619176576,-120.11248623296487,-42.969118545186575,1.0,-53.893231922269976,-3.3981511135452176,64.0,239.0,2023-12-22,2026-03-05
KZT,corridor_exit_up_L5_r200_b0bp,corridor_exit_up,window_closing,"{""breakout_bps"": 0.0, ""direction"": ""up"", ""lookback"": 5, ""max_range_bps"": 200.0}",4,rub_per_unit_at_T_plus_h_is_higher_than_at_T,63,62,0.4064516129032258,0.41935483870967744,0.5044623655913979,0.8312906319940317,0.9368770764119602,-58.96367825677526,-80.02745252340836,-38.44711764129859,1.0,-19.914407892163197,-1.6443114017109304,12.5,59.0,2023-09-08,2026-09-02
KZT,corridor_exit_up_L5_r200_b25bp,corridor_exit_up,window_closing,"{""breakout_bps"": 25.0, ""direction"": ""up"", ""lookback"": 5, ""max_range_bps"": 200.0}",4,rub_per_unit_at_T_plus_h_is_higher_than_at_T,48,48,0.3096774193548387,0.4375,0.49944444444444436,0.8759733036707454,0.8637873754152824,-61.90661439540849,-81.13013868757034,-39.237953262572475,1.0,-10.941827663484878,-3.2308105768536195,18.0,72.0,2023-09-30,2026-08-05
KZT,corridor_exit_up_L5_r200_b50bp,corridor_exit_up,window_closing,"{""breakout_bps"": 50.0, ""direction"": ""up"", ""lookback"": 5, ""max_range_bps"": 200.0}",4,rub_per_unit_at_T_plus_h_is_higher_than_at_T,36,36,0.23225806451612904,0.4444444444444444,0.49490740740740735,0.8980355472404117,0.8039867109634552,-73.80349608910674,-97.55030295781229,-49.76864502573376,1.0,-8.210573404457199,-5.945563972578898,23.0,151.0,2023-09-05,2026-08-05
KZT,corridor_exit_up_L5_r400_b0bp,corridor_exit_up,window_closing,"{""breakout_bps"": 0.0, ""direction"": ""up"", ""lookback"": 5, ""max_range_bps"": 400.0}",4,rub_per_unit_at_T_plus_h_is_higher_than_at_T,79,78,0.5096774193548387,0.48717948717948717,0.5033760683760683,0.9678240937261229,0.6677740863787376,-60.18744313033931,-75.56150884478664,-45.71709934364242,1.0,-0.5899686822379531,-2.612016417293421,11.0,54.0,2023-09-07,2026-08-28
KZT,corridor_exit_up_L5_r400_b25bp,corridor_exit_up,window_closing,"{""breakout_bps"": 25.0, ""direction"": ""up"", ""lookback"": 5, ""max_range_bps"": 400.0}",4,rub_per_unit_at_T_plus_h_is_higher_than_at_T,63,62,0.4064516129032258,0.5161290322580645,0.5037634408602151,1.024546424759872,0.45514950166112955,-61.72838451663784,-81.60849853977723,-44.19515346555084,1.0,15.363541244988339,-4.471887117148373,13.0,69.0,2023-09-30,2026-08-28
KZT,corridor_exit_up_L5_r400_b50bp,corridor_exit_up,window_closing,"{""breakout_bps"": 50.0, ""direction"": ""up"", ""lookback"": 5, ""max_range_bps"": 400.0}",4,rub_per_unit_at_T_plus_h_is_higher_than_at_T,48,47,0.3096774193548387,0.48936170212765956,0.49787234042553186,0.982905982905983,0.6013289036544851,-68.92861156375788,-90.34783139188086,-46.94668728367944,1.0,26.86704030759723,-4.894854972768607,17.0,151.0,2023-09-05,2026-08-28
KZT,corridor_exit_up_L5_r50_b0bp,corridor_exit_up,window_closing,"{""breakout_bps"": 0.0, ""direction"": ""up"", ""lookback"": 5, ""max_range_bps"": 50.0}",4,rub_per_unit_at_T_plus_h_is_higher_than_at_T,10,10,0.06451612903225806,0.6,0.49666666666666665,1.2080536912751678,0.3687707641196013,-23.684949947065824,-55.575061635204996,12.365184954764572,0.9435215946843853,44.020287779201865,-3.5467422652067935,56.0,231.0,2023-12-22,2025-12-04
KZT,corridor_exit_up_L5_r50_b25bp,corridor_exit_up,window_closing,"{""breakout_bps"": 25.0, ""direction"": ""up"", ""lookback"": 5, ""max_range_bps"": 50.0}",4,rub_per_unit_at_T_plus_h_is_higher_than_at_T,9,9,0.05806451612903226,0.4444444444444444,0.48703703703703716,0.91254752851711,0.7275747508305648,-36.596027974072044,-66.11301028452252,-2.0302859260834483,0.9966777408637874,27.591258408109745,-10.338525480089647,66.0,231.0,2023-12-22,2025-12-04
KZT,corridor_exit_up_L5_r50_b50bp,corridor_exit_up,window_closing,"{""breakout_bps"": 50.0, ""direction"": ""up"", ""lookback"": 5, ""max_range_bps"": 50.0}",4,rub_per_unit_at_T_plus_h_is_higher_than_at_T,6,6,0.03870967741935484,0.3333333333333333,0.49388888888888893,0.6749156355455567,0.8837209302325582,-60.53633811287428,-85.13588571003136,-36.99720545758964,1.0,-35.099756415221115,-7.990743050291496,103.0,281.0,2023-12-22,2025-12-04
TJS,corridor_exit_up_L10_r100_b0bp,corridor_exit_up,window_closing,"{""breakout_bps"": 0.0, ""direction"": ""up"", ""lookback"": 10, ""max_range_bps"": 100.0}",4,rub_per_unit_at_T_plus_h_is_higher_than_at_T,5,5,0.03225806451612903,0.8,0.5220000000000001,1.5325670498084287,0.21926910299003322,11.960448623073106,-9.747858975118984,26.460207861168733,0.08970099667774087,100.68666940912041,1.8670959387607804,237.5,314.0,2023-09-29,2026-03-04
TJS,corridor_exit_up_L10_r100_b25bp,corridor_exit_up,window_closing,"{""breakout_bps"": 25.0, ""direction"": ""up"", ""lookback"": 10, ""max_range_bps"": 100.0}",4,rub_per_unit_at_T_plus_h_is_higher_than_at_T,3,3,0.01935483870967742,1.0,0.5377777777777777,1.8595041322314052,0.17940199335548174,8.028509285537,-8.537426080170718,31.85656863199948,0.20930232558139536,177.86914046022653,5.567182371807143,303.5,412.0,2023-09-29,2025-05-28
TJS,corridor_exit_up_L10_r100_b50bp,corridor_exit_up,window_closing,"{""breakout_bps"": 50.0, ""direction"": ""up"", ""lookback"": 10, ""max_range_bps"": 100.0}",4,rub_per_unit_at_T_plus_h_is_higher_than_at_T,1,1,0.0064516129032258064,1.0,0.5233333333333333,1.910828025477707,0.5249169435215947,-8.537426080170718,,,,110.96436390958253,5.040822299621203,,,2024-04-11,2024-04-11
TJS,corridor_exit_up_L10_r200_b0bp,corridor_exit_up,window_closing,"{""breakout_bps"": 0.0, ""direction"": ""up"", ""lookback"": 10, ""max_range_bps"": 200.0}",4,rub_per_unit_at_T_plus_h_is_higher_than_at_T,26,26,0.16774193548387098,0.7307692307692307,0.5297435897435897,1.3794772507260407,0.029900332225913623,0.5137821213237099,-17.058190563838064,14.220727613500252,0.40863787375415284,77.11104409840382,5.3556256284395705,25.0,194.0,2023-09-29,2026-07-29
TJS,corridor_exit_up_L10_r200_b25bp,corridor_exit_up,window_closing,"{""breakout_bps"": 25.0, ""direction"": ""up"", ""lookback"": 10, ""max_range_bps"": 200.0}",4,rub_per_unit_at_T_plus_h_is_higher_than_at_T,22,22,0.14193548387096774,0.7727272727272727,0.5418181818181818,1.4261744966442955,0.029900332225913623,-4.798566807114022,-22.430884989136214,12.135003797327169,0.6644518272425249,105.15856817423138,5.5799583878675465,29.0,194.0,2023-09-29,2026-07-29
TJS,corridor_exit_up_L10_r200_b50bp,corridor_exit_up,window_closing,"{""breakout_bps"": 50.0, ""direction"": ""up"", ""lookback"": 10, ""max_range_bps"": 200.0}",4,rub_per_unit_at_T_plus_h_is_higher_than_at_T,17,17,0.10967741935483871,0.8235294117647058,0.5192156862745099,1.5861027190332324,0.013289036544850499,-16.745384566313664,-40.76535303493688,7.370930018989345,0.9136212624584718,121.08699780210779,0.5899844418594548,54.5,200.0,2023-10-03,2026-07-30
TJS,corridor_exit_up_L10_r400_b0bp,corridor_exit_up,window_closing,"{""breakout_bps"": 0.0, ""direction"": ""up"", ""lookback"": 10, ""max_range_bps"": 400.0}",4,rub_per_unit_at_T_plus_h_is_higher_than_at_T,54,53,0.34838709677419355,0.5849056603773585,0.5298113207547169,1.103988603988604,0.22591362126245848,-21.756308272941396,-36.57758743123846,-3.651781270780763,0.9933554817275747,52.74975523820357,4.480308023470372,15.0,76.0,2023-09-07,2026-08-28
TJS,corridor_exit_up_L10_r400_b25bp,corridor_exit_up,window_closing,"{""breakout_bps"": 25.0, ""direction"": ""up"", ""lookback"": 10, ""max_range_bps"": 400.0}",4,rub_per_unit_at_T_plus_h_is_higher_than_at_T,41,40,0.2645161290322581,0.65,0.5307499999999999,1.224682053697598,0.06976744186046512,-17.680042605441592,-40.255675187233884,5.155526216439309,0.9534883720930233,91.67620926823786,4.566969938784453,21.0,114.0,2023-09-07,2026-08-28
TJS,corridor_exit_up_L10_r400_b50bp,corridor_exit_up,window_closing,"{""breakout_bps"": 50.0, ""direction"": ""up"", ""lookback"": 10, ""max_range_bps"": 400.0}",4,rub_per_unit_at_T_plus_h_is_higher_than_at_T,32,31,0.2064516129032258,0.6451612903225806,0.5326881720430108,1.2111425111021397,0.1461794019933555,-32.28914955751183,-57.860176052376595,-10.958910466565163,0.9966777408637874,97.888339705845,5.384480977362691,28.0,114.0,2023-09-06,2026-08-28
TJS,corridor_exit_up_L10_r50_b0bp,corridor_exit_up,window_closing,"{""breakout_bps"": 0.0, ""direction"": ""up"", ""lookback"": 10, ""max_range_bps"": 50.0}",4,rub_per_unit_at_T_plus_h_is_higher_than_at_T,2,2,0.012903225806451613,0.5,0.525,0.9523809523809523,0.7973421926910299,-4.703482108717738,-28.277332795998422,18.870368578562946,0.7475083056478405,31.431219264638766,-4.749670723343299,98.0,98.0,2024-04-10,2024-07-17
TJS,corridor_exit_up_L20_r200_b0bp,corridor_exit_up,window_closing,"{""breakout_bps"": 0.0, ""direction"": ""up"", ""lookback"": 20, ""max_range_bps"": 200.0}",4,rub_per_unit_at_T_plus_h_is_higher_than_at_T,2,2,0.012903225806451613,1.0,0.5566666666666666,1.7964071856287427,0.3089700996677741,-2.7205254747053598,-8.537426080170718,3.0963751307599985,0.7275747508305648,65.68821279119396,8.383533494637591,206.0,206.0,2024-04-11,2024-11-03
TJS,corridor_exit_up_L20_r200_b25bp,corridor_exit_up,window_closing,"{""breakout_bps"": 25.0, ""direction"": ""up"", ""lookback"": 20, ""max_range_bps"": 200.0}",4,rub_per_unit_at_T_plus_h_is_higher_than_at_T,2,2,0.012903225806451613,0.5,0.49333333333333335,1.0135135135135136,0.7342192691029901,-23.75911682211629,-38.98080756406186,-8.537426080170718,1.0,48.40046744129523,-5.617830808577711,209.0,209.0,2024-04-11,2024-11-06
TJS,corridor_exit_up_L20_r200_b50bp,corridor_exit_up,window_closing,"{""breakout_bps"": 50.0, ""direction"": ""up"", ""lookback"": 20, ""max_range_bps"": 200.0}",4,rub_per_unit_at_T_plus_h_is_higher_than_at_T,1,1,0.0064516129032258064,1.0,0.51,1.9607843137254901,0.5116279069767442,-8.537426080170718,,,,110.96436390958253,-14.477806291285585,,,2024-04-11,2024-04-11
TJS,corridor_exit_up_L20_r400_b0bp,corridor_exit_up,window_closing,"{""breakout_bps"": 0.0, ""direction"": ""up"", ""lookback"": 20, ""max_range_bps"": 400.0}",4,rub_per_unit_at_T_plus_h_is_higher_than_at_T,19,19,0.12258064516129032,0.8421052631578947,0.5303508771929825,1.5878266622560369,0.013289036544850499,11.019150408651095,-14.142495055401788,35.62097132904392,0.2292358803986711,147.55433570734795,-0.04463499504362214,33.5,194.0,2023-10-03,2026-07-29
TJS,corridor_exit_up_L20_r400_b25bp,corridor_exit_up,window_closing,"{""breakout_bps"": 25.0, ""direction"": ""up"", ""lookback"": 20, ""max_range_bps"": 400.0}",4,rub_per_unit_at_T_plus_h_is_higher_than_at_T,17,17,0.10967741935483871,0.8235294117647058,0.5396078431372549,1.5261627906976745,0.019933554817275746,2.494965062126496,-19.093028596204526,22.236905136794764,0.4019933554817276,157.3366488414843,7.466205771396674,43.5,193.0,2023-10-03,2026-07-29
TJS,corridor_exit_up_L20_r400_b50bp,corridor_exit_up,window_closing,"{""breakout_bps"": 50.0, ""direction"": ""up"", ""lookback"": 20, ""max_range_bps"": 400.0}",4,rub_per_unit_at_T_plus_h_is_higher_than_at_T,12,12,0.07741935483870968,0.6666666666666666,0.5263888888888889,1.2664907651715038,0.2558139534883721,-23.142050958497773,-68.85279931066498,12.39849330084051,0.8737541528239202,118.62116265322216,2.3326675619547164,56.0,200.0,2024-02-06,2026-07-30
TJS,corridor_exit_up_L5_r100_b0bp,corridor_exit_up,window_closing,"{""breakout_bps"": 0.0, ""direction"": ""up"", ""lookback"": 5, ""max_range_bps"": 100.0}",4,rub_per_unit_at_T_plus_h_is_higher_than_at_T,33,33,0.2129032258064516,0.7575757575757576,0.5385858585858585,1.4066016504126033,0.0033222591362126247,-4.392254843577922,-21.665178931376243,11.453873827260027,0.6877076411960132,86.71979829310483,7.640478228306926,19.0,161.0,2023-09-05,2026-07-29
TJS,corridor_exit_up_L5_r100_b25bp,corridor_exit_up,window_closing,"{""breakout_bps"": 25.0, ""direction"": ""up"", ""lookback"": 5, ""max_range_bps"": 100.0}",4,rub_per_unit_at_T_plus_h_is_higher_than_at_T,26,26,0.16774193548387098,0.7692307692307693,0.5325641025641026,1.4443909484833894,0.016611295681063124,-6.683250359758755,-24.87849730345507,8.8274944771972,0.7275747508305648,120.05886469985477,5.035562860461875,22.0,161.0,2023-09-05,2026-07-29
TJS,corridor_exit_up_L5_r100_b50bp,corridor_exit_up,window_closing,"{""breakout_bps"": 50.0, ""direction"": ""up"", ""lookback"": 5, ""max_range_bps"": 100.0}",4,rub_per_unit_at_T_plus_h_is_higher_than_at_T,18,18,0.11612903225806452,0.6666666666666666,0.53,1.2578616352201257,0.15946843853820597,-25.632110180547464,-51.835131361501425,-5.502274038326579,0.973421926910299,108.42033673009435,4.889514083265068,39.0,162.0,2023-09-06,2026-07-15
TJS,corridor_exit_up_L5_r200_b0bp,corridor_exit_up,window_closing,"{""breakout_bps"": 0.0, ""direction"": ""up"", ""lookback"": 5, ""max_range_bps"": 200.0}",4,rub_per_unit_at_T_plus_h_is_higher_than_at_T,63,62,0.4064516129032258,0.5967741935483871,0.5353763440860215,1.114681662984535,0.17275747508305647,-24.129379715734856,-41.406901454895994,-7.424276452912313,0.9966777408637874,42.8880563241894,6.934475691393766,10.5,88.0,2023-09-07,2026-08-28
TJS,corridor_exit_up_L5_r200_b25bp,corridor_exit_up,window_closing,"{""breakout_bps"": 25.0, ""direction"": ""up"", ""lookback"": 5, ""max_range_bps"": 200.0}",4,rub_per_unit_at_T_plus_h_is_higher_than_at_T,51,50,0.32903225806451614,0.58,0.5302,1.0939268200678989,0.2823920265780731,-29.348065793675378,-49.35317273173167,-9.297578553659903,0.9966777408637874,59.48288303819865,4.708802006695074,14.5,88.0,2023-09-07,2026-08-28
TJS,corridor_exit_up_L5_r200_b50bp,corridor_exit_up,window_closing,"{""breakout_bps"": 50.0, ""direction"": ""up"", ""lookback"": 5, ""max_range_bps"": 200.0}",4,rub_per_unit_at_T_plus_h_is_higher_than_at_T,41,40,0.2645161290322581,0.625,0.5375,1.1627906976744187,0.17940199335548174,-39.30260264023252,-61.780752212836795,-20.087004003378574,1.0,71.44291985657394,7.984184909243531,18.0,140.0,2023-09-06,2026-08-28
TJS,corridor_exit_up_L5_r400_b0bp,corridor_exit_up,window_closing,"{""breakout_bps"": 0.0, ""direction"": ""up"", ""lookback"": 5, ""max_range_bps"": 400.0}",4,rub_per_unit_at_T_plus_h_is_higher_than_at_T,78,77,0.5032258064516129,0.5974025974025974,0.5297402597402597,1.127727384162785,0.1461794019933555,-27.252962816814392,-42.64002488462443,-13.757297193317122,1.0,52.70943912200802,3.3630319161999966,11.0,56.0,2023-09-07,2026-08-28
TJS,corridor_exit_up_L5_r400_b25bp,corridor_exit_up,window_closing,"{""breakout_bps"": 25.0, ""direction"": ""up"", ""lookback"": 5, ""max_range_bps"": 400.0}",4,rub_per_unit_at_T_plus_h_is_higher_than_at_T,61,60,0.3935483870967742,0.6,0.5343888888888889,1.1227778355338391,0.17940199335548174,-32.586177786993154,-52.71680662161059,-14.631433216970834,1.0,67.45999187543946,4.277343114391871,14.0,69.0,2023-09-07,2026-08-28
TJS,corridor_exit_up_L5_r400_b50bp,corridor_exit_up,window_closing,"{""breakout_bps"": 50.0, ""direction"": ""up"", ""lookback"": 5, ""max_range_bps"": 400.0}",4,rub_per_unit_at_T_plus_h_is_higher_than_at_T,49,48,0.3161290322580645,0.5833333333333334,0.534861111111111,1.0906258114775387,0.2823920265780731,-46.158933650520844,-66.31141425614369,-28.441127134441768,1.0,61.925782327865456,5.285216047254804,16.5,81.0,2023-09-06,2026-08-28
TJS,corridor_exit_up_L5_r50_b0bp,corridor_exit_up,window_closing,"{""breakout_bps"": 0.0, ""direction"": ""up"", ""lookback"": 5, ""max_range_bps"": 50.0}",4,rub_per_unit_at_T_plus_h_is_higher_than_at_T,13,13,0.08387096774193549,0.7692307692307693,0.5312820512820512,1.447876447876448,0.09302325581395349,13.617649607021805,-17.936160900746305,37.75791049615723,0.16943521594684385,122.84208571347573,3.7567779838974746,63.5,202.0,2023-09-29,2026-03-06
TJS,corridor_exit_up_L5_r50_b25bp,corridor_exit_up,window_closing,"{""breakout_bps"": 25.0, ""direction"": ""up"", ""lookback"": 5, ""max_range_bps"": 50.0}",4,rub_per_unit_at_T_plus_h_is_higher_than_at_T,7,7,0.04516129032258064,0.7142857142857143,0.5323809523809523,1.3416815742397141,0.292358803986711,10.404673988137095,-50.66133766432466,48.2045206997615,0.34551495016611294,153.47118063748505,7.632826892228528,78.0,486.0,2023-09-29,2026-03-06
TJS,corridor_exit_up_L5_r50_b50bp,corridor_exit_up,window_closing,"{""breakout_bps"": 50.0, ""direction"": ""up"", ""lookback"": 5, ""max_range_bps"": 50.0}",4,rub_per_unit_at_T_plus_h_is_higher_than_at_T,4,4,0.025806451612903226,0.75,0.5158333333333334,1.4539579967689822,0.30564784053156147,13.65015496591404,-86.36441095066783,85.51395461747325,0.3754152823920266,218.294251143889,3.5901065546101942,115.0,486.0,2023-09-29,2025-07-25
UZS,corridor_exit_up_L10_r100_b0bp,corridor_exit_up,window_closing,"{""breakout_bps"": 0.0, ""direction"": ""up"", ""lookback"": 10, ""max_range_bps"": 100.0}",4,rub_per_unit_at_T_plus_h_is_higher_than_at_T,4,4,0.025806451612903226,1.0,0.5116666666666667,1.9543973941368076,0.06976744186046512,-11.571787731025907,-40.224177294713726,17.080601832661912,0.770764119601329,105.17236581516543,0.7306458420588183,140.0,686.0,2023-09-29,2026-02-27
UZS,corridor_exit_up_L10_r100_b25bp,corridor_exit_up,window_closing,"{""breakout_bps"": 25.0, ""direction"": ""up"", ""lookback"": 10, ""max_range_bps"": 100.0}",4,rub_per_unit_at_T_plus_h_is_higher_than_at_T,3,3,0.01935483870967742,1.0,0.4866666666666667,2.054794520547945,0.10963455149501661,-25.680445326688268,-42.409141378375594,3.4070186093626553,1.0,65.14456258175964,-9.222344921105815,371.0,686.0,2024-02-16,2026-02-27
UZS,corridor_exit_up_L10_r100_b50bp,corridor_exit_up,window_closing,"{""breakout_bps"": 50.0, ""direction"": ""up"", ""lookback"": 10, ""max_range_bps"": 100.0}",4,rub_per_unit_at_T_plus_h_is_higher_than_at_T,2,2,0.012903225806451613,1.0,0.505,1.9801980198019802,0.23920265780730898,-40.224177294713726,-42.409141378375594,-38.03921321105186,1.0,59.97599183092172,-4.498509100181457,686.0,686.0,2024-04-12,2026-02-27
UZS,corridor_exit_up_L10_r200_b0bp,corridor_exit_up,window_closing,"{""breakout_bps"": 0.0, ""direction"": ""up"", ""lookback"": 10, ""max_range_bps"": 200.0}",4,rub_per_unit_at_T_plus_h_is_higher_than_at_T,24,24,0.15483870967741936,0.75,0.5008333333333334,1.497504159733777,0.009966777408637873,-17.7994833931612,-31.508299222279984,-2.0429771638232728,0.9900332225913622,79.002349653928,-2.205597405007654,27.0,208.0,2023-09-29,2026-07-30
UZS,corridor_exit_up_L10_r200_b25bp,corridor_exit_up,window_closing,"{""breakout_bps"": 25.0, ""direction"": ""up"", ""lookback"": 10, ""max_range_bps"": 200.0}",4,rub_per_unit_at_T_plus_h_is_higher_than_at_T,19,19,0.12258064516129032,0.7894736842105263,0.4978947368421053,1.5856236786469344,0.013289036544850499,-20.78135385523606,-39.86447388372365,-1.5299047430070538,0.9833887043189369,106.31604641224351,-5.086070597764575,37.5,209.0,2023-09-30,2026-07-30
UZS,corridor_exit_up_L10_r200_b50bp,corridor_exit_up,window_closing,"{""breakout_bps"": 50.0, ""direction"": ""up"", ""lookback"": 10, ""max_range_bps"": 200.0}",4,rub_per_unit_at_T_plus_h_is_higher_than_at_T,15,15,0.0967741935483871,0.8,0.49755555555555553,1.6078606520768202,0.019933554817275746,-31.365336224258304,-52.43725629203513,-8.24718521942993,1.0,86.1466685902387,-4.037388472696632,55.5,247.0,2023-10-03,2026-07-30
UZS,corridor_exit_up_L10_r400_b0bp,corridor_exit_up,window_closing,"{""breakout_bps"": 0.0, ""direction"": ""up"", ""lookback"": 10, ""max_range_bps"": 400.0}",4,rub_per_unit_at_T_plus_h_is_higher_than_at_T,44,43,0.2838709677419355,0.6511627906976745,0.507751937984496,1.2824427480916034,0.04318936877076412,-29.413613217967814,-52.491633885312936,-7.794534357116586,0.9966777408637874,57.9653581024092,-1.480357861904554,21.0,92.0,2023-09-07,2026-08-28
UZS,corridor_exit_up_L10_r400_b25bp,corridor_exit_up,window_closing,"{""breakout_bps"": 25.0, ""direction"": ""up"", ""lookback"": 10, ""max_range_bps"": 400.0}",4,rub_per_unit_at_T_plus_h_is_higher_than_at_T,36,35,0.23225806451612904,0.6857142857142857,0.504,1.3605442176870748,0.013289036544850499,-33.046532981850945,-56.37026728338437,-14.743909740888835,0.9933554817275747,82.05008552031047,-0.23379825342214938,22.0,120.0,2023-09-08,2026-08-28
UZS,corridor_exit_up_L10_r400_b50bp,corridor_exit_up,window_closing,"{""breakout_bps"": 50.0, ""direction"": ""up"", ""lookback"": 10, ""max_range_bps"": 400.0}",4,rub_per_unit_at_T_plus_h_is_higher_than_at_T,30,29,0.1935483870967742,0.6206896551724138,0.5059770114942529,1.226715129486597,0.15946843853820597,-34.238230095086735,-57.607747303453415,-12.885824201969799,1.0,75.114879445054,-1.0922472513358785,23.0,170.0,2023-09-06,2026-08-28
UZS,corridor_exit_up_L20_r200_b0bp,corridor_exit_up,window_closing,"{""breakout_bps"": 0.0, ""direction"": ""up"", ""lookback"": 20, ""max_range_bps"": 200.0}",4,rub_per_unit_at_T_plus_h_is_higher_than_at_T,3,3,0.01935483870967742,1.0,0.5344444444444444,1.8711018711018712,0.16279069767441862,3.375069873748546,-38.03921321105186,45.76401431162003,0.3920265780730897,87.64000289967821,-4.867650742703757,345.5,486.0,2024-04-12,2026-03-04
UZS,corridor_exit_up_L20_r200_b25bp,corridor_exit_up,window_closing,"{""breakout_bps"": 25.0, ""direction"": ""up"", ""lookback"": 20, ""max_range_bps"": 200.0}",4,rub_per_unit_at_T_plus_h_is_higher_than_at_T,3,3,0.01935483870967742,0.3333333333333333,0.478888888888889,0.6960556844547562,0.8903654485049833,-20.98527193428882,-59.97062449771051,33.75589958529712,0.7375415282392026,16.25259172895873,-11.34098141960275,343.5,484.0,2024-04-17,2026-03-05
UZS,corridor_exit_up_L20_r200_b50bp,corridor_exit_up,window_closing,"{""breakout_bps"": 50.0, ""direction"": ""up"", ""lookback"": 20, ""max_range_bps"": 200.0}",4,rub_per_unit_at_T_plus_h_is_higher_than_at_T,1,1,0.0064516129032258064,0.0,0.49333333333333335,0.0,1.0,-59.97062449771051,,,,-115.07921027816614,0.26253674684172057,,,2024-04-17,2024-04-17
UZS,corridor_exit_up_L20_r400_b0bp,corridor_exit_up,window_closing,"{""breakout_bps"": 0.0, ""direction"": ""up"", ""lookback"": 20, ""max_range_bps"": 400.0}",4,rub_per_unit_at_T_plus_h_is_higher_than_at_T,19,19,0.12258064516129032,0.631578947368421,0.5103508771929824,1.2375386730835338,0.19933554817275748,-10.748700700591948,-44.794664029483705,18.306707373595,0.717607973421927,101.605316667225,0.6574453899799941,33.5,211.0,2023-10-03,2026-07-30
UZS,corridor_exit_up_L20_r400_b25bp,corridor_exit_up,window_closing,"{""breakout_bps"": 25.0, ""direction"": ""up"", ""lookback"": 20, ""max_range_bps"": 400.0}",4,rub_per_unit_at_T_plus_h_is_higher_than_at_T,17,17,0.10967741935483871,0.5882352941176471,0.5076470588235295,1.1587485515643106,0.3289036544850498,-18.666174515137893,-49.41421042696981,7.3931923664155965,0.8837209302325582,103.23163163920346,-0.41235694984352034,38.0,210.0,2023-10-04,2026-07-30
UZS,corridor_exit_up_L20_r400_b50bp,corridor_exit_up,window_closing,"{""breakout_bps"": 50.0, ""direction"": ""up"", ""lookback"": 20, ""max_range_bps"": 400.0}",4,rub_per_unit_at_T_plus_h_is_higher_than_at_T,13,13,0.08387096774193549,0.6153846153846154,0.514102564102564,1.1970074812967584,0.3222591362126246,-32.46789867600425,-67.9387763241665,-3.1763627161828745,0.9534883720930233,83.33771771725732,-0.037896208717584916,58.0,214.0,2023-10-04,2026-07-30
UZS,corridor_exit_up_L5_r100_b0bp,corridor_exit_up,window_closing,"{""breakout_bps"": 0.0, ""direction"": ""up"", ""lookback"": 5, ""max_range_bps"": 100.0}",4,rub_per_unit_at_T_plus_h_is_higher_than_at_T,29,29,0.1870967741935484,0.7241379310344828,0.501264367816092,1.4446227929373996,0.016611295681063124,-12.437859499858613,-41.835165154203025,10.681588180438693,0.8571428571428571,79.67791310847606,-3.0343193447624124,23.0,138.0,2023-09-05,2026-07-30
UZS,corridor_exit_up_L5_r100_b25bp,corridor_exit_up,window_closing,"{""breakout_bps"": 25.0, ""direction"": ""up"", ""lookback"": 5, ""max_range_bps"": 100.0}",4,rub_per_unit_at_T_plus_h_is_higher_than_at_T,24,24,0.15483870967741936,0.7083333333333334,0.49736111111111114,1.424183189053337,0.04318936877076412,-25.096656774187963,-56.68336914772114,-4.635969000256338,0.9435215946843853,83.79518266900966,-2.6035673730733744,27.0,155.0,2023-09-06,2026-07-30
UZS,corridor_exit_up_L5_r100_b50bp,corridor_exit_up,window_closing,"{""breakout_bps"": 50.0, ""direction"": ""up"", ""lookback"": 5, ""max_range_bps"": 100.0}",4,rub_per_unit_at_T_plus_h_is_higher_than_at_T,19,19,0.12258064516129032,0.7368421052631579,0.49859649122807015,1.477832512315271,0.04983388704318937,-29.71846795295794,-61.2591937985978,-0.9134939082110404,0.9700996677740864,93.14498194507003,-3.4149787902003435,46.5,162.0,2023-09-06,2026-07-30
UZS,corridor_exit_up_L5_r200_b0bp,corridor_exit_up,window_closing,"{""breakout_bps"": 0.0, ""direction"": ""up"", ""lookback"": 5, ""max_range_bps"": 200.0}",4,rub_per_unit_at_T_plus_h_is_higher_than_at_T,56,56,0.36129032258064514,0.5892857142857143,0.4967857142857143,1.186196980589504,0.09302325581395349,-23.367174075592168,-44.91328262451782,-3.555023487511201,0.9767441860465116,48.833032572751236,-4.804809036751439,14.0,89.0,2023-09-06,2026-08-13
UZS,corridor_exit_up_L5_r200_b25bp,corridor_exit_up,window_closing,"{""breakout_bps"": 25.0, ""direction"": ""up"", ""lookback"": 5, ""max_range_bps"": 200.0}",4,rub_per_unit_at_T_plus_h_is_higher_than_at_T,46,46,0.2967741935483871,0.5652173913043478,0.5009420289855072,1.1283089830753652,0.19933554817275748,-36.41106507969946,-55.29020814964978,-12.998422337511604,1.0,40.87912094841748,-3.3814921835259972,20.0,84.0,2023-09-08,2026-08-13
UZS,corridor_exit_up_L5_r200_b50bp,corridor_exit_up,window_closing,"{""breakout_bps"": 50.0, ""direction"": ""up"", ""lookback"": 5, ""max_range_bps"": 200.0}",4,rub_per_unit_at_T_plus_h_is_higher_than_at_T,39,39,0.25161290322580643,0.5641025641025641,0.4952991452991453,1.1389128559102675,0.24584717607973422,-45.224405245154934,-70.66383776887491,-23.328684786350372,1.0,49.22571727346114,-3.736440867564675,20.0,84.0,2023-09-06,2026-08-13
UZS,corridor_exit_up_L5_r400_b0bp,corridor_exit_up,window_closing,"{""breakout_bps"": 0.0, ""direction"": ""up"", ""lookback"": 5, ""max_range_bps"": 400.0}",4,rub_per_unit_at_T_plus_h_is_higher_than_at_T,70,69,0.45161290322580644,0.5942028985507246,0.49898550724637686,1.1908219575951204,0.07973421926910298,-32.496648575694856,-51.02266466943413,-13.36501270876438,1.0,49.40714339691855,-2.1025990055845356,13.0,58.0,2023-09-06,2026-08-28
UZS,corridor_exit_up_L5_r400_b25bp,corridor_exit_up,window_closing,"{""breakout_bps"": 25.0, ""direction"": ""up"", ""lookback"": 5, ""max_range_bps"": 400.0}",4,rub_per_unit_at_T_plus_h_is_higher_than_at_T,59,58,0.38064516129032255,0.5689655172413793,0.5018965517241379,1.1336310546204054,0.16279069767441862,-43.52837165138996,-60.26961908451684,-24.781629771851172,1.0,42.063789951855554,-1.7412551924586737,13.0,76.0,2023-09-08,2026-08-28
UZS,corridor_exit_up_L5_r400_b50bp,corridor_exit_up,window_closing,"{""breakout_bps"": 50.0, ""direction"": ""up"", ""lookback"": 5, ""max_range_bps"": 400.0}",4,rub_per_unit_at_T_plus_h_is_higher_than_at_T,50,49,0.3225806451612903,0.5306122448979592,0.5016326530612245,1.0577705451586656,0.4152823920265781,-56.671634711392876,-77.85939354440954,-38.63191159042559,1.0,35.40728751480278,-4.628733944373506,15.0,81.0,2023-09-06,2026-08-28
UZS,corridor_exit_up_L5_r50_b0bp,corridor_exit_up,window_closing,"{""breakout_bps"": 0.0, ""direction"": ""up"", ""lookback"": 5, ""max_range_bps"": 50.0}",4,rub_per_unit_at_T_plus_h_is_higher_than_at_T,7,7,0.04516129032258064,0.8571428571428571,0.4847619047619047,1.768172888015717,0.059800664451827246,8.029397315364607,-30.875705667436176,31.84610821870411,0.28903654485049834,147.20465349995416,-13.540183861515207,68.5,461.0,2023-12-02,2026-02-27
UZS,corridor_exit_up_L5_r50_b25bp,corridor_exit_up,window_closing,"{""breakout_bps"": 25.0, ""direction"": ""up"", ""lookback"": 5, ""max_range_bps"": 50.0}",4,rub_per_unit_at_T_plus_h_is_higher_than_at_T,5,5,0.03225806451612903,1.0,0.5173333333333334,1.932989690721649,0.029900332225913623,15.177881128654032,-17.435032631514197,53.16600570696234,0.23255813953488372,241.35083665893075,0.05820503539956311,151.0,461.0,2023-12-02,2026-02-27
UZS,corridor_exit_up_L5_r50_b50bp,corridor_exit_up,window_closing,"{""breakout_bps"": 50.0, ""direction"": ""up"", ""lookback"": 5, ""max_range_bps"": 50.0}",4,rub_per_unit_at_T_plus_h_is_higher_than_at_T,4,4,0.025806451612903226,1.0,0.48833333333333334,2.04778156996587,0.029900332225913623,18.12059675847688,-25.384395153179586,61.62558867013334,0.2724252491694352,282.8181198028046,-1.744125608595312,226.0,461.0,2023-12-02,2026-02-27
AMD,level_L120_p70,level,favourable_now,"{""higher_share"": 0.7, ""lookback"": 120}",4,no_lower_price_in_next_h_observations,78,78,0.5032258064516129,0.2692307692307692,0.31576923076923075,0.8526187576126675,0.8538205980066446,11.905991723522963,-2.4663570030044015,28.087648244448456,0.09302325581395349,-8.697777627115537,-0.40579462868602806,6.0,189.0,2023-11-01,2026-06-18
AMD,level_L120_p80,level,favourable_now,"{""higher_share"": 0.8, ""lookback"": 120}",4,no_lower_price_in_next_h_observations,69,69,0.44516129032258067,0.2898550724637681,0.32265700483091786,0.8983380745620603,0.760797342192691,27.531921469300226,7.528288588772695,63.63900419544478,0.06312292358803986,4.3124965544429905,1.015745970297346,6.0,188.0,2023-11-15,2026-06-19
AMD,level_L120_p90,level,favourable_now,"{""higher_share"": 0.9, ""lookback"": 120}",4,no_lower_price_in_next_h_observations,52,52,0.33548387096774196,0.21153846153846154,0.3233333333333333,0.6542426645519429,0.9833887043189369,34.88010383827131,5.739190793497747,81.7873814354066,0.06312292358803986,19.451906376975444,-0.7542525044679603,6.0,192.0,2023-12-15,2026-06-10
AMD,level_L120_p95,level,favourable_now,"{""higher_share"": 0.95, ""lookback"": 120}",4,no_lower_price_in_next_h_observations,39,39,0.25161290322580643,0.23076923076923078,0.3152991452991453,0.7319056654920032,0.9069767441860465,46.60859551277874,17.140699073866358,91.1583962278912,0.023255813953488372,25.4854752409085,-4.581010769212208,6.0,191.0,2024-01-11,2026-05-29
AMD,level_L20_p70,level,favourable_now,"{""higher_share"": 0.7, ""lookback"": 20}",4,no_lower_price_in_next_h_observations,88,88,0.567741935483871,0.2159090909090909,0.319810606060606,0.6751154802795216,0.9966777408637874,15.726611047805001,1.2755731584805337,35.83254483273622,0.059800664451827246,-33.052369670315514,-0.6670701257001301,6.0,93.0,2023-09-23,2026-05-28
AMD,level_L20_p80,level,favourable_now,"{""higher_share"": 0.8, ""lookback"": 20}",4,no_lower_price_in_next_h_observations,76,76,0.49032258064516127,0.2236842105263158,0.31789473684210523,0.7036423841059604,0.9800664451827242,33.12133691400908,13.56999081143496,54.00057760646872,0.0033222591362126247,-13.409902788775774,0.20261442398690577,6.0,126.0,2023-09-23,2026-05-30
AMD,level_L20_p90,level,favourable_now,"{""higher_share"": 0.9, ""lookback"": 20}",4,no_lower_price_in_next_h_observations,64,64,0.4129032258064516,0.25,0.3159895833333333,0.791165320586781,0.9302325581395349,57.2817576146317,33.72849487534784,84.24360768526162,0.0033222591362126247,-1.4440475557109966,-1.6618034523687013,7.0,123.0,2023-09-30,2026-05-23
AMD,level_L20_p95,level,favourable_now,"{""higher_share"": 0.95, ""lookback"": 20}",4,no_lower_price_in_next_h_observations,52,52,0.33548387096774196,0.34615384615384615,0.31711538461538463,1.0915706488781078,0.3521594684385382,74.52532767259329,42.05745094264091,115.00289046128444,0.0033222591362126247,7.956269524477833,-1.7068715711975673,10.0,123.0,2023-09-30,2026-05-28
AMD,level_L250_p70,level,favourable_now,"{""higher_share"": 0.7, ""lookback"": 250}",4,no_lower_price_in_next_h_observations,72,72,0.4645161290322581,0.2777777777777778,0.31828703703703703,0.8727272727272728,0.8438538205980066,16.577412317595012,-1.7329412378915126,39.33189780403952,0.08305647840531562,6.243795306771864,-2.277384319527652,6.0,193.0,2024-06-19,2026-06-23
AMD,level_L250_p80,level,favourable_now,"{""higher_share"": 0.8, ""lookback"": 250}",4,no_lower_price_in_next_h_observations,61,61,0.3935483870967742,0.2786885245901639,0.31546448087431694,0.8834228304174605,0.7973421926910299,32.535481416971805,3.5721030710593205,67.72819084434842,0.03986710963455149,24.810943670429932,-0.15934484750483047,6.0,199.0,2024-06-20,2026-06-18
AMD,level_L250_p90,level,favourable_now,"{""higher_share"": 0.9, ""lookback"": 250}",4,no_lower_price_in_next_h_observations,48,48,0.3096774193548387,0.25,0.32263888888888886,0.7748600947051227,0.9003322259136213,36.607662658840255,7.996969620139962,88.83781976589816,0.059800664451827246,36.04478889610424,0.5763787331795754,6.0,199.0,2024-06-20,2026-06-19
AMD,level_L250_p95,level,favourable_now,"{""higher_share"": 0.95, ""lookback"": 250}",4,no_lower_price_in_next_h_observations,41,41,0.2645161290322581,0.24390243902439024,0.31910569105691056,0.7643312101910829,0.9069767441860465,50.312671928180706,19.549687698948294,101.57330631958574,0.03322259136212625,52.44021461375668,-2.7093657722971334,6.0,204.0,2024-06-20,2026-06-10
AMD,level_L60_p70,level,favourable_now,"{""higher_share"": 0.7, ""lookback"": 60}",4,no_lower_price_in_next_h_observations,91,91,0.5870967741935483,0.26373626373626374,0.31967032967032966,0.8250257820556893,0.9069767441860465,25.779676357034568,10.336873342761006,44.29721502210164,0.009966777408637873,-8.29672767977614,-0.5299332222414249,6.0,122.0,2023-10-04,2026-06-12
AMD,level_L60_p80,level,favourable_now,"{""higher_share"": 0.8, ""lookback"": 60}",4,no_lower_price_in_next_h_observations,81,81,0.5225806451612903,0.2962962962962963,0.3118930041152263,0.9499934028235916,0.6677740863787376,37.26079226795439,20.23512982545927,59.23372133535673,0.0033222591362126247,1.4500876238304272,-2.6244369392674782,6.0,167.0,2023-10-05,2026-06-10
AMD,level_L60_p90,level,favourable_now,"{""higher_share"": 0.9, ""lookback"": 60}",4,no_lower_price_in_next_h_observations,60,60,0.3870967741935484,0.2833333333333333,0.32305555555555554,0.8770421324161651,0.8073089700996677,40.55584719681277,15.67882254440745,69.75196989095386,0.009966777408637873,8.368600976620362,1.2972648367638233,6.0,170.0,2023-10-05,2026-05-28
AMD,level_L60_p95,level,favourable_now,"{""higher_share"": 0.95, ""lookback"": 60}",4,no_lower_price_in_next_h_observations,51,51,0.32903225806451614,0.3333333333333333,0.3177124183006536,1.0491668380991563,0.46179401993355484,64.98304768600295,39.739570896676575,92.20153281853553,0.0033222591362126247,30.373980859588393,-1.9933273967023803,7.0,170.0,2023-10-05,2026-05-30
KGS,level_L120_p70,level,favourable_now,"{""higher_share"": 0.7, ""lookback"": 120}",4,no_lower_price_in_next_h_observations,82,82,0.5290322580645161,0.34146341463414637,0.31585365853658537,1.0810810810810811,0.3388704318936877,28.386659506550913,14.233532952484154,46.51928354430722,0.0033222591362126247,0.07207642764672904,-5.321989850735197,6.0,183.0,2023-11-15,2026-06-23
KGS,level_L120_p80,level,favourable_now,"{""higher_share"": 0.8, ""lookback"": 120}",4,no_lower_price_in_next_h_observations,71,71,0.45806451612903226,0.2676056338028169,0.31619718309859157,0.8463251670378618,0.8372093023255814,19.40967299420145,9.597185126304362,32.26812615127635,0.006644518272425249,-8.35767412810939,-4.801200883587512,6.0,190.0,2023-11-16,2026-06-17
KGS,level_L120_p90,level,favourable_now,"{""higher_share"": 0.9, ""lookback"": 120}",4,no_lower_price_in_next_h_observations,53,53,0.3419354838709677,0.18867924528301888,0.3113207547169811,0.6060606060606061,0.9933554817275747,24.199217695766414,4.390910212696351,53.98389080560471,0.046511627906976744,-6.546481856023575,-5.733533875839336,6.0,192.0,2024-01-11,2026-06-10
KGS,level_L120_p95,level,favourable_now,"{""higher_share"": 0.95, ""lookback"": 120}",4,no_lower_price_in_next_h_observations,44,44,0.2838709677419355,0.20454545454545456,0.32113636363636366,0.6369426751592356,0.9800664451827242,39.233971526541325,7.254525459805363,82.77697986843347,0.03322259136212625,8.51222353048419,-3.387580747124938,6.0,192.0,2024-01-12,2026-05-27
KGS,level_L20_p70,level,favourable_now,"{""higher_share"": 0.7, ""lookback"": 20}",4,no_lower_price_in_next_h_observations,89,89,0.5741935483870968,0.25842696629213485,0.3158801498127341,0.8181171448897321,0.9302325581395349,27.037914049202815,10.83508513702877,46.09090431433957,0.006644518272425249,-25.623897123521534,-5.497411213606889,6.0,122.0,2023-09-13,2026-05-27
KGS,level_L20_p80,level,favourable_now,"{""higher_share"": 0.8, ""lookback"": 20}",4,no_lower_price_in_next_h_observations,76,76,0.49032258064516127,0.23684210526315788,0.3198245614035088,0.7405375754251233,0.9634551495016611,39.53657676144034,19.245862826167016,59.88172732309105,0.0033222591362126247,-14.89891547258372,-4.35011296761883,6.0,122.0,2023-09-22,2026-05-28
KGS,level_L20_p90,level,favourable_now,"{""higher_share"": 0.9, ""lookback"": 20}",4,no_lower_price_in_next_h_observations,65,65,0.41935483870967744,0.23076923076923078,0.3126666666666667,0.7380679022470067,0.946843853820598,47.088787944409496,27.392467252462943,73.07675191983978,0.0033222591362126247,-19.88542766374108,-5.153783108285005,7.0,139.0,2023-10-21,2026-05-28
KGS,level_L20_p95,level,favourable_now,"{""higher_share"": 0.95, ""lookback"": 20}",4,no_lower_price_in_next_h_observations,51,51,0.32903225806451614,0.21568627450980393,0.31385620915032675,0.687213660974594,0.9501661129568106,47.07341255291674,27.104763726185347,71.88063484422084,0.0033222591362126247,-19.40740282601055,-4.343585275278332,7.0,142.0,2023-10-21,2026-05-28
KGS,level_L250_p70,level,favourable_now,"{""higher_share"": 0.7, ""lookback"": 250}",4,no_lower_price_in_next_h_observations,77,77,0.4967741935483871,0.2727272727272727,0.3148051948051948,0.8663366336633662,0.8305647840531561,20.910013918715286,1.8967981347433005,44.32679362563073,0.036544850498338874,14.055706953714603,-4.104087073657298,6.0,199.0,2024-05-28,2026-07-14
KGS,level_L250_p80,level,favourable_now,"{""higher_share"": 0.8, ""lookback"": 250}",4,no_lower_price_in_next_h_observations,66,66,0.4258064516129032,0.30303030303030304,0.3145454545454546,0.9633911368015413,0.6312292358803987,21.58603043144323,5.115083546528639,47.97675256629557,0.07308970099667775,13.890395506355077,-3.58234252882146,6.0,199.0,2024-06-19,2026-07-10
KGS,level_L250_p90,level,favourable_now,"{""higher_share"": 0.9, ""lookback"": 250}",4,no_lower_price_in_next_h_observations,52,52,0.33548387096774196,0.17307692307692307,0.3199358974358974,0.540973752754959,0.9966777408637874,20.081968160588154,-5.841046779738006,73.32742109148849,0.14285714285714285,-4.04852687256649,-3.30961383964026,6.0,238.0,2024-06-20,2026-06-17
KGS,level_L250_p95,level,favourable_now,"{""higher_share"": 0.95, ""lookback"": 250}",4,no_lower_price_in_next_h_observations,46,46,0.2967741935483871,0.1956521739130435,0.3158695652173913,0.6194081211286993,0.9767441860465116,37.07702449862902,10.372995403620212,82.6739167338484,0.0664451827242525,14.38382293212446,-5.902330967819422,6.0,239.0,2024-06-20,2026-06-10
KGS,level_L60_p70,level,favourable_now,"{""higher_share"": 0.7, ""lookback"": 60}",4,no_lower_price_in_next_h_observations,85,85,0.5483870967741935,0.2235294117647059,0.31431372549019604,0.711166562694947,0.9800664451827242,14.450943861103635,1.5311820592255672,28.003062970159306,0.023255813953488372,-25.522696040577166,-5.225379074366905,6.0,170.0,2023-10-21,2026-06-17
KGS,level_L60_p80,level,favourable_now,"{""higher_share"": 0.8, ""lookback"": 60}",4,no_lower_price_in_next_h_observations,73,73,0.47096774193548385,0.1917808219178082,0.31611872146118725,0.6066734074823052,1.0,24.84979026514051,9.056251504400734,40.56695721332972,0.0033222591362126247,-16.70186287328179,-4.197292449599191,6.0,170.0,2023-10-24,2026-06-10
KGS,level_L60_p90,level,favourable_now,"{""higher_share"": 0.9, ""lookback"": 60}",4,no_lower_price_in_next_h_observations,62,62,0.4,0.20967741935483872,0.31435483870967745,0.6670087224217547,0.973421926910299,27.379338536665202,8.53802095483688,47.78761590326963,0.013289036544850499,-17.247001219899555,-4.223291437035419,6.0,170.0,2023-10-24,2026-05-27
KGS,level_L60_p95,level,favourable_now,"{""higher_share"": 0.95, ""lookback"": 60}",4,no_lower_price_in_next_h_observations,50,50,0.3225806451612903,0.2,0.31479999999999997,0.6353240152477765,0.9667774086378738,54.33022278380659,25.03964824904868,89.87203102647864,0.009966777408637873,-2.059712281620871,-4.2575442986542305,7.0,209.0,2023-10-25,2026-05-28
KZT,level_L120_p70,level,favourable_now,"{""higher_share"": 0.7, ""lookback"": 120}",4,no_lower_price_in_next_h_observations,79,79,0.5096774193548387,0.3670886075949367,0.2872573839662447,1.2779083431257348,0.07308970099667775,31.16145151584065,15.669108652021883,53.133980295453284,0.0033222591362126247,-8.94641224955436,-4.188939746589681,6.0,137.0,2023-11-01,2026-06-18
KZT,level_L120_p80,level,favourable_now,"{""higher_share"": 0.8, ""lookback"": 120}",4,no_lower_price_in_next_h_observations,66,66,0.4258064516129032,0.3787878787878788,0.2832828282828283,1.3371367445177393,0.05647840531561462,38.265455238805174,20.349832294779702,64.30442116932838,0.006644518272425249,-13.449654424997204,-7.246949987298231,6.0,204.0,2023-11-16,2026-06-18
KZT,level_L120_p90,level,favourable_now,"{""higher_share"": 0.9, ""lookback"": 120}",4,no_lower_price_in_next_h_observations,53,53,0.3419354838709677,0.3584905660377358,0.2840251572327044,1.262178919397697,0.15946843853820597,37.8482968523631,12.8204608829273,73.95190170035,0.026578073089700997,-25.58930729813074,-4.266942323676569,6.0,205.0,2024-01-13,2026-06-16
KZT,level_L120_p95,level,favourable_now,"{""higher_share"": 0.95, ""lookback"": 120}",4,no_lower_price_in_next_h_observations,43,43,0.27741935483870966,0.32558139534883723,0.287984496124031,1.1305518169582773,0.34219269102990035,59.756953688646476,36.129133412854436,89.58298803949339,0.0033222591362126247,1.1483609721169377,-6.456564985702537,6.0,205.0,2024-06-14,2026-06-17
KZT,level_L20_p70,level,favourable_now,"{""higher_share"": 0.7, ""lookback"": 20}",4,no_lower_price_in_next_h_observations,96,96,0.6193548387096774,0.3229166666666667,0.2873611111111111,1.123731271145481,0.22259136212624583,45.3771290228348,33.5040099485244,60.02163540547378,0.0033222591362126247,-16.93802001099723,-3.5703347901190923,6.0,68.0,2023-09-12,2026-06-17
KZT,level_L20_p80,level,favourable_now,"{""higher_share"": 0.8, ""lookback"": 20}",4,no_lower_price_in_next_h_observations,85,85,0.5483870967741935,0.27058823529411763,0.28905882352941176,0.936100936100936,0.7043189368770764,44.92788500247759,31.29938745925087,60.15501627439491,0.0033222591362126247,-25.249509259695227,-4.055675028085367,6.0,92.0,2023-09-13,2026-06-17
KZT,level_L20_p90,level,favourable_now,"{""higher_share"": 0.9, ""lookback"": 20}",4,no_lower_price_in_next_h_observations,67,67,0.432258064516129,0.2835820895522388,0.2835820895522388,1.0,0.5548172757475083,66.64631484286865,49.54981982477698,86.1390212240435,0.0033222591362126247,-3.473883698200377,-7.35165538970658,7.0,120.0,2023-09-13,2026-06-17
KZT,level_L20_p95,level,favourable_now,"{""higher_share"": 0.95, ""lookback"": 20}",4,no_lower_price_in_next_h_observations,47,47,0.3032258064516129,0.3617021276595745,0.2922695035460994,1.2375636981315212,0.1760797342192691,86.01546938586299,59.94799098478826,112.12480863306816,0.0033222591362126247,20.056997356713126,-4.224765601977333,11.5,122.0,2023-09-21,2026-06-11
KZT,level_L250_p70,level,favourable_now,"{""higher_share"": 0.7, ""lookback"": 250}",4,no_lower_price_in_next_h_observations,82,82,0.5290322580645161,0.25609756097560976,0.286869918699187,0.89273062207737,0.770764119601329,16.916713511607295,-3.3331485031672083,47.69795611580999,0.10963455149501661,-4.037531284669494,-4.471399417710393,6.0,111.0,2024-06-05,2026-06-16
KZT,level_L250_p80,level,favourable_now,"{""higher_share"": 0.8, ""lookback"": 250}",4,no_lower_price_in_next_h_observations,66,66,0.4258064516129032,0.3333333333333333,0.2878282828282828,1.1580979119143708,0.2691029900332226,27.167187414386074,13.421674378306225,45.25789808410142,0.006644518272425249,-19.41721027911905,-5.340925395734977,6.0,138.0,2024-06-14,2026-06-17
KZT,level_L250_p90,level,favourable_now,"{""higher_share"": 0.9, ""lookback"": 250}",4,no_lower_price_in_next_h_observations,52,52,0.33548387096774196,0.3076923076923077,0.2910897435897436,1.0570358951772738,0.4418604651162791,19.96400237890979,-9.47174607456392,56.45586472018004,0.132890365448505,1.206655141382003,-3.1610142634859106,6.0,212.0,2024-06-19,2026-06-17
KZT,level_L250_p95,level,favourable_now,"{""higher_share"": 0.95, ""lookback"": 250}",4,no_lower_price_in_next_h_observations,46,46,0.2967741935483871,0.2826086956521739,0.2867391304347826,0.9855951478392722,0.5913621262458472,41.470637795388456,6.412613051321282,98.11607943057012,0.059800664451827246,10.861176574477865,-4.619000867099683,6.0,214.0,2024-06-20,2026-06-11
KZT,level_L60_p70,level,favourable_now,"{""higher_share"": 0.7, ""lookback"": 60}",4,no_lower_price_in_next_h_observations,83,83,0.535483870967742,0.27710843373493976,0.2832128514056225,0.9784458309699375,0.574750830564784,20.439662754312412,2.702923686822978,42.98029133723839,0.036544850498338874,-14.135351855342313,-4.813719293542428,6.0,123.0,2023-09-22,2026-06-18
KZT,level_L60_p80,level,favourable_now,"{""higher_share"": 0.8, ""lookback"": 60}",4,no_lower_price_in_next_h_observations,80,80,0.5161290322580645,0.2125,0.28966666666666663,0.733601841196778,0.9667774086378738,27.306629783263283,6.872256222459244,53.81041847954739,0.029900332225913623,-20.258190132594766,-1.7651151586873948,6.0,129.0,2023-09-22,2026-06-19
KZT,level_L60_p90,level,favourable_now,"{""higher_share"": 0.9, ""lookback"": 60}",4,no_lower_price_in_next_h_observations,66,66,0.4258064516129032,0.30303030303030304,0.2829292929292929,1.0710460549803642,0.3953488372093023,52.5016006204292,30.499900719022122,79.84094157229106,0.0033222591362126247,-1.2621923777378272,-5.714391136110457,6.0,179.0,2023-09-23,2026-06-17
KZT,level_L60_p95,level,favourable_now,"{""higher_share"": 0.95, ""lookback"": 60}",4,no_lower_price_in_next_h_observations,52,52,0.33548387096774196,0.2692307692307692,0.2875641025641026,0.9362460989745874,0.6810631229235881,57.65819799826831,32.354882592714496,93.42302289580938,0.0033222591362126247,2.4124548166570823,-7.759744435095134,6.0,182.0,2023-09-29,2026-06-17
TJS,level_L120_p70,level,favourable_now,"{""higher_share"": 0.7, ""lookback"": 120}",4,no_lower_price_in_next_h_observations,71,71,0.45806451612903226,0.29577464788732394,0.33314553990610324,0.8878241262683203,0.7940199335548173,26.947743336382338,11.580158248405535,46.94052669959595,0.013289036544850499,7.4227690607860985,2.7232458247935027,6.0,185.0,2023-11-16,2026-06-23
TJS,level_L120_p80,level,favourable_now,"{""higher_share"": 0.8, ""lookback"": 120}",4,no_lower_price_in_next_h_observations,61,61,0.3935483870967742,0.39344262295081966,0.33885245901639344,1.1611030478955007,0.23920265780730898,27.13352103085878,12.577819698423,43.420115379998386,0.0033222591362126247,8.989240323671648,3.1200077219103406,6.0,219.0,2023-11-16,2026-06-19
TJS,level_L120_p90,level,favourable_now,"{""higher_share"": 0.9, ""lookback"": 120}",4,no_lower_price_in_next_h_observations,39,39,0.25161290322580643,0.20512820512820512,0.3474358974358974,0.5904059040590406,0.9767441860465116,29.350864546510486,6.939721050004053,60.12890610217031,0.036544850498338874,-1.3660422172085862,6.159577340518914,6.0,262.0,2024-01-11,2026-06-10
TJS,level_L120_p95,level,favourable_now,"{""higher_share"": 0.95, ""lookback"": 120}",4,no_lower_price_in_next_h_observations,31,31,0.2,0.2903225806451613,0.3381720430107527,0.8585055643879174,0.7873754152823921,64.51642568280192,18.367343097933933,126.45191736607254,0.023255813953488372,36.122239021613375,4.350084719986411,7.0,276.0,2024-01-13,2026-06-10
TJS,level_L20_p70,level,favourable_now,"{""higher_share"": 0.7, ""lookback"": 20}",4,no_lower_price_in_next_h_observations,80,80,0.5161290322580645,0.325,0.3335416666666667,0.9743910056214866,0.627906976744186,42.76699778373987,20.642564999315617,69.71680827496421,0.006644518272425249,-1.7939600207309154,3.528842281537525,6.0,94.0,2023-09-13,2026-06-10
TJS,level_L20_p80,level,favourable_now,"{""higher_share"": 0.8, ""lookback"": 20}",4,no_lower_price_in_next_h_observations,70,70,0.45161290322580644,0.2714285714285714,0.3324761904761904,0.8163849899742195,0.9069767441860465,43.75203060155737,20.896268717153617,68.5293936448168,0.0033222591362126247,-4.189774429426585,1.87032140205238,6.0,94.0,2023-10-21,2026-06-10
TJS,level_L20_p90,level,favourable_now,"{""higher_share"": 0.9, ""lookback"": 20}",4,no_lower_price_in_next_h_observations,55,55,0.3548387096774194,0.23636363636363636,0.333030303030303,0.7097361237488626,0.9568106312292359,61.8692543057798,32.788027844639906,97.91071796752281,0.0033222591362126247,1.1930035207023135,3.6689237116881706,8.0,130.0,2023-10-21,2026-05-19
TJS,level_L20_p95,level,favourable_now,"{""higher_share"": 0.95, ""lookback"": 20}",4,no_lower_price_in_next_h_observations,46,46,0.2967741935483871,0.2608695652173913,0.3354347826086957,0.7777057679844458,0.9102990033222591,68.55423229749573,43.53771460812951,101.01104791527352,0.0033222591362126247,21.744849060500062,4.413573183924146,10.0,127.0,2023-10-21,2026-05-19
TJS,level_L250_p70,level,favourable_now,"{""higher_share"": 0.7, ""lookback"": 250}",4,no_lower_price_in_next_h_observations,50,50,0.3225806451612903,0.32,0.3353333333333333,0.9542743538767396,0.6312292358803987,14.76443722066363,-6.87121723412632,44.56586567190314,0.14285714285714285,13.521623428806487,4.636782735799682,6.0,283.0,2024-05-28,2026-06-23
TJS,level_L250_p80,level,favourable_now,"{""higher_share"": 0.8, ""lookback"": 250}",4,no_lower_price_in_next_h_observations,38,38,0.24516129032258063,0.3684210526315789,0.33824561403508774,1.0892116182572613,0.42857142857142855,26.120246389330898,-0.4909980065163632,64.95711156724177,0.08305647840531562,27.2574150165804,4.6822980324389425,6.0,303.0,2024-06-19,2026-06-19
TJS,level_L250_p90,level,favourable_now,"{""higher_share"": 0.9, ""lookback"": 250}",4,no_lower_price_in_next_h_observations,26,26,0.16774193548387098,0.2692307692307692,0.328974358974359,0.8183943881527669,0.7740863787375415,43.4212277502925,-8.550708992103067,156.5659391221906,0.16611295681063123,36.76504114900195,1.5023613639692754,6.0,356.0,2024-06-20,2026-06-16
TJS,level_L250_p95,level,favourable_now,"{""higher_share"": 0.95, ""lookback"": 250}",4,no_lower_price_in_next_h_observations,18,18,0.11612903225806452,0.4444444444444444,0.33518518518518514,1.3259668508287294,0.19601328903654486,110.61864527572742,48.21681914978928,208.72841094325065,0.026578073089700997,109.32014361626163,2.2802118604563812,8.0,384.0,2024-06-20,2026-06-10
TJS,level_L60_p70,level,favourable_now,"{""higher_share"": 0.7, ""lookback"": 60}",4,no_lower_price_in_next_h_observations,79,79,0.5096774193548387,0.22784810126582278,0.3350632911392405,0.6800151114469211,1.0,20.960944291854915,6.518285179334649,37.71233063964739,0.016611295681063124,-22.395701841681095,5.094738464225142,6.0,154.0,2023-10-21,2026-06-16
TJS,level_L60_p80,level,favourable_now,"{""higher_share"": 0.8, ""lookback"": 60}",4,no_lower_price_in_next_h_observations,67,67,0.432258064516129,0.23880597014925373,0.33855721393034827,0.7053637031594415,0.9833887043189369,27.229187869929106,11.034942579461568,49.55939637085381,0.016611295681063124,-10.035819970981404,4.28789913836625,6.0,181.0,2023-10-24,2026-06-10
TJS,level_L60_p90,level,favourable_now,"{""higher_share"": 0.9, ""lookback"": 60}",4,no_lower_price_in_next_h_observations,52,52,0.33548387096774196,0.25,0.3434615384615385,0.7278835386338185,0.9401993355481728,37.208416152954946,17.600220780544717,60.83208962512081,0.006644518272425249,-5.900990000673626,4.544663570480933,6.0,217.0,2023-10-25,2026-06-10
TJS,level_L60_p95,level,favourable_now,"{""higher_share"": 0.95, ""lookback"": 60}",4,no_lower_price_in_next_h_observations,44,44,0.2838709677419355,0.25,0.34613636363636363,0.7222586999343401,0.9335548172757475,47.80299124380689,24.96854453482605,75.55651782035457,0.0033222591362126247,-8.573089666463348,6.992802108308647,6.0,220.0,2023-10-25,2026-05-28
UZS,level_L120_p70,level,favourable_now,"{""higher_share"": 0.7, ""lookback"": 120}",4,no_lower_price_in_next_h_observations,89,89,0.5741935483870968,0.23595505617977527,0.3139700374531835,0.7515209352260527,0.9634551495016611,10.417194416316848,2.3053843406095553,22.343941973381597,0.04318936877076412,-18.81574907966629,-4.421897973407037,6.0,189.0,2023-10-28,2026-06-19
UZS,level_L120_p80,level,favourable_now,"{""higher_share"": 0.8, ""lookback"": 120}",4,no_lower_price_in_next_h_observations,77,77,0.4967741935483871,0.2857142857142857,0.31852813852813855,0.8969828757814623,0.8106312292358804,13.054563437356057,1.8977937844350392,24.960714486602136,0.013289036544850499,-5.57035924486473,-2.735310676744005,6.0,189.0,2023-11-15,2026-06-18
UZS,level_L120_p90,level,favourable_now,"{""higher_share"": 0.9, ""lookback"": 120}",4,no_lower_price_in_next_h_observations,60,60,0.3870967741935484,0.25,0.32016666666666665,0.7808433107756377,0.9169435215946844,28.76671103481426,12.358950147676234,47.32211630242961,0.006644518272425249,3.009113937772517,-1.6075269252159534,6.0,191.0,2023-11-16,2026-06-10
UZS,level_L120_p95,level,favourable_now,"{""higher_share"": 0.95, ""lookback"": 120}",4,no_lower_price_in_next_h_observations,44,44,0.2838709677419355,0.20454545454545456,0.3161363636363636,0.6470165348670023,0.9800664451827242,32.957827941176326,13.65796763116369,53.64221285436285,0.009966777408637873,7.299879437287593,-3.773293441829998,6.0,192.0,2023-11-21,2026-05-27
UZS,level_L20_p70,level,favourable_now,"{""higher_share"": 0.7, ""lookback"": 20}",4,no_lower_price_in_next_h_observations,82,82,0.5290322580645161,0.2073170731707317,0.3185772357723577,0.6507592190889371,0.9966777408637874,22.88223496656499,8.228739501949633,41.546672767225495,0.009966777408637873,-28.33162149000747,-2.55613275320805,6.0,94.0,2023-09-13,2026-05-27
UZS,level_L20_p80,level,favourable_now,"{""higher_share"": 0.8, ""lookback"": 20}",4,no_lower_price_in_next_h_observations,76,76,0.49032258064516127,0.18421052631578946,0.3135964912280702,0.5874125874125873,1.0,37.38603307364767,17.23895148084806,56.04304821525407,0.006644518272425249,-28.170823567453436,-3.8678924155695986,6.0,97.0,2023-09-13,2026-05-28
UZS,level_L20_p90,level,favourable_now,"{""higher_share"": 0.9, ""lookback"": 20}",4,no_lower_price_in_next_h_observations,65,65,0.41935483870967744,0.18461538461538463,0.3232307692307692,0.5711565920990005,1.0,45.64181843622911,20.37908357047901,74.55174431705615,0.006644518272425249,-25.859594694398265,-0.924551876840062,7.0,141.0,2023-09-23,2026-05-28
UZS,level_L20_p95,level,favourable_now,"{""higher_share"": 0.95, ""lookback"": 20}",4,no_lower_price_in_next_h_observations,50,50,0.3225806451612903,0.18,0.31666666666666665,0.5684210526315789,1.0,47.891009717571876,33.32378884134899,68.07133104770479,0.0033222591362126247,-22.540457014175,-2.386567880802484,7.0,141.0,2023-09-26,2026-05-19
UZS,level_L250_p70,level,favourable_now,"{""higher_share"": 0.7, ""lookback"": 250}",4,no_lower_price_in_next_h_observations,75,75,0.4838709677419355,0.32,0.31733333333333336,1.0084033613445378,0.5481727574750831,12.59265327741939,-0.6200717867682854,29.48669605642699,0.0664451827242525,8.448060072495936,-1.9871519355484195,6.0,160.0,2024-01-17,2026-06-24
UZS,level_L250_p80,level,favourable_now,"{""higher_share"": 0.8, ""lookback"": 250}",4,no_lower_price_in_next_h_observations,61,61,0.3935483870967742,0.29508196721311475,0.3234426229508197,0.9123162696401418,0.7441860465116279,17.66106888944923,1.8334917886604027,39.43399808810572,0.06312292358803986,14.176107564340176,0.5120531023148099,6.0,190.0,2024-05-07,2026-06-24
UZS,level_L250_p90,level,favourable_now,"{""higher_share"": 0.9, ""lookback"": 250}",4,no_lower_price_in_next_h_observations,51,51,0.32903225806451614,0.2549019607843137,0.32849673202614377,0.7759649820931158,0.8970099667774086,17.428863693488495,-6.96685026407468,48.49088582453414,0.10299003322259136,2.450733574093134,-0.5481019794201669,6.0,266.0,2024-05-22,2026-06-20
UZS,level_L250_p95,level,favourable_now,"{""higher_share"": 0.95, ""lookback"": 250}",4,no_lower_price_in_next_h_observations,39,39,0.25161290322580643,0.23076923076923078,0.3145299145299145,0.7336956521739131,0.9368770764119602,30.37166128440499,12.007580527115465,57.18406535249439,0.016611295681063124,15.98756203843626,-4.878193276061194,6.0,296.0,2024-05-25,2026-06-10
UZS,level_L60_p70,level,favourable_now,"{""higher_share"": 0.7, ""lookback"": 60}",4,no_lower_price_in_next_h_observations,90,90,0.5806451612903226,0.23333333333333334,0.31725925925925924,0.7354657950035023,0.9634551495016611,14.56404797497841,-0.9558253431592979,28.228785822718713,0.026578073089700997,-17.9179795660822,-5.215328738104443,6.0,170.0,2023-10-21,2026-06-16
UZS,level_L60_p80,level,favourable_now,"{""higher_share"": 0.8, ""lookback"": 60}",4,no_lower_price_in_next_h_observations,79,79,0.5096774193548387,0.20253164556962025,0.31789029535864977,0.6371117600212372,1.0,22.484043518270788,7.810868309093025,38.595418521144346,0.006644518272425249,-16.648924937074035,-3.4879045540003593,6.0,168.0,2023-10-21,2026-06-10
UZS,level_L60_p90,level,favourable_now,"{""higher_share"": 0.9, ""lookback"": 60}",4,no_lower_price_in_next_h_observations,61,61,0.3935483870967742,0.14754098360655737,0.3217486338797814,0.4585597826086956,1.0,21.404398145831795,8.664894494753007,36.40551932861097,0.0033222591362126247,-29.58950762535958,-2.974853026209553,6.0,170.0,2023-10-24,2026-05-27
UZS,level_L60_p95,level,favourable_now,"{""higher_share"": 0.95, ""lookback"": 60}",4,no_lower_price_in_next_h_observations,55,55,0.3548387096774194,0.2727272727272727,0.3176363636363637,0.8586147681740123,0.8338870431893688,50.678102952706716,28.099618899110354,77.78890525202212,0.0033222591362126247,-7.729246915163725,-4.454946238710099,7.0,175.0,2023-10-24,2026-05-28
AMD,corridor_exit_down_L10_r100_b0bp,corridor_exit_down,favourable_now,"{""breakout_bps"": 0.0, ""direction"": ""down"", ""lookback"": 10, ""max_range_bps"": 100.0}",5,no_lower_price_in_next_h_observations,4,4,0.025806451612903226,0.25,0.2891666666666667,0.8645533141210374,0.7441860465116279,46.887776267009464,-7.605505605131759,90.2235330584611,0.0033222591362126247,-23.17721356893926,-9.096615151550411,134.0,310.0,2024-07-24,2025-11-22
AMD,corridor_exit_down_L10_r100_b25bp,corridor_exit_down,favourable_now,"{""breakout_bps"": 25.0, ""direction"": ""down"", ""lookback"": 10, ""max_range_bps"": 100.0}",5,no_lower_price_in_next_h_observations,3,3,0.01935483870967742,0.3333333333333333,0.29333333333333333,1.1363636363636362,0.6378737541528239,49.85905280654679,-30.869907697281818,91.49679520974452,0.0033222591362126247,-39.68741196085849,-2.18871682479298,243.0,310.0,2024-07-24,2025-11-22
AMD,corridor_exit_down_L10_r100_b50bp,corridor_exit_down,favourable_now,"{""breakout_bps"": 50.0, ""direction"": ""down"", ""lookback"": 10, ""max_range_bps"": 100.0}",5,no_lower_price_in_next_h_observations,2,2,0.012903225806451613,0.5,0.26666666666666666,1.875,0.45182724252491696,90.2235330584611,88.95027090717767,91.49679520974452,0.0033222591362126247,1.9663270709313636,1.534647651091591,176.0,176.0,2025-05-30,2025-11-22
AMD,corridor_exit_down_L10_r200_b0bp,corridor_exit_down,favourable_now,"{""breakout_bps"": 0.0, ""direction"": ""down"", ""lookback"": 10, ""max_range_bps"": 200.0}",5,no_lower_price_in_next_h_observations,17,17,0.10967741935483871,0.17647058823529413,0.2794117647058823,0.6315789473684212,0.8970099667774086,31.41575773996698,-2.5118666679907014,65.17790053681361,0.05647840531561462,-58.75663835979052,-2.474902777989311,41.5,268.0,2023-09-30,2026-05-13
AMD,corridor_exit_down_L10_r200_b25bp,corridor_exit_down,favourable_now,"{""breakout_bps"": 25.0, ""direction"": ""down"", ""lookback"": 10, ""max_range_bps"": 200.0}",5,no_lower_price_in_next_h_observations,16,16,0.1032258064516129,0.1875,0.2916666666666667,0.6428571428571428,0.8803986710963455,42.925557880336626,8.288870422174446,79.43280011896795,0.013289036544850499,-38.53389392769815,-1.1023547909344071,43.0,268.0,2023-10-03,2026-05-13
AMD,corridor_exit_down_L10_r200_b50bp,corridor_exit_down,favourable_now,"{""breakout_bps"": 50.0, ""direction"": ""down"", ""lookback"": 10, ""max_range_bps"": 200.0}",5,no_lower_price_in_next_h_observations,11,11,0.07096774193548387,0.18181818181818182,0.28121212121212125,0.6465517241379309,0.8604651162790697,56.42277955764462,18.157526571005945,96.46741844562685,0.013289036544850499,-44.12918878829189,-2.5431895681508943,83.5,268.0,2023-10-03,2026-05-14
AMD,corridor_exit_down_L10_r400_b0bp,corridor_exit_down,favourable_now,"{""breakout_bps"": 0.0, ""direction"": ""down"", ""lookback"": 10, ""max_range_bps"": 400.0}",5,no_lower_price_in_next_h_observations,37,37,0.23870967741935484,0.2702702702702703,0.2858558558558559,0.9454774661203907,0.6511627906976745,64.53786936682437,37.450543670112836,94.24702954298739,0.0033222591362126247,-2.9388118466912374,-2.5786146482967722,21.0,140.0,2023-09-13,2026-05-19
AMD,corridor_exit_down_L10_r400_b25bp,corridor_exit_down,favourable_now,"{""breakout_bps"": 25.0, ""direction"": ""down"", ""lookback"": 10, ""max_range_bps"": 400.0}",5,no_lower_price_in_next_h_observations,33,33,0.2129032258064516,0.2727272727272727,0.2781818181818182,0.980392156862745,0.6013289036544851,69.0091256841126,34.36863046880614,103.81181694742092,0.006644518272425249,-2.1506568501460785,-4.428868240475447,24.0,140.0,2023-09-13,2026-05-19
AMD,corridor_exit_down_L10_r400_b50bp,corridor_exit_down,favourable_now,"{""breakout_bps"": 50.0, ""direction"": ""down"", ""lookback"": 10, ""max_range_bps"": 400.0}",5,no_lower_price_in_next_h_observations,26,26,0.16774193548387098,0.23076923076923078,0.2882051282051282,0.800711743772242,0.8039867109634552,89.85111203090304,47.34313898433466,131.7362948749082,0.0033222591362126247,17.676236338413815,3.6829414436859897,31.0,140.0,2023-09-13,2026-05-20
AMD,corridor_exit_down_L20_r200_b0bp,corridor_exit_down,favourable_now,"{""breakout_bps"": 0.0, ""direction"": ""down"", ""lookback"": 20, ""max_range_bps"": 200.0}",5,no_lower_price_in_next_h_observations,4,4,0.025806451612903226,0.0,0.2966666666666667,0.0,1.0,19.090977608683943,3.171066712117643,24.89228005561617,0.0033222591362126247,-82.95311679530792,-5.715958911671161,327.0,400.0,2024-05-07,2026-05-14
AMD,corridor_exit_down_L20_r200_b25bp,corridor_exit_down,favourable_now,"{""breakout_bps"": 25.0, ""direction"": ""down"", ""lookback"": 20, ""max_range_bps"": 200.0}",5,no_lower_price_in_next_h_observations,3,3,0.01935483870967742,0.0,0.27111111111111114,0.0,1.0,17.651875607783328,3.171066712117643,24.89228005561617,0.0033222591362126247,-120.98699423790974,-3.2094781536019834,368.5,727.0,2024-05-07,2026-05-14
AMD,corridor_exit_down_L20_r200_b50bp,corridor_exit_down,favourable_now,"{""breakout_bps"": 50.0, ""direction"": ""down"", ""lookback"": 20, ""max_range_bps"": 200.0}",5,no_lower_price_in_next_h_observations,1,1,0.0064516129032258064,0.0,0.23666666666666666,0.0,1.0,3.171066712117643,,,,-306.0444918022942,-22.45127058167373,,,2026-05-14,2026-05-14
AMD,corridor_exit_down_L20_r400_b0bp,corridor_exit_down,favourable_now,"{""breakout_bps"": 0.0, ""direction"": ""down"", ""lookback"": 20, ""max_range_bps"": 400.0}",5,no_lower_price_in_next_h_observations,15,15,0.0967741935483871,0.3333333333333333,0.286,1.1655011655011656,0.4119601328903654,45.79728364979863,12.395725947003319,82.29128219015737,0.013289036544850499,34.29415393642795,0.9780600966882502,48.0,297.0,2023-10-03,2026-05-19
AMD,corridor_exit_down_L20_r400_b25bp,corridor_exit_down,favourable_now,"{""breakout_bps"": 25.0, ""direction"": ""down"", ""lookback"": 20, ""max_range_bps"": 400.0}",5,no_lower_price_in_next_h_observations,14,14,0.09032258064516129,0.35714285714285715,0.27666666666666667,1.2908777969018932,0.3222591362126246,70.11249283950322,41.28882907445905,116.33637246299334,0.006644518272425249,60.5280222202274,-7.647015007469149,43.0,297.0,2023-10-04,2026-05-20
AMD,corridor_exit_down_L20_r400_b50bp,corridor_exit_down,favourable_now,"{""breakout_bps"": 50.0, ""direction"": ""down"", ""lookback"": 20, ""max_range_bps"": 400.0}",5,no_lower_price_in_next_h_observations,9,9,0.05806451612903226,0.2222222222222222,0.28592592592592597,0.77720207253886,0.7508305647840532,98.51453490088522,67.78822940595963,135.90660470485096,0.0033222591362126247,128.19887122056556,-5.910266118657822,93.0,297.0,2023-10-04,2026-05-20
AMD,corridor_exit_down_L5_r100_b0bp,corridor_exit_down,favourable_now,"{""breakout_bps"": 0.0, ""direction"": ""down"", ""lookback"": 5, ""max_range_bps"": 100.0}",5,no_lower_price_in_next_h_observations,34,34,0.21935483870967742,0.17647058823529413,0.27931372549019606,0.6318006318006318,0.9435215946843853,6.82368650098588,-11.564729187722108,23.64677267866038,0.22591362126245848,-80.84407319379298,-4.501854499187128,21.0,110.0,2023-09-22,2026-07-25
AMD,corridor_exit_down_L5_r100_b25bp,corridor_exit_down,favourable_now,"{""breakout_bps"": 25.0, ""direction"": ""down"", ""lookback"": 5, ""max_range_bps"": 100.0}",5,no_lower_price_in_next_h_observations,25,25,0.16129032258064516,0.2,0.2828,0.7072135785007073,0.867109634551495,23.211090984194843,2.3119443878659687,47.68604463995607,0.03322259136212625,-61.83623131484817,-4.9648405819766985,28.0,109.0,2023-09-23,2026-02-17
AMD,corridor_exit_down_L5_r100_b50bp,corridor_exit_down,favourable_now,"{""breakout_bps"": 50.0, ""direction"": ""down"", ""lookback"": 5, ""max_range_bps"": 100.0}",5,no_lower_price_in_next_h_observations,17,17,0.10967741935483871,0.17647058823529413,0.27215686274509804,0.6484149855907781,0.8903654485049833,23.52721365365299,-4.820430206880067,59.64701322034887,0.08305647840531562,-84.45201763881835,-4.336951288935562,42.5,123.0,2023-10-03,2026-02-17
AMD,corridor_exit_down_L5_r200_b0bp,corridor_exit_down,favourable_now,"{""breakout_bps"": 0.0, ""direction"": ""down"", ""lookback"": 5, ""max_range_bps"": 200.0}",5,no_lower_price_in_next_h_observations,58,58,0.3741935483870968,0.1724137931034483,0.2846551724137931,0.6056935190793459,0.9933554817275747,25.432801535479506,12.25364344073721,40.25290610596375,0.0033222591362126247,-43.30677360582125,-2.5222039020532043,15.0,58.0,2023-09-12,2026-08-21
AMD,corridor_exit_down_L5_r200_b25bp,corridor_exit_down,favourable_now,"{""breakout_bps"": 25.0, ""direction"": ""down"", ""lookback"": 5, ""max_range_bps"": 200.0}",5,no_lower_price_in_next_h_observations,47,47,0.3032258064516129,0.2553191489361702,0.28581560283687946,0.8933002481389577,0.7574750830564784,42.67635689269401,23.198771909997117,59.0831577961403,0.0033222591362126247,-30.314359535312114,-2.571839884018161,17.0,109.0,2023-09-13,2026-08-21
AMD,corridor_exit_down_L5_r200_b50bp,corridor_exit_down,favourable_now,"{""breakout_bps"": 50.0, ""direction"": ""down"", ""lookback"": 5, ""max_range_bps"": 200.0}",5,no_lower_price_in_next_h_observations,33,33,0.2129032258064516,0.18181818181818182,0.28919191919191917,0.628711142158575,0.9335548172757475,49.376310872075386,18.204548098190887,76.55145263177091,0.0033222591362126247,-36.65661695374068,-1.050053584241085,22.0,123.0,2023-09-13,2026-07-08
AMD,corridor_exit_down_L5_r400_b0bp,corridor_exit_down,favourable_now,"{""breakout_bps"": 0.0, ""direction"": ""down"", ""lookback"": 5, ""max_range_bps"": 400.0}",5,no_lower_price_in_next_h_observations,76,76,0.49032258064516127,0.2236842105263158,0.2806578947368421,0.7969995311767464,0.8903654485049833,47.63777970052848,27.60730327226361,68.46170095411466,0.0033222591362126247,-28.285316744464563,-3.833368179476117,12.0,52.0,2023-09-12,2026-08-21
AMD,corridor_exit_down_L5_r400_b25bp,corridor_exit_down,favourable_now,"{""breakout_bps"": 25.0, ""direction"": ""down"", ""lookback"": 5, ""max_range_bps"": 400.0}",5,no_lower_price_in_next_h_observations,65,65,0.41935483870967744,0.2923076923076923,0.2787179487179487,1.0487580496780131,0.44518272425249167,61.22498616132884,39.833316215290544,89.3848330363859,0.0033222591362126247,-21.592490214741982,-1.8923779622157686,11.5,92.0,2023-09-13,2026-08-21
AMD,corridor_exit_down_L5_r400_b50bp,corridor_exit_down,favourable_now,"{""breakout_bps"": 50.0, ""direction"": ""down"", ""lookback"": 5, ""max_range_bps"": 400.0}",5,no_lower_price_in_next_h_observations,49,49,0.3161290322580645,0.24489795918367346,0.28244897959183674,0.8670520231213873,0.7674418604651163,76.06358072754193,46.66649488663273,113.06547077451377,0.0033222591362126247,-14.448195183188462,-3.861561026525087,14.5,123.0,2023-09-13,2026-07-08
AMD,corridor_exit_down_L5_r50_b0bp,corridor_exit_down,favourable_now,"{""breakout_bps"": 0.0, ""direction"": ""down"", ""lookback"": 5, ""max_range_bps"": 50.0}",5,no_lower_price_in_next_h_observations,14,14,0.09032258064516129,0.14285714285714285,0.2821428571428571,0.5063291139240507,0.9435215946843853,-5.9752563686361295,-36.65197874297098,24.63351085948501,0.5880398671096345,-87.81866810790851,0.6927114480521879,39.0,271.0,2023-09-30,2026-07-25
AMD,corridor_exit_down_L5_r50_b25bp,corridor_exit_down,favourable_now,"{""breakout_bps"": 25.0, ""direction"": ""down"", ""lookback"": 5, ""max_range_bps"": 50.0}",5,no_lower_price_in_next_h_observations,11,11,0.07096774193548387,0.2727272727272727,0.2918181818181818,0.9345794392523364,0.6445182724252492,25.753278829399644,-8.104647152410273,58.53199515836622,0.07641196013289037,-47.13755209106864,4.691346663253127,57.5,269.0,2023-10-03,2025-11-14
AMD,corridor_exit_down_L5_r50_b50bp,corridor_exit_down,favourable_now,"{""breakout_bps"": 50.0, ""direction"": ""down"", ""lookback"": 5, ""max_range_bps"": 50.0}",5,no_lower_price_in_next_h_observations,7,7,0.04516129032258064,0.2857142857142857,0.2819047619047618,1.0135135135135138,0.6611295681063123,23.98629624550444,-16.20958709262167,87.36707500149441,0.18272425249169436,-62.88561295222784,2.9235312763635686,69.5,269.0,2023-10-03,2025-05-30
KGS,corridor_exit_down_L10_r100_b0bp,corridor_exit_down,favourable_now,"{""breakout_bps"": 0.0, ""direction"": ""down"", ""lookback"": 10, ""max_range_bps"": 100.0}",5,no_lower_price_in_next_h_observations,4,4,0.025806451612903226,0.0,0.2916666666666667,0.0,1.0,28.690372277263286,0.6858409163992834,68.81980651619158,0.07308970099667775,-82.48257206599135,-3.331882257802972,136.0,395.0,2024-05-21,2025-11-22
KGS,corridor_exit_down_L10_r100_b25bp,corridor_exit_down,favourable_now,"{""breakout_bps"": 25.0, ""direction"": ""down"", ""lookback"": 10, ""max_range_bps"": 100.0}",5,no_lower_price_in_next_h_observations,2,2,0.012903225806451613,0.0,0.31333333333333335,0.0,1.0,67.7099285263838,46.85528519534632,88.56457185742129,0.0033222591362126247,-32.2327002588646,5.1501728148481725,134.0,134.0,2025-07-11,2025-11-22
KGS,corridor_exit_down_L10_r100_b50bp,corridor_exit_down,favourable_now,"{""breakout_bps"": 50.0, ""direction"": ""down"", ""lookback"": 10, ""max_range_bps"": 100.0}",5,no_lower_price_in_next_h_observations,1,1,0.0064516129032258064,0.0,0.2966666666666667,0.0,1.0,88.56457185742129,,,,-100.75747934776058,10.272961857521352,,,2025-11-22,2025-11-22
KGS,corridor_exit_down_L10_r200_b0bp,corridor_exit_down,favourable_now,"{""breakout_bps"": 0.0, ""direction"": ""down"", ""lookback"": 10, ""max_range_bps"": 200.0}",5,no_lower_price_in_next_h_observations,18,18,0.11612903225806452,0.16666666666666666,0.2942592592592592,0.5663939584644431,0.9302325581395349,31.830569670571364,5.550403715636283,70.19675424425857,0.04983388704318937,-59.89274290268403,-3.7542862512010826,41.0,261.0,2023-11-10,2026-05-08
KGS,corridor_exit_down_L10_r200_b25bp,corridor_exit_down,favourable_now,"{""breakout_bps"": 25.0, ""direction"": ""down"", ""lookback"": 10, ""max_range_bps"": 200.0}",5,no_lower_price_in_next_h_observations,14,14,0.09032258064516129,0.2857142857142857,0.289047619047619,0.9884678747940693,0.5946843853820598,73.1351739753782,37.92091351909509,108.53834294866142,0.0033222591362126247,6.394813844271304,-6.171253093357845,51.0,268.0,2023-11-15,2026-05-09
KGS,corridor_exit_down_L10_r200_b50bp,corridor_exit_down,favourable_now,"{""breakout_bps"": 50.0, ""direction"": ""down"", ""lookback"": 10, ""max_range_bps"": 200.0}",5,no_lower_price_in_next_h_observations,12,12,0.07741935483870968,0.3333333333333333,0.2966666666666667,1.1235955056179774,0.5049833887043189,89.66907786627702,52.26797005103208,121.09313199175774,0.0033222591362126247,5.6666485936534245,0.6366816274443985,62.0,268.0,2023-11-15,2026-05-13
KGS,corridor_exit_down_L10_r400_b0bp,corridor_exit_down,favourable_now,"{""breakout_bps"": 0.0, ""direction"": ""down"", ""lookback"": 10, ""max_range_bps"": 400.0}",5,no_lower_price_in_next_h_observations,39,39,0.25161290322580643,0.20512820512820512,0.2982051282051282,0.6878761822871884,0.9401993355481728,69.10306767428642,42.85841351411601,101.47503652094078,0.0033222591362126247,-15.5881809461911,-3.47103236234211,19.5,112.0,2023-09-13,2026-05-15
KGS,corridor_exit_down_L10_r400_b25bp,corridor_exit_down,favourable_now,"{""breakout_bps"": 25.0, ""direction"": ""down"", ""lookback"": 10, ""max_range_bps"": 400.0}",5,no_lower_price_in_next_h_observations,34,34,0.21935483870967742,0.2647058823529412,0.2825490196078431,0.936849410131853,0.6511627906976745,70.80666609199004,41.80358788629165,96.95602851018903,0.0033222591362126247,8.663049380711342,-8.072142099018109,25.0,112.0,2023-09-13,2026-05-19
KGS,corridor_exit_down_L10_r400_b50bp,corridor_exit_down,favourable_now,"{""breakout_bps"": 50.0, ""direction"": ""down"", ""lookback"": 10, ""max_range_bps"": 400.0}",5,no_lower_price_in_next_h_observations,27,27,0.17419354838709677,0.2962962962962963,0.2869135802469136,1.0327022375215145,0.5415282392026578,76.36916514836018,50.15353052884892,103.93071666087972,0.0033222591362126247,2.602774176729172,-3.444127761100585,28.5,140.0,2023-09-13,2026-05-19
KGS,corridor_exit_down_L20_r200_b0bp,corridor_exit_down,favourable_now,"{""breakout_bps"": 0.0, ""direction"": ""down"", ""lookback"": 20, ""max_range_bps"": 200.0}",5,no_lower_price_in_next_h_observations,2,2,0.012903225806451613,0.5,0.32166666666666666,1.5544041450777202,0.5149501661129569,23.606626477451485,23.545428305895566,23.667824649007407,0.0033222591362126247,0.7602853547061805,12.33478766364895,15.0,15.0,2025-06-24,2025-07-09
KGS,corridor_exit_down_L20_r200_b25bp,corridor_exit_down,favourable_now,"{""breakout_bps"": 25.0, ""direction"": ""down"", ""lookback"": 20, ""max_range_bps"": 200.0}",5,no_lower_price_in_next_h_observations,1,1,0.0064516129032258064,0.0,0.31333333333333335,0.0,1.0,46.85528519534632,,,,36.292078830031386,-8.196136699999508,,,2025-07-11,2025-07-11
KGS,corridor_exit_down_L20_r400_b0bp,corridor_exit_down,favourable_now,"{""breakout_bps"": 0.0, ""direction"": ""down"", ""lookback"": 20, ""max_range_bps"": 400.0}",5,no_lower_price_in_next_h_observations,16,16,0.1032258064516129,0.25,0.29333333333333333,0.8522727272727273,0.7375415282392026,45.80626273377922,24.927224239200374,75.84554199520005,0.006644518272425249,4.016290606000395,-4.4552455741942625,42.0,289.0,2024-01-11,2026-05-13
KGS,corridor_exit_down_L20_r400_b25bp,corridor_exit_down,favourable_now,"{""breakout_bps"": 25.0, ""direction"": ""down"", ""lookback"": 20, ""max_range_bps"": 400.0}",5,no_lower_price_in_next_h_observations,13,13,0.08387096774193549,0.3076923076923077,0.29820512820512823,1.0318142734307825,0.5614617940199336,64.43588378207569,42.47827695587052,91.30998178871708,0.0033222591362126247,60.540866817630544,-2.3398575481598574,52.0,289.0,2024-01-11,2026-05-13
KGS,corridor_exit_down_L20_r400_b50bp,corridor_exit_down,favourable_now,"{""breakout_bps"": 50.0, ""direction"": ""down"", ""lookback"": 20, ""max_range_bps"": 400.0}",5,no_lower_price_in_next_h_observations,8,8,0.05161290322580645,0.25,0.30541666666666667,0.8185538881309686,0.7475083056478405,79.43828880476872,41.236088818400646,116.51047191762085,0.0033222591362126247,63.55328379361451,-3.017430691222414,138.0,289.0,2024-01-11,2026-05-13
KGS,corridor_exit_down_L5_r100_b0bp,corridor_exit_down,favourable_now,"{""breakout_bps"": 0.0, ""direction"": ""down"", ""lookback"": 5, ""max_range_bps"": 100.0}",5,no_lower_price_in_next_h_observations,34,34,0.21935483870967742,0.20588235294117646,0.2880392156862745,0.7147719537100068,0.8970099667774086,12.795437919825718,-7.489260404955903,31.748674911243626,0.08305647840531562,-63.09497802920705,-8.202203756766986,25.0,80.0,2023-09-22,2026-07-25
KGS,corridor_exit_down_L5_r100_b25bp,corridor_exit_down,favourable_now,"{""breakout_bps"": 25.0, ""direction"": ""down"", ""lookback"": 5, ""max_range_bps"": 100.0}",5,no_lower_price_in_next_h_observations,26,26,0.16774193548387098,0.2692307692307692,0.28474358974358976,0.9455200360198108,0.627906976744186,34.69912844080444,11.306767655634987,59.159533434161034,0.006644518272425249,-34.561129187282546,-7.20002745966751,28.0,158.0,2023-10-21,2026-07-25
KGS,corridor_exit_down_L5_r100_b50bp,corridor_exit_down,favourable_now,"{""breakout_bps"": 50.0, ""direction"": ""down"", ""lookback"": 5, ""max_range_bps"": 100.0}",5,no_lower_price_in_next_h_observations,19,19,0.12258064516129032,0.2631578947368421,0.2889473684210526,0.9107468123861566,0.6943521594684385,48.03029393328369,17.072525577920885,81.25178909889932,0.006644518272425249,-39.32961789616008,-1.6019971682003775,29.5,189.0,2023-10-21,2026-02-17
KGS,corridor_exit_down_L5_r200_b0bp,corridor_exit_down,favourable_now,"{""breakout_bps"": 0.0, ""direction"": ""down"", ""lookback"": 5, ""max_range_bps"": 200.0}",5,no_lower_price_in_next_h_observations,56,56,0.36129032258064514,0.21428571428571427,0.2908928571428571,0.7366482504604052,0.9235880398671097,32.468435034057826,18.905357057087414,48.33702133107607,0.0033222591362126247,-41.020762169094276,-5.127298660328199,16.0,61.0,2023-09-12,2026-08-21
KGS,corridor_exit_down_L5_r200_b25bp,corridor_exit_down,favourable_now,"{""breakout_bps"": 25.0, ""direction"": ""down"", ""lookback"": 5, ""max_range_bps"": 200.0}",5,no_lower_price_in_next_h_observations,47,47,0.3032258064516129,0.23404255319148937,0.2928368794326241,0.7992249939452652,0.8338870431893688,42.36661186665194,20.494810469812524,58.891847673405955,0.0033222591362126247,-38.70490509923346,-4.37121201330075,17.0,109.0,2023-09-12,2026-08-21
KGS,corridor_exit_down_L5_r200_b50bp,corridor_exit_down,favourable_now,"{""breakout_bps"": 50.0, ""direction"": ""down"", ""lookback"": 5, ""max_range_bps"": 200.0}",5,no_lower_price_in_next_h_observations,40,40,0.25806451612903225,0.25,0.2834166666666667,0.8820935019112025,0.7408637873754153,60.813574560098445,39.56429786648656,80.66945400426101,0.0033222591362126247,-22.197757744896712,-6.606306939805651,21.0,123.0,2023-09-13,2026-08-21
KGS,corridor_exit_down_L5_r400_b0bp,corridor_exit_down,favourable_now,"{""breakout_bps"": 0.0, ""direction"": ""down"", ""lookback"": 5, ""max_range_bps"": 400.0}",5,no_lower_price_in_next_h_observations,72,72,0.4645161290322581,0.20833333333333334,0.29578703703703707,0.7043355767725779,0.973421926910299,52.673369134478584,35.84510024388319,75.940634217568,0.0033222591362126247,-32.967287772573684,-5.661312628097911,13.0,49.0,2023-09-12,2026-08-21
KGS,corridor_exit_down_L5_r400_b25bp,corridor_exit_down,favourable_now,"{""breakout_bps"": 25.0, ""direction"": ""down"", ""lookback"": 5, ""max_range_bps"": 400.0}",5,no_lower_price_in_next_h_observations,63,63,0.4064516129032258,0.2698412698412698,0.28947089947089943,0.9321878998354963,0.6677740863787376,60.85678309914939,42.542619916749146,79.72942791252133,0.0033222591362126247,-25.190202769157565,-6.0540784384622,12.5,93.0,2023-09-12,2026-08-21
KGS,corridor_exit_down_L5_r400_b50bp,corridor_exit_down,favourable_now,"{""breakout_bps"": 50.0, ""direction"": ""down"", ""lookback"": 5, ""max_range_bps"": 400.0}",5,no_lower_price_in_next_h_observations,52,52,0.33548387096774196,0.25,0.28602564102564104,0.8740475123263111,0.7740863787375415,65.63195408629147,50.46092251532261,83.04027138934835,0.0033222591362126247,-24.953584757881362,-7.756340901217042,15.0,123.0,2023-09-13,2026-08-21
KGS,corridor_exit_down_L5_r50_b0bp,corridor_exit_down,favourable_now,"{""breakout_bps"": 0.0, ""direction"": ""down"", ""lookback"": 5, ""max_range_bps"": 50.0}",5,no_lower_price_in_next_h_observations,14,14,0.09032258064516129,0.2857142857142857,0.29214285714285715,0.9779951100244498,0.6013289036544851,29.660490088247766,4.4606379762752395,52.36928818363648,0.009966777408637873,-20.487085171453845,-4.275675605723756,61.0,245.0,2023-09-22,2026-07-25
KGS,corridor_exit_down_L5_r50_b25bp,corridor_exit_down,favourable_now,"{""breakout_bps"": 25.0, ""direction"": ""down"", ""lookback"": 5, ""max_range_bps"": 50.0}",5,no_lower_price_in_next_h_observations,11,11,0.07096774193548387,0.2727272727272727,0.27969696969696967,0.9750812567713977,0.6710963455149501,46.17936957293642,16.639169377714865,70.01164814571275,0.0033222591362126247,-30.436589386662252,-13.530277506486115,65.0,269.0,2023-10-21,2026-07-25
KGS,corridor_exit_down_L5_r50_b50bp,corridor_exit_down,favourable_now,"{""breakout_bps"": 50.0, ""direction"": ""down"", ""lookback"": 5, ""max_range_bps"": 50.0}",5,no_lower_price_in_next_h_observations,8,8,0.05161290322580645,0.375,0.3020833333333333,1.2413793103448276,0.4418604651162791,48.58265065158615,11.148549121394101,78.16059103243454,0.0033222591362126247,-57.00585794585737,-6.758536237171964,58.0,269.0,2023-10-21,2025-11-22
KZT,corridor_exit_down_L10_r100_b0bp,corridor_exit_down,favourable_now,"{""breakout_bps"": 0.0, ""direction"": ""down"", ""lookback"": 10, ""max_range_bps"": 100.0}",5,no_lower_price_in_next_h_observations,1,1,0.0064516129032258064,0.0,0.29,0.0,1.0,7.117419075379772,,,,-66.71597917347172,-18.890372679606152,,,2024-04-25,2024-04-25
KZT,corridor_exit_down_L10_r100_b25bp,corridor_exit_down,favourable_now,"{""breakout_bps"": 25.0, ""direction"": ""down"", ""lookback"": 10, ""max_range_bps"": 100.0}",5,no_lower_price_in_next_h_observations,1,1,0.0064516129032258064,0.0,0.26666666666666666,0.0,1.0,22.18715606294719,,,,-39.745053547427524,-8.380292521183577,,,2024-04-26,2024-04-26
KZT,corridor_exit_down_L10_r200_b0bp,corridor_exit_down,favourable_now,"{""breakout_bps"": 0.0, ""direction"": ""down"", ""lookback"": 10, ""max_range_bps"": 200.0}",5,no_lower_price_in_next_h_observations,17,17,0.10967741935483871,0.058823529411764705,0.2598039215686274,0.22641509433962267,0.9900332225913622,19.382798344429663,-2.1145061839789783,41.10323042720021,0.04983388704318937,-85.98765484463172,-5.05502421974133,45.0,167.0,2024-01-12,2026-05-09
KZT,corridor_exit_down_L10_r200_b25bp,corridor_exit_down,favourable_now,"{""breakout_bps"": 25.0, ""direction"": ""down"", ""lookback"": 10, ""max_range_bps"": 200.0}",5,no_lower_price_in_next_h_observations,12,12,0.07741935483870968,0.08333333333333333,0.2619444444444445,0.31813361611876984,0.9568106312292359,36.74573348877922,10.320067494260238,65.63220003854617,0.006644518272425249,-60.36843667822561,-4.220560364682897,56.0,167.0,2024-01-12,2026-05-09
KZT,corridor_exit_down_L10_r200_b50bp,corridor_exit_down,favourable_now,"{""breakout_bps"": 50.0, ""direction"": ""down"", ""lookback"": 10, ""max_range_bps"": 200.0}",5,no_lower_price_in_next_h_observations,9,9,0.05806451612903226,0.0,0.2677777777777778,0.0,1.0,43.058866547219054,18.818230361895385,70.77147416910384,0.0033222591362126247,-65.46288182346902,-8.093459174155583,78.5,246.0,2024-01-12,2026-04-10
KZT,corridor_exit_down_L10_r400_b0bp,corridor_exit_down,favourable_now,"{""breakout_bps"": 0.0, ""direction"": ""down"", ""lookback"": 10, ""max_range_bps"": 400.0}",5,no_lower_price_in_next_h_observations,42,42,0.2709677419354839,0.3333333333333333,0.26246031746031745,1.2700332627759299,0.16943521594684385,78.56174875785473,45.35516414188941,107.18021416522164,0.0033222591362126247,6.227173393327872,-5.332413997278578,21.0,82.0,2023-09-13,2026-05-30
KZT,corridor_exit_down_L10_r400_b25bp,corridor_exit_down,favourable_now,"{""breakout_bps"": 25.0, ""direction"": ""down"", ""lookback"": 10, ""max_range_bps"": 400.0}",5,no_lower_price_in_next_h_observations,35,35,0.22580645161290322,0.4,0.26276190476190475,1.5222906850308084,0.04318936877076412,97.3820723820742,68.13346574631062,125.6752903320225,0.0033222591362126247,38.02076670228299,-6.963584847164081,23.5,83.0,2023-09-13,2026-05-30
KZT,corridor_exit_down_L10_r400_b50bp,corridor_exit_down,favourable_now,"{""breakout_bps"": 50.0, ""direction"": ""down"", ""lookback"": 10, ""max_range_bps"": 400.0}",5,no_lower_price_in_next_h_observations,27,27,0.17419354838709677,0.2962962962962963,0.2540740740740741,1.1661807580174925,0.43853820598006643,94.38087971659336,58.49248468336953,130.8733315710079,0.0033222591362126247,-3.223213873147432,-6.8436103611656485,29.5,140.0,2023-09-13,2026-05-30
KZT,corridor_exit_down_L20_r200_b0bp,corridor_exit_down,favourable_now,"{""breakout_bps"": 0.0, ""direction"": ""down"", ""lookback"": 20, ""max_range_bps"": 200.0}",5,no_lower_price_in_next_h_observations,1,1,0.0064516129032258064,0.0,0.24666666666666667,0.0,1.0,8.169173836576338,,,,-82.82156467704027,-13.023213960576431,,,2024-05-17,2024-05-17
KZT,corridor_exit_down_L20_r200_b25bp,corridor_exit_down,favourable_now,"{""breakout_bps"": 25.0, ""direction"": ""down"", ""lookback"": 20, ""max_range_bps"": 200.0}",5,no_lower_price_in_next_h_observations,1,1,0.0064516129032258064,0.0,0.25,0.0,1.0,8.169173836576338,,,,-82.82156467704027,-6.36272930143955,,,2024-05-17,2024-05-17
KZT,corridor_exit_down_L20_r400_b0bp,corridor_exit_down,favourable_now,"{""breakout_bps"": 0.0, ""direction"": ""down"", ""lookback"": 20, ""max_range_bps"": 400.0}",5,no_lower_price_in_next_h_observations,14,14,0.09032258064516129,0.21428571428571427,0.2516666666666666,0.8514664143803219,0.7009966777408638,62.309156786775624,32.51561581861773,94.83764583756015,0.0033222591362126247,-4.740175726275331,-7.808547068587816,52.0,178.0,2023-11-21,2026-05-15
KZT,corridor_exit_down_L20_r400_b25bp,corridor_exit_down,favourable_now,"{""breakout_bps"": 25.0, ""direction"": ""down"", ""lookback"": 20, ""max_range_bps"": 400.0}",5,no_lower_price_in_next_h_observations,13,13,0.08387096774193549,0.23076923076923078,0.2753846153846154,0.8379888268156425,0.7342192691029901,71.98909721090395,41.91133407294809,104.01533406870628,0.0033222591362126247,14.18115100899568,-0.08910602475420944,57.0,182.0,2023-11-21,2026-05-15
KZT,corridor_exit_down_L20_r400_b50bp,corridor_exit_down,favourable_now,"{""breakout_bps"": 50.0, ""direction"": ""down"", ""lookback"": 20, ""max_range_bps"": 400.0}",5,no_lower_price_in_next_h_observations,12,12,0.07741935483870968,0.25,0.2769444444444444,0.9027081243731195,0.7142857142857143,74.87950318894968,46.290361602340134,105.61695925258566,0.0033222591362126247,8.494807454402888,4.934878943479752,62.0,191.0,2023-11-21,2026-05-15
KZT,corridor_exit_down_L5_r100_b0bp,corridor_exit_down,favourable_now,"{""breakout_bps"": 0.0, ""direction"": ""down"", ""lookback"": 5, ""max_range_bps"": 100.0}",5,no_lower_price_in_next_h_observations,34,34,0.21935483870967742,0.17647058823529413,0.2622549019607843,0.6728971962616822,0.9136212624584718,36.2329671052,16.267984592563863,57.651935993481835,0.0033222591362126247,-54.323235955876825,-7.362175860301863,22.0,112.0,2023-09-12,2026-07-28
KZT,corridor_exit_down_L5_r100_b25bp,corridor_exit_down,favourable_now,"{""breakout_bps"": 25.0, ""direction"": ""down"", ""lookback"": 5, ""max_range_bps"": 100.0}",5,no_lower_price_in_next_h_observations,29,29,0.1870967741935484,0.20689655172413793,0.2620689655172414,0.7894736842105262,0.8039867109634552,59.35190800604856,32.20127824776997,85.64924565731103,0.0033222591362126247,-43.673692995937884,-6.996746142142154,27.0,112.0,2023-09-12,2026-07-28
KZT,corridor_exit_down_L5_r100_b50bp,corridor_exit_down,favourable_now,"{""breakout_bps"": 50.0, ""direction"": ""down"", ""lookback"": 5, ""max_range_bps"": 100.0}",5,no_lower_price_in_next_h_observations,23,23,0.14838709677419354,0.21739130434782608,0.2665217391304348,0.8156606851549755,0.8006644518272426,64.8849828059799,37.63133277871472,93.35082909762365,0.0033222591362126247,-62.593426553204026,-3.042837100371611,44.0,112.0,2023-09-12,2026-07-28
KZT,corridor_exit_down_L5_r200_b0bp,corridor_exit_down,favourable_now,"{""breakout_bps"": 0.0, ""direction"": ""down"", ""lookback"": 5, ""max_range_bps"": 200.0}",5,no_lower_price_in_next_h_observations,60,60,0.3870967741935484,0.2,0.2665,0.7504690431519699,0.9235880398671097,45.612734522490264,29.381837141981066,58.38470441024164,0.0033222591362126247,-43.18946436118946,-3.1982913326288176,14.0,61.0,2023-09-12,2026-07-28
KZT,corridor_exit_down_L5_r200_b25bp,corridor_exit_down,favourable_now,"{""breakout_bps"": 25.0, ""direction"": ""down"", ""lookback"": 5, ""max_range_bps"": 200.0}",5,no_lower_price_in_next_h_observations,50,50,0.3225806451612903,0.24,0.2616,0.9174311926605504,0.6843853820598007,62.88091182700668,45.39298580475857,79.00146318253631,0.0033222591362126247,-22.922901078860882,-5.442323658455959,18.0,61.0,2023-09-12,2026-07-28
KZT,corridor_exit_down_L5_r200_b50bp,corridor_exit_down,favourable_now,"{""breakout_bps"": 50.0, ""direction"": ""down"", ""lookback"": 5, ""max_range_bps"": 200.0}",5,no_lower_price_in_next_h_observations,42,42,0.2709677419354839,0.21428571428571427,0.2619047619047619,0.8181818181818181,0.8205980066445183,64.72122441161082,47.09415078186887,83.68285569479744,0.0033222591362126247,-45.42766511770588,-5.602106330480945,20.0,81.0,2023-09-12,2026-07-28
KZT,corridor_exit_down_L5_r400_b0bp,corridor_exit_down,favourable_now,"{""breakout_bps"": 0.0, ""direction"": ""down"", ""lookback"": 5, ""max_range_bps"": 400.0}",5,no_lower_price_in_next_h_observations,75,75,0.4838709677419355,0.26666666666666666,0.2636,1.0116337885685383,0.5116279069767442,65.78563492854245,48.84556032795885,84.59129090102573,0.0033222591362126247,-24.633802162486322,-6.204666356677303,10.5,49.0,2023-09-12,2026-07-28
KZT,corridor_exit_down_L5_r400_b25bp,corridor_exit_down,favourable_now,"{""breakout_bps"": 25.0, ""direction"": ""down"", ""lookback"": 5, ""max_range_bps"": 400.0}",5,no_lower_price_in_next_h_observations,65,65,0.41935483870967744,0.3076923076923077,0.2602564102564103,1.1822660098522166,0.25249169435215946,86.61993425519185,67.69554254274111,105.59030236762635,0.0033222591362126247,-10.976296725243344,-8.505931664319894,13.0,49.0,2023-09-12,2026-07-28
KZT,corridor_exit_down_L5_r400_b50bp,corridor_exit_down,favourable_now,"{""breakout_bps"": 50.0, ""direction"": ""down"", ""lookback"": 5, ""max_range_bps"": 400.0}",5,no_lower_price_in_next_h_observations,52,52,0.33548387096774196,0.28846153846153844,0.2578205128205128,1.1188463451019393,0.3521594684385382,91.21910723227792,69.99863910297866,113.962307904937,0.0033222591362126247,-17.91528205599099,-10.657435476639197,15.0,81.0,2023-09-12,2026-07-28
KZT,corridor_exit_down_L5_r50_b0bp,corridor_exit_down,favourable_now,"{""breakout_bps"": 0.0, ""direction"": ""down"", ""lookback"": 5, ""max_range_bps"": 50.0}",5,no_lower_price_in_next_h_observations,3,3,0.01935483870967742,0.0,0.2677777777777778,0.0,1.0,-3.216376632745321,-24.998145097379396,16.46923755499463,0.6777408637873754,-222.61316909310435,-11.98039220988602,449.5,634.0,2023-10-21,2026-04-07
KZT,corridor_exit_down_L5_r50_b25bp,corridor_exit_down,favourable_now,"{""breakout_bps"": 25.0, ""direction"": ""down"", ""lookback"": 5, ""max_range_bps"": 50.0}",5,no_lower_price_in_next_h_observations,3,3,0.01935483870967742,0.0,0.2544444444444445,0.0,1.0,-3.216376632745321,-30.53083451309946,16.46923755499463,0.6013289036544851,-222.61316909310435,-5.0593219098515165,449.5,634.0,2023-10-21,2026-04-07
KZT,corridor_exit_down_L5_r50_b50bp,corridor_exit_down,favourable_now,"{""breakout_bps"": 50.0, ""direction"": ""down"", ""lookback"": 5, ""max_range_bps"": 50.0}",5,no_lower_price_in_next_h_observations,3,3,0.01935483870967742,0.0,0.2633333333333333,0.0,1.0,-3.216376632745321,-30.53083451309946,16.46923755499463,0.6378737541528239,-222.61316909310435,-8.13744020273131,449.5,634.0,2023-10-21,2026-04-07
TJS,corridor_exit_down_L10_r100_b0bp,corridor_exit_down,favourable_now,"{""breakout_bps"": 0.0, ""direction"": ""down"", ""lookback"": 10, ""max_range_bps"": 100.0}",5,no_lower_price_in_next_h_observations,4,4,0.025806451612903226,0.0,0.3358333333333333,0.0,1.0,37.559150843302355,-17.35169304363515,92.46999473023985,0.07641196013289037,-57.39514000564854,7.470186753948619,35.0,486.0,2024-05-22,2025-11-22
TJS,corridor_exit_down_L10_r100_b25bp,corridor_exit_down,favourable_now,"{""breakout_bps"": 25.0, ""direction"": ""down"", ""lookback"": 10, ""max_range_bps"": 100.0}",5,no_lower_price_in_next_h_observations,3,3,0.01935483870967742,0.0,0.3111111111111111,0.0,1.0,56.12197919872958,-16.57405186429095,94.18511825752152,0.0033222591362126247,-19.630677559247335,6.8612103116478105,260.5,486.0,2024-06-19,2025-11-22
TJS,corridor_exit_down_L10_r100_b50bp,corridor_exit_down,favourable_now,"{""breakout_bps"": 50.0, ""direction"": ""down"", ""lookback"": 10, ""max_range_bps"": 100.0}",5,no_lower_price_in_next_h_observations,3,3,0.01935483870967742,0.0,0.29777777777777775,0.0,1.0,56.12197919872958,-16.57405186429095,94.18511825752152,0.0033222591362126247,-19.630677559247335,10.650681864146984,260.5,486.0,2024-06-19,2025-11-22
TJS,corridor_exit_down_L10_r200_b0bp,corridor_exit_down,favourable_now,"{""breakout_bps"": 0.0, ""direction"": ""down"", ""lookback"": 10, ""max_range_bps"": 200.0}",5,no_lower_price_in_next_h_observations,14,14,0.09032258064516129,0.0,0.3185714285714285,0.0,1.0,34.79154286153632,9.39035926626774,62.66567846549228,0.013289036544850499,-97.9940737596709,10.596058030861135,40.0,398.0,2023-11-10,2026-05-13
TJS,corridor_exit_down_L10_r200_b25bp,corridor_exit_down,favourable_now,"{""breakout_bps"": 25.0, ""direction"": ""down"", ""lookback"": 10, ""max_range_bps"": 200.0}",5,no_lower_price_in_next_h_observations,13,13,0.08387096774193549,0.0,0.3071794871794872,0.0,1.0,33.00827103335235,1.2983576987747996,60.541687288078826,0.009966777408637873,-96.72199743589623,4.715524153165376,45.5,398.0,2023-11-15,2026-05-13
TJS,corridor_exit_down_L10_r200_b50bp,corridor_exit_down,favourable_now,"{""breakout_bps"": 50.0, ""direction"": ""down"", ""lookback"": 10, ""max_range_bps"": 200.0}",5,no_lower_price_in_next_h_observations,12,12,0.07741935483870968,0.0,0.30194444444444446,0.0,1.0,57.2391732941461,21.57604364315729,88.20380275441359,0.0033222591362126247,-50.43431423882999,-0.06354532496198582,51.0,398.0,2023-11-15,2026-05-13
TJS,corridor_exit_down_L10_r400_b0bp,corridor_exit_down,favourable_now,"{""breakout_bps"": 0.0, ""direction"": ""down"", ""lookback"": 10, ""max_range_bps"": 400.0}",5,no_lower_price_in_next_h_observations,38,38,0.24516129032258063,0.2894736842105263,0.3192982456140351,0.9065934065934067,0.6910299003322259,96.33056193826323,62.56955278466203,136.11267214807762,0.0033222591362126247,23.314197719245946,3.592666328565998,18.0,112.0,2023-09-13,2026-05-19
TJS,corridor_exit_down_L10_r400_b25bp,corridor_exit_down,favourable_now,"{""breakout_bps"": 25.0, ""direction"": ""down"", ""lookback"": 10, ""max_range_bps"": 400.0}",5,no_lower_price_in_next_h_observations,33,33,0.2129032258064516,0.30303030303030304,0.30606060606060603,0.9900990099009902,0.5980066445182725,91.75092854219878,50.20274032044079,131.7494249369718,0.0033222591362126247,23.208413597725347,2.399451958274989,21.5,112.0,2023-09-13,2026-05-19
TJS,corridor_exit_down_L10_r400_b50bp,corridor_exit_down,favourable_now,"{""breakout_bps"": 50.0, ""direction"": ""down"", ""lookback"": 10, ""max_range_bps"": 400.0}",5,no_lower_price_in_next_h_observations,27,27,0.17419354838709677,0.2962962962962963,0.3106172839506173,0.9538950715421304,0.6312292358803987,89.01593611083369,52.80523046535872,128.30984111140614,0.0033222591362126247,20.85916328361007,3.3373489010195585,31.0,140.0,2023-09-13,2026-05-19
TJS,corridor_exit_down_L10_r50_b0bp,corridor_exit_down,favourable_now,"{""breakout_bps"": 0.0, ""direction"": ""down"", ""lookback"": 10, ""max_range_bps"": 50.0}",5,no_lower_price_in_next_h_observations,1,1,0.0064516129032258064,0.0,0.29333333333333333,0.0,1.0,-16.57405186429095,,,,-73.75647415225339,-2.304928820452883,,,2024-07-24,2024-07-24
TJS,corridor_exit_down_L10_r50_b25bp,corridor_exit_down,favourable_now,"{""breakout_bps"": 25.0, ""direction"": ""down"", ""lookback"": 10, ""max_range_bps"": 50.0}",5,no_lower_price_in_next_h_observations,1,1,0.0064516129032258064,0.0,0.30666666666666664,0.0,1.0,-16.57405186429095,,,,-73.75647415225339,30.811345012149722,,,2024-07-24,2024-07-24
TJS,corridor_exit_down_L10_r50_b50bp,corridor_exit_down,favourable_now,"{""breakout_bps"": 50.0, ""direction"": ""down"", ""lookback"": 10, ""max_range_bps"": 50.0}",5,no_lower_price_in_next_h_observations,1,1,0.0064516129032258064,0.0,0.31333333333333335,0.0,1.0,-16.57405186429095,,,,-73.75647415225339,4.7286270286806555,,,2024-07-24,2024-07-24
TJS,corridor_exit_down_L20_r200_b0bp,corridor_exit_down,favourable_now,"{""breakout_bps"": 0.0, ""direction"": ""down"", ""lookback"": 20, ""max_range_bps"": 200.0}",5,no_lower_price_in_next_h_observations,1,1,0.0064516129032258064,0.0,0.31666666666666665,0.0,1.0,10.693208710672586,,,,-285.6432075218973,23.354627751996063,,,2026-05-14,2026-05-14
TJS,corridor_exit_down_L20_r200_b25bp,corridor_exit_down,favourable_now,"{""breakout_bps"": 25.0, ""direction"": ""down"", ""lookback"": 20, ""max_range_bps"": 200.0}",5,no_lower_price_in_next_h_observations,1,1,0.0064516129032258064,0.0,0.3233333333333333,0.0,1.0,10.693208710672586,,,,-285.6432075218973,24.46912442719654,,,2026-05-14,2026-05-14
TJS,corridor_exit_down_L20_r200_b50bp,corridor_exit_down,favourable_now,"{""breakout_bps"": 50.0, ""direction"": ""down"", ""lookback"": 20, ""max_range_bps"": 200.0}",5,no_lower_price_in_next_h_observations,1,1,0.0064516129032258064,0.0,0.33,0.0,1.0,10.693208710672586,,,,-285.6432075218973,10.521890591534918,,,2026-05-14,2026-05-14
TJS,corridor_exit_down_L20_r400_b0bp,corridor_exit_down,favourable_now,"{""breakout_bps"": 0.0, ""direction"": ""down"", ""lookback"": 20, ""max_range_bps"": 400.0}",5,no_lower_price_in_next_h_observations,15,15,0.0967741935483871,0.3333333333333333,0.3217777777777778,1.0359116022099446,0.5813953488372093,69.59437665905017,40.09640213200156,111.8247300111159,0.009966777408637873,64.72542661679633,5.074840669658911,45.0,386.0,2024-01-11,2026-05-19
TJS,corridor_exit_down_L20_r400_b25bp,corridor_exit_down,favourable_now,"{""breakout_bps"": 25.0, ""direction"": ""down"", ""lookback"": 20, ""max_range_bps"": 400.0}",5,no_lower_price_in_next_h_observations,10,10,0.06451612903225806,0.3,0.31666666666666665,0.9473684210526316,0.6478405315614618,76.12169448855721,45.06366364621527,122.20432485878807,0.0033222591362126247,64.07547148188607,5.4022764318861585,55.0,484.0,2024-01-12,2026-05-20
TJS,corridor_exit_down_L20_r400_b50bp,corridor_exit_down,favourable_now,"{""breakout_bps"": 50.0, ""direction"": ""down"", ""lookback"": 20, ""max_range_bps"": 400.0}",5,no_lower_price_in_next_h_observations,6,6,0.03870967741935484,0.16666666666666666,0.31222222222222223,0.5338078291814946,0.9169435215946844,104.84038494301313,64.24173647161952,161.85193990474824,0.0033222591362126247,79.12048193829163,4.324354905847479,137.0,484.0,2024-01-12,2026-05-20
TJS,corridor_exit_down_L5_r100_b0bp,corridor_exit_down,favourable_now,"{""breakout_bps"": 0.0, ""direction"": ""down"", ""lookback"": 5, ""max_range_bps"": 100.0}",5,no_lower_price_in_next_h_observations,32,32,0.2064516129032258,0.15625,0.31083333333333335,0.5026809651474531,0.9900332225913622,15.239301845597353,0.5032772339737664,28.26397181467093,0.019933554817275746,-38.32863314897183,0.22669550809575525,22.0,112.0,2023-09-22,2026-07-25
TJS,corridor_exit_down_L5_r100_b25bp,corridor_exit_down,favourable_now,"{""breakout_bps"": 25.0, ""direction"": ""down"", ""lookback"": 5, ""max_range_bps"": 100.0}",5,no_lower_price_in_next_h_observations,25,25,0.16129032258064516,0.2,0.3218666666666667,0.6213753106876553,0.9368770764119602,20.707919590379653,-1.3248625466996082,42.09027877326452,0.04318936877076412,-41.819319750455236,7.233232168163297,31.5,109.0,2023-10-21,2026-07-25
TJS,corridor_exit_down_L5_r100_b50bp,corridor_exit_down,favourable_now,"{""breakout_bps"": 50.0, ""direction"": ""down"", ""lookback"": 5, ""max_range_bps"": 100.0}",5,no_lower_price_in_next_h_observations,17,17,0.10967741935483871,0.17647058823529413,0.32039215686274514,0.5507955936352509,0.9501661129568106,39.71266953393802,10.245766371710445,70.43999867116977,0.013289036544850499,-44.688169995289726,4.871558602083482,39.5,168.0,2023-10-21,2026-01-17
TJS,corridor_exit_down_L5_r200_b0bp,corridor_exit_down,favourable_now,"{""breakout_bps"": 0.0, ""direction"": ""down"", ""lookback"": 5, ""max_range_bps"": 200.0}",5,no_lower_price_in_next_h_observations,53,53,0.3419354838709677,0.22641509433962265,0.31937106918238994,0.7089405277668374,0.9435215946843853,28.26718731791696,13.090853781906803,42.84233409991927,0.0033222591362126247,-42.40437947063623,6.6386410693671145,16.5,60.0,2023-09-12,2026-08-21
TJS,corridor_exit_down_L5_r200_b25bp,corridor_exit_down,favourable_now,"{""breakout_bps"": 25.0, ""direction"": ""down"", ""lookback"": 5, ""max_range_bps"": 200.0}",5,no_lower_price_in_next_h_observations,44,44,0.2838709677419355,0.25,0.3137878787878787,0.7967165620473203,0.8637873754152824,43.643416594687814,23.28340450982255,63.56021001069786,0.0033222591362126247,-28.043967749238185,6.349784486868599,18.0,109.0,2023-09-13,2026-08-21
TJS,corridor_exit_down_L5_r200_b50bp,corridor_exit_down,favourable_now,"{""breakout_bps"": 50.0, ""direction"": ""down"", ""lookback"": 5, ""max_range_bps"": 200.0}",5,no_lower_price_in_next_h_observations,38,38,0.24516129032258063,0.2894736842105263,0.3087719298245614,0.9375,0.6445182724252492,69.05645620405471,46.54259140197149,93.62686082024007,0.0033222591362126247,-16.664534154801714,4.061434509050915,21.0,109.0,2023-09-13,2026-07-08
TJS,corridor_exit_down_L5_r400_b0bp,corridor_exit_down,favourable_now,"{""breakout_bps"": 0.0, ""direction"": ""down"", ""lookback"": 5, ""max_range_bps"": 400.0}",5,no_lower_price_in_next_h_observations,66,66,0.4258064516129032,0.25757575757575757,0.315050505050505,0.8175697338890671,0.8903654485049833,50.26841151695395,31.450192436783286,78.04656085749357,0.0033222591362126247,-23.62993043365468,8.531640915621859,12.0,60.0,2023-09-12,2026-08-21
TJS,corridor_exit_down_L5_r400_b25bp,corridor_exit_down,favourable_now,"{""breakout_bps"": 25.0, ""direction"": ""down"", ""lookback"": 5, ""max_range_bps"": 400.0}",5,no_lower_price_in_next_h_observations,57,57,0.36774193548387096,0.2982456140350877,0.3190643274853801,0.9347507331378299,0.6777408637873754,63.68480212790148,40.7917230915239,90.60424176342882,0.0033222591362126247,-14.534596899823933,7.521471038906888,13.5,109.0,2023-09-13,2026-08-21
TJS,corridor_exit_down_L5_r400_b50bp,corridor_exit_down,favourable_now,"{""breakout_bps"": 50.0, ""direction"": ""down"", ""lookback"": 5, ""max_range_bps"": 400.0}",5,no_lower_price_in_next_h_observations,47,47,0.3032258064516129,0.3404255319148936,0.31283687943262406,1.0881886193606893,0.3853820598006645,77.0839895572809,51.89885956405933,103.37493883518944,0.0033222591362126247,-6.216286992753134,3.7509601046692516,16.5,109.0,2023-09-13,2026-07-08
TJS,corridor_exit_down_L5_r50_b0bp,corridor_exit_down,favourable_now,"{""breakout_bps"": 0.0, ""direction"": ""down"", ""lookback"": 5, ""max_range_bps"": 50.0}",5,no_lower_price_in_next_h_observations,12,12,0.07741935483870968,0.25,0.31777777777777777,0.7867132867132868,0.7906976744186046,13.434161374580588,-14.715718282418596,49.565676303689955,0.23588039867109634,-55.725368332213236,12.56575517192769,58.0,314.0,2023-10-21,2026-07-25
TJS,corridor_exit_down_L5_r50_b25bp,corridor_exit_down,favourable_now,"{""breakout_bps"": 25.0, ""direction"": ""down"", ""lookback"": 5, ""max_range_bps"": 50.0}",5,no_lower_price_in_next_h_observations,8,8,0.05161290322580645,0.375,0.31875,1.1764705882352942,0.4983388704318937,30.97710694757366,-0.18487963948030725,70.70817174369688,0.07641196013289037,-55.74624554054664,6.9101036757386645,69.0,478.0,2023-10-21,2026-07-25
TJS,corridor_exit_down_L5_r50_b50bp,corridor_exit_down,favourable_now,"{""breakout_bps"": 50.0, ""direction"": ""down"", ""lookback"": 5, ""max_range_bps"": 50.0}",5,no_lower_price_in_next_h_observations,5,5,0.03225806451612903,0.4,0.31933333333333336,1.2526096033402923,0.5049833887043189,25.966342930856534,-15.52764076236288,62.946690793777016,0.11627906976744186,-111.16657369497273,7.26913836644021,133.0,478.0,2023-10-21,2025-11-14
UZS,corridor_exit_down_L10_r100_b0bp,corridor_exit_down,favourable_now,"{""breakout_bps"": 0.0, ""direction"": ""down"", ""lookback"": 10, ""max_range_bps"": 100.0}",5,no_lower_price_in_next_h_observations,3,3,0.01935483870967742,0.0,0.2577777777777778,0.0,1.0,13.889671521601551,-32.044893274649766,56.12403292024615,0.2558139534883721,-66.83505305455917,-3.9453196240935906,299.5,486.0,2024-04-02,2025-11-22
UZS,corridor_exit_down_L10_r100_b25bp,corridor_exit_down,favourable_now,"{""breakout_bps"": 25.0, ""direction"": ""down"", ""lookback"": 10, ""max_range_bps"": 100.0}",5,no_lower_price_in_next_h_observations,2,2,0.012903225806451613,0.5,0.30333333333333334,1.6483516483516483,0.5116279069767442,50.875594141380766,45.62715536251538,56.12403292024615,0.0033222591362126247,28.19100337514591,-8.88523434043273,596.0,596.0,2024-04-05,2025-11-22
UZS,corridor_exit_down_L10_r100_b50bp,corridor_exit_down,favourable_now,"{""breakout_bps"": 50.0, ""direction"": ""down"", ""lookback"": 10, ""max_range_bps"": 100.0}",5,no_lower_price_in_next_h_observations,1,1,0.0064516129032258064,0.0,0.2633333333333333,0.0,1.0,56.12403292024615,,,,-90.47802127401971,-1.716808490992183,,,2025-11-22,2025-11-22
UZS,corridor_exit_down_L10_r200_b0bp,corridor_exit_down,favourable_now,"{""breakout_bps"": 0.0, ""direction"": ""down"", ""lookback"": 10, ""max_range_bps"": 200.0}",5,no_lower_price_in_next_h_observations,17,17,0.10967741935483871,0.17647058823529413,0.2852941176470588,0.6185567010309279,0.8870431893687708,40.524108402128135,17.019843214891182,67.86201975215172,0.009966777408637873,-38.93940415275361,-5.2762044017790455,35.0,213.0,2023-11-09,2026-05-08
UZS,corridor_exit_down_L10_r200_b25bp,corridor_exit_down,favourable_now,"{""breakout_bps"": 25.0, ""direction"": ""down"", ""lookback"": 10, ""max_range_bps"": 200.0}",5,no_lower_price_in_next_h_observations,15,15,0.0967741935483871,0.13333333333333333,0.27155555555555555,0.4909983633387889,0.9534883720930233,44.36648880876781,25.36949980706068,66.4771563283233,0.006644518272425249,-38.44624477306202,-11.319034757054363,38.5,261.0,2023-11-09,2026-05-08
UZS,corridor_exit_down_L10_r200_b50bp,corridor_exit_down,favourable_now,"{""breakout_bps"": 50.0, ""direction"": ""down"", ""lookback"": 10, ""max_range_bps"": 200.0}",5,no_lower_price_in_next_h_observations,9,9,0.05806451612903226,0.1111111111111111,0.2977777777777778,0.3731343283582089,0.9501661129568106,56.10471930440521,31.405844738266556,91.52591291245415,0.0033222591362126247,-15.25322950724458,-0.9484440523931501,58.0,268.0,2024-03-01,2026-05-08
UZS,corridor_exit_down_L10_r400_b0bp,corridor_exit_down,favourable_now,"{""breakout_bps"": 0.0, ""direction"": ""down"", ""lookback"": 10, ""max_range_bps"": 400.0}",5,no_lower_price_in_next_h_observations,39,39,0.25161290322580643,0.20512820512820512,0.29427350427350424,0.6970665117629975,0.920265780730897,59.234258374901,31.710521171031868,95.68178541375057,0.0033222591362126247,-26.13718103110102,-3.28544777690604,20.0,78.0,2023-09-13,2026-05-19
UZS,corridor_exit_down_L10_r400_b25bp,corridor_exit_down,favourable_now,"{""breakout_bps"": 25.0, ""direction"": ""down"", ""lookback"": 10, ""max_range_bps"": 400.0}",5,no_lower_price_in_next_h_observations,33,33,0.2129032258064516,0.21212121212121213,0.28737373737373734,0.7381370826010546,0.867109634551495,60.308455101479026,37.17570686150952,84.79848486857875,0.0033222591362126247,-39.45759675736927,-4.955225913272218,27.0,112.0,2023-09-13,2026-05-19
UZS,corridor_exit_down_L10_r400_b50bp,corridor_exit_down,favourable_now,"{""breakout_bps"": 50.0, ""direction"": ""down"", ""lookback"": 10, ""max_range_bps"": 400.0}",5,no_lower_price_in_next_h_observations,26,26,0.16774193548387098,0.23076923076923078,0.28820512820512817,0.8007117437722422,0.7674418604651163,61.00597766057997,27.399415757372772,88.13383717119879,0.0033222591362126247,-28.13895873992308,-9.218981874598684,31.0,140.0,2023-09-13,2026-05-19
UZS,corridor_exit_down_L20_r400_b0bp,corridor_exit_down,favourable_now,"{""breakout_bps"": 0.0, ""direction"": ""down"", ""lookback"": 20, ""max_range_bps"": 400.0}",5,no_lower_price_in_next_h_observations,16,16,0.1032258064516129,0.1875,0.29541666666666666,0.6346967559943583,0.9036544850498339,42.962119248850385,21.75525718760991,77.21610664247889,0.006644518272425249,41.210576639497404,-4.449085669808846,26.0,289.0,2024-03-07,2026-05-19
UZS,corridor_exit_down_L20_r400_b25bp,corridor_exit_down,favourable_now,"{""breakout_bps"": 25.0, ""direction"": ""down"", ""lookback"": 20, ""max_range_bps"": 400.0}",5,no_lower_price_in_next_h_observations,13,13,0.08387096774193549,0.15384615384615385,0.2884615384615385,0.5333333333333333,0.9435215946843853,42.9370790562231,29.240163931108214,62.70829902941858,0.0033222591362126247,-1.965113858557041,-7.009087536818303,36.5,338.0,2024-03-07,2026-05-19
UZS,corridor_exit_down_L20_r400_b50bp,corridor_exit_down,favourable_now,"{""breakout_bps"": 50.0, ""direction"": ""down"", ""lookback"": 20, ""max_range_bps"": 400.0}",5,no_lower_price_in_next_h_observations,9,9,0.05806451612903226,0.2222222222222222,0.28074074074074074,0.7915567282321899,0.7641196013289037,60.27532729742447,32.66663582943392,90.46377091382337,0.0033222591362126247,46.23791098498308,-13.546078646260614,63.5,345.0,2024-03-07,2026-05-19
UZS,corridor_exit_down_L5_r100_b0bp,corridor_exit_down,favourable_now,"{""breakout_bps"": 0.0, ""direction"": ""down"", ""lookback"": 5, ""max_range_bps"": 100.0}",5,no_lower_price_in_next_h_observations,32,32,0.2064516129032258,0.125,0.29010416666666666,0.43087971274685816,0.9966777408637874,-0.6727962119518192,-17.059585440953445,14.188815835521154,0.5083056478405316,-101.626619475845,-2.614718635668449,20.0,176.0,2023-09-22,2026-05-19
UZS,corridor_exit_down_L5_r100_b25bp,corridor_exit_down,favourable_now,"{""breakout_bps"": 25.0, ""direction"": ""down"", ""lookback"": 5, ""max_range_bps"": 100.0}",5,no_lower_price_in_next_h_observations,25,25,0.16129032258064516,0.08,0.28813333333333335,0.2776492364645997,1.0,4.692739046441919,-15.330337205592208,24.840672719208285,0.30564784053156147,-111.12480017337113,-3.4947893120659295,30.0,176.0,2023-10-21,2026-05-19
UZS,corridor_exit_down_L5_r100_b50bp,corridor_exit_down,favourable_now,"{""breakout_bps"": 50.0, ""direction"": ""down"", ""lookback"": 5, ""max_range_bps"": 100.0}",5,no_lower_price_in_next_h_observations,17,17,0.10967741935483871,0.058823529411764705,0.2862745098039216,0.20547945205479448,1.0,19.20438076225198,0.06300856506387054,48.15982206049354,0.07641196013289037,-98.67361698830146,-2.0278883038352005,39.0,189.0,2023-10-21,2026-05-19
UZS,corridor_exit_down_L5_r200_b0bp,corridor_exit_down,favourable_now,"{""breakout_bps"": 0.0, ""direction"": ""down"", ""lookback"": 5, ""max_range_bps"": 200.0}",5,no_lower_price_in_next_h_observations,59,59,0.38064516129032255,0.2542372881355932,0.2910169491525424,0.87361677344205,0.7873754152823921,34.12162501398882,17.91355758052922,52.05940585612245,0.0033222591362126247,-33.90004191527061,-5.328331641721994,12.5,61.0,2023-09-12,2026-08-22
UZS,corridor_exit_down_L5_r200_b25bp,corridor_exit_down,favourable_now,"{""breakout_bps"": 25.0, ""direction"": ""down"", ""lookback"": 5, ""max_range_bps"": 200.0}",5,no_lower_price_in_next_h_observations,48,48,0.3096774193548387,0.22916666666666666,0.29520833333333335,0.7762879322512349,0.8903654485049833,47.289986542302096,24.231193694581826,69.84349445534555,0.0033222591362126247,-33.80620216975533,-2.0926530485432937,18.0,63.0,2023-09-12,2026-08-22
UZS,corridor_exit_down_L5_r200_b50bp,corridor_exit_down,favourable_now,"{""breakout_bps"": 50.0, ""direction"": ""down"", ""lookback"": 5, ""max_range_bps"": 200.0}",5,no_lower_price_in_next_h_observations,37,37,0.23870967741935484,0.24324324324324326,0.29108108108108105,0.8356545961002787,0.7740863787375415,63.68876087654083,38.88331435696601,88.44083409276165,0.0033222591362126247,-15.293780364985734,-3.4374428229265805,27.0,112.0,2023-09-13,2026-08-22
UZS,corridor_exit_down_L5_r400_b0bp,corridor_exit_down,favourable_now,"{""breakout_bps"": 0.0, ""direction"": ""down"", ""lookback"": 5, ""max_range_bps"": 400.0}",5,no_lower_price_in_next_h_observations,78,78,0.5032258064516129,0.2564102564102564,0.29299145299145296,0.8751458576429405,0.7973421926910299,52.17029679784619,31.699667655077228,75.27459164431063,0.0033222591362126247,-19.798517344611927,-4.813182646464043,11.0,47.0,2023-09-12,2026-08-22
UZS,corridor_exit_down_L5_r400_b25bp,corridor_exit_down,favourable_now,"{""breakout_bps"": 25.0, ""direction"": ""down"", ""lookback"": 5, ""max_range_bps"": 400.0}",5,no_lower_price_in_next_h_observations,63,63,0.4064516129032258,0.20634920634920634,0.28629629629629627,0.7207540195897246,0.9435215946843853,53.46595426969105,36.74585856705473,72.45963610552914,0.0033222591362126247,-40.142894065695856,-3.9671234556538737,13.0,54.0,2023-09-12,2026-08-22
UZS,corridor_exit_down_L5_r400_b50bp,corridor_exit_down,favourable_now,"{""breakout_bps"": 50.0, ""direction"": ""down"", ""lookback"": 5, ""max_range_bps"": 400.0}",5,no_lower_price_in_next_h_observations,53,53,0.3419354838709677,0.24528301886792453,0.28503144654088053,0.8605472197705206,0.7940199335548173,68.87151097987706,50.06858343917515,87.78081407811258,0.0033222591362126247,-22.995929980237523,-6.153447059033412,16.5,93.0,2023-09-13,2026-08-22
UZS,corridor_exit_down_L5_r50_b0bp,corridor_exit_down,favourable_now,"{""breakout_bps"": 0.0, ""direction"": ""down"", ""lookback"": 5, ""max_range_bps"": 50.0}",5,no_lower_price_in_next_h_observations,9,9,0.05806451612903226,0.1111111111111111,0.28740740740740744,0.3865979381443298,0.946843853820598,2.282909954631269,-20.888670846469907,25.061682374765635,0.45182724252491696,-58.73493200888642,-3.292473824804684,53.5,273.0,2023-10-21,2025-12-02
UZS,corridor_exit_down_L5_r50_b25bp,corridor_exit_down,favourable_now,"{""breakout_bps"": 25.0, ""direction"": ""down"", ""lookback"": 5, ""max_range_bps"": 50.0}",5,no_lower_price_in_next_h_observations,8,8,0.05161290322580645,0.125,0.28583333333333333,0.43731778425655976,0.9435215946843853,15.255674274612662,-5.337776809842792,33.76803738067825,0.07308970099667775,-34.711480520819435,-10.02269052513718,67.0,269.0,2023-10-21,2025-12-02
UZS,corridor_exit_down_L5_r50_b50bp,corridor_exit_down,favourable_now,"{""breakout_bps"": 50.0, ""direction"": ""down"", ""lookback"": 5, ""max_range_bps"": 50.0}",5,no_lower_price_in_next_h_observations,4,4,0.025806451612903226,0.0,0.325,0.0,1.0,21.967664469531023,-10.66344240383155,48.886694068730755,0.04983388704318937,-68.589557692032,-2.7794443464736505,269.0,318.0,2023-10-21,2025-12-02
AMD,corridor_exit_up_L10_r100_b0bp,corridor_exit_up,window_closing,"{""breakout_bps"": 0.0, ""direction"": ""up"", ""lookback"": 10, ""max_range_bps"": 100.0}",5,rub_per_unit_at_T_plus_h_is_higher_than_at_T,4,4,0.025806451612903226,0.5,0.5008333333333334,0.9983361064891847,0.6877076411960132,22.254958483757527,-9.254179617784462,79.40943748636853,0.1362126245847176,184.6097014897727,2.173982866501407,42.0,352.0,2024-07-17,2025-09-04
AMD,corridor_exit_up_L10_r100_b25bp,corridor_exit_up,window_closing,"{""breakout_bps"": 25.0, ""direction"": ""up"", ""lookback"": 10, ""max_range_bps"": 100.0}",5,rub_per_unit_at_T_plus_h_is_higher_than_at_T,2,2,0.012903225806451613,1.0,0.4816666666666667,2.0761245674740483,0.23588039867109634,68.9841072846864,67.52159815271774,70.44661641665506,0.0033222591362126247,352.8200565006845,-13.338538579565553,42.0,42.0,2025-07-25,2025-09-05
AMD,corridor_exit_up_L10_r100_b50bp,corridor_exit_up,window_closing,"{""breakout_bps"": 50.0, ""direction"": ""up"", ""lookback"": 10, ""max_range_bps"": 100.0}",5,rub_per_unit_at_T_plus_h_is_higher_than_at_T,2,2,0.012903225806451613,1.0,0.49333333333333335,2.027027027027027,0.2292358803986711,68.9841072846864,67.52159815271774,70.44661641665506,0.0033222591362126247,352.8200565006845,-2.791462460409677,42.0,42.0,2025-07-25,2025-09-05
AMD,corridor_exit_up_L10_r200_b0bp,corridor_exit_up,window_closing,"{""breakout_bps"": 0.0, ""direction"": ""up"", ""lookback"": 10, ""max_range_bps"": 200.0}",5,rub_per_unit_at_T_plus_h_is_higher_than_at_T,23,23,0.14838709677419354,0.6956521739130435,0.4981159420289855,1.3965667733488507,0.059800664451827246,7.938638493128748,-15.487733730893527,30.259891875660156,0.25249169435215946,124.36162135610985,-3.4616831178314125,24.5,224.0,2023-12-02,2026-07-29
AMD,corridor_exit_up_L10_r200_b25bp,corridor_exit_up,window_closing,"{""breakout_bps"": 25.0, ""direction"": ""up"", ""lookback"": 10, ""max_range_bps"": 200.0}",5,rub_per_unit_at_T_plus_h_is_higher_than_at_T,18,18,0.11612903225806452,0.7777777777777778,0.49611111111111117,1.5677491601343783,0.013289036544850499,8.745355177511602,-13.410405264670922,31.132290445720184,0.22259136212624583,162.69781108713795,0.5987115430342237,30.0,245.0,2023-12-02,2026-07-30
AMD,corridor_exit_up_L10_r200_b50bp,corridor_exit_up,window_closing,"{""breakout_bps"": 50.0, ""direction"": ""up"", ""lookback"": 10, ""max_range_bps"": 200.0}",5,rub_per_unit_at_T_plus_h_is_higher_than_at_T,13,13,0.08387096774193549,0.6923076923076923,0.5035897435897436,1.374745417515275,0.1362126245847176,-13.013165131974173,-37.99091109073148,13.376826113013905,0.867109634551495,109.11452819622605,-1.2645383118300266,55.0,252.0,2023-12-02,2026-07-30
AMD,corridor_exit_up_L10_r400_b0bp,corridor_exit_up,window_closing,"{""breakout_bps"": 0.0, ""direction"": ""up"", ""lookback"": 10, ""max_range_bps"": 400.0}",5,rub_per_unit_at_T_plus_h_is_higher_than_at_T,47,46,0.3032258064516129,0.6521739130434783,0.49905797101449273,1.3068099317554813,0.036544850498338874,-27.103040798170092,-52.15632623180657,-4.685058946305003,0.9833887043189369,75.86113346763223,-2.4707956697466913,13.0,87.0,2023-09-07,2026-08-28
AMD,corridor_exit_up_L10_r400_b25bp,corridor_exit_up,window_closing,"{""breakout_bps"": 25.0, ""direction"": ""up"", ""lookback"": 10, ""max_range_bps"": 400.0}",5,rub_per_unit_at_T_plus_h_is_higher_than_at_T,34,33,0.21935483870967742,0.7272727272727273,0.49444444444444446,1.4708886618998978,0.009966777408637873,-22.08090009595044,-50.42508339218997,2.6339064773230514,0.9534883720930233,106.0830466316673,-4.52788672131195,20.0,121.0,2023-09-07,2026-08-28
AMD,corridor_exit_up_L10_r400_b50bp,corridor_exit_up,window_closing,"{""breakout_bps"": 50.0, ""direction"": ""up"", ""lookback"": 10, ""max_range_bps"": 400.0}",5,rub_per_unit_at_T_plus_h_is_higher_than_at_T,29,28,0.1870967741935484,0.7142857142857143,0.4960714285714285,1.439884809215263,0.016611295681063124,-32.376286537240986,-59.1007816064714,-11.225798544325535,0.9933554817275747,98.1262607699537,-3.3743250990607003,23.0,129.0,2023-09-06,2026-08-28
AMD,corridor_exit_up_L20_r200_b0bp,corridor_exit_up,window_closing,"{""breakout_bps"": 0.0, ""direction"": ""up"", ""lookback"": 20, ""max_range_bps"": 200.0}",5,rub_per_unit_at_T_plus_h_is_higher_than_at_T,4,4,0.025806451612903226,1.0,0.5141666666666667,1.9448946515397083,0.06976744186046512,40.391816239075396,5.943005897524056,73.46551781954314,0.0033222591362126247,226.81499952103223,-0.6537054990498948,181.0,264.0,2024-11-03,2026-03-04
AMD,corridor_exit_up_L20_r200_b25bp,corridor_exit_up,window_closing,"{""breakout_bps"": 25.0, ""direction"": ""up"", ""lookback"": 20, ""max_range_bps"": 200.0}",5,rub_per_unit_at_T_plus_h_is_higher_than_at_T,2,2,0.012903225806451613,0.5,0.47,1.0638297872340425,0.7142857142857143,-14.12546350266497,-39.45217164656678,11.20124464123684,0.7906976744186046,45.31956946076776,-9.301675098287095,262.0,262.0,2024-11-06,2025-07-26
AMD,corridor_exit_up_L20_r200_b50bp,corridor_exit_up,window_closing,"{""breakout_bps"": 50.0, ""direction"": ""up"", ""lookback"": 20, ""max_range_bps"": 200.0}",5,rub_per_unit_at_T_plus_h_is_higher_than_at_T,2,2,0.012903225806451613,0.5,0.495,1.0101010101010102,0.7641196013289037,-14.12546350266497,-39.45217164656678,11.20124464123684,0.717607973421927,45.31956946076776,-3.139157547308396,262.0,262.0,2024-11-06,2025-07-26
AMD,corridor_exit_up_L20_r400_b0bp,corridor_exit_up,window_closing,"{""breakout_bps"": 0.0, ""direction"": ""up"", ""lookback"": 20, ""max_range_bps"": 400.0}",5,rub_per_unit_at_T_plus_h_is_higher_than_at_T,12,12,0.07741935483870968,0.8333333333333334,0.49694444444444436,1.6769144773616549,0.026578073089700997,16.467789690852715,-43.13691256581717,50.55721107325588,0.23255813953488372,191.59206690192866,-1.9671312059718578,44.0,245.0,2024-02-03,2026-07-29
AMD,corridor_exit_up_L20_r400_b25bp,corridor_exit_up,window_closing,"{""breakout_bps"": 25.0, ""direction"": ""up"", ""lookback"": 20, ""max_range_bps"": 400.0}",5,rub_per_unit_at_T_plus_h_is_higher_than_at_T,11,11,0.07096774193548387,0.7272727272727273,0.4954545454545454,1.4678899082568808,0.10963455149501661,-8.66640074878668,-66.8823680853662,24.519159961441623,0.6046511627906976,185.99411113398256,-6.023898025557739,47.0,246.0,2024-02-03,2026-07-30
AMD,corridor_exit_up_L20_r400_b50bp,corridor_exit_up,window_closing,"{""breakout_bps"": 50.0, ""direction"": ""up"", ""lookback"": 20, ""max_range_bps"": 400.0}",5,rub_per_unit_at_T_plus_h_is_higher_than_at_T,11,11,0.07096774193548387,0.6363636363636364,0.51,1.2477718360071302,0.29900332225913623,-24.015260670750703,-70.09089451010934,8.323177475752157,0.867109634551495,144.64084992719157,1.2404475369261876,45.5,245.0,2024-02-06,2026-07-30
AMD,corridor_exit_up_L5_r100_b0bp,corridor_exit_up,window_closing,"{""breakout_bps"": 0.0, ""direction"": ""up"", ""lookback"": 5, ""max_range_bps"": 100.0}",5,rub_per_unit_at_T_plus_h_is_higher_than_at_T,35,35,0.22580645161290322,0.6,0.493047619047619,1.2169209967162449,0.10963455149501661,-7.610472488407913,-26.542614163481346,12.676373585556194,0.7807308970099668,63.96746712102978,-4.08165791511313,19.0,140.0,2023-09-05,2026-07-30
AMD,corridor_exit_up_L5_r100_b25bp,corridor_exit_up,window_closing,"{""breakout_bps"": 25.0, ""direction"": ""up"", ""lookback"": 5, ""max_range_bps"": 100.0}",5,rub_per_unit_at_T_plus_h_is_higher_than_at_T,26,26,0.16774193548387098,0.6538461538461539,0.4958974358974359,1.3185108583247156,0.07973421926910298,-3.813812581069345,-22.227769059806633,11.670578470658256,0.6345514950166113,110.10105354915495,0.7189458941749299,24.0,146.0,2023-09-05,2026-07-30
AMD,corridor_exit_up_L5_r100_b50bp,corridor_exit_up,window_closing,"{""breakout_bps"": 50.0, ""direction"": ""up"", ""lookback"": 5, ""max_range_bps"": 100.0}",5,rub_per_unit_at_T_plus_h_is_higher_than_at_T,17,17,0.10967741935483871,0.6470588235294118,0.48921568627450984,1.3226452905811623,0.12624584717607973,-16.570290022854554,-40.195646934233146,3.066619987213268,0.9169435215946844,107.50416347135328,-4.7829775819951665,34.0,170.0,2023-12-02,2026-07-30
AMD,corridor_exit_up_L5_r200_b0bp,corridor_exit_up,window_closing,"{""breakout_bps"": 0.0, ""direction"": ""up"", ""lookback"": 5, ""max_range_bps"": 200.0}",5,rub_per_unit_at_T_plus_h_is_higher_than_at_T,60,60,0.3870967741935484,0.6333333333333333,0.4923888888888889,1.2862461920342998,0.013289036544850499,-23.57490798766626,-45.08168169460643,-1.6393061678000032,0.9833887043189369,38.957189397679976,-6.080498515770667,13.0,74.0,2023-09-06,2026-08-05
AMD,corridor_exit_up_L5_r200_b25bp,corridor_exit_up,window_closing,"{""breakout_bps"": 25.0, ""direction"": ""up"", ""lookback"": 5, ""max_range_bps"": 200.0}",5,rub_per_unit_at_T_plus_h_is_higher_than_at_T,46,46,0.2967741935483871,0.6521739130434783,0.48746376811594205,1.3378920767058124,0.009966777408637873,-25.11304513421317,-48.499136065805644,-3.4683178970600754,0.9767441860465116,66.47355896555128,-5.861407634106862,20.0,86.0,2023-09-07,2026-08-05
AMD,corridor_exit_up_L5_r200_b50bp,corridor_exit_up,window_closing,"{""breakout_bps"": 50.0, ""direction"": ""up"", ""lookback"": 5, ""max_range_bps"": 200.0}",5,rub_per_unit_at_T_plus_h_is_higher_than_at_T,37,37,0.23870967741935484,0.6486486486486487,0.5025225225225226,1.290785227680172,0.053156146179401995,-34.87399832299014,-59.25391689370878,-15.587938353324612,0.9966777408637874,62.512943761147284,1.5173786715905884,19.5,130.0,2023-09-06,2026-08-05
AMD,corridor_exit_up_L5_r400_b0bp,corridor_exit_up,window_closing,"{""breakout_bps"": 0.0, ""direction"": ""up"", ""lookback"": 5, ""max_range_bps"": 400.0}",5,rub_per_unit_at_T_plus_h_is_higher_than_at_T,72,71,0.4645161290322581,0.5915492957746479,0.4995774647887324,1.1840992387933464,0.08305647840531562,-28.25962442442712,-47.47959921539515,-10.366174756461888,0.9966777408637874,42.53289235332755,-1.1797868163615581,11.0,74.0,2023-09-06,2026-08-28
AMD,corridor_exit_up_L5_r400_b25bp,corridor_exit_up,window_closing,"{""breakout_bps"": 25.0, ""direction"": ""up"", ""lookback"": 5, ""max_range_bps"": 400.0}",5,rub_per_unit_at_T_plus_h_is_higher_than_at_T,57,56,0.36774193548387096,0.6071428571428571,0.5030357142857143,1.2069577564785232,0.06976744186046512,-31.818728504757555,-52.36779997490885,-11.383580187218847,0.9966777408637874,65.59868768417418,-0.5136357823751033,14.5,86.0,2023-09-07,2026-08-28
AMD,corridor_exit_up_L5_r400_b50bp,corridor_exit_up,window_closing,"{""breakout_bps"": 50.0, ""direction"": ""up"", ""lookback"": 5, ""max_range_bps"": 400.0}",5,rub_per_unit_at_T_plus_h_is_higher_than_at_T,47,46,0.3032258064516129,0.5869565217391305,0.4992753623188406,1.1756168359941945,0.15614617940199335,-45.99812309579187,-70.68199017818011,-26.127407126177758,0.9966777408637874,53.43715338274034,0.4702224716984199,15.5,92.0,2023-09-06,2026-08-28
AMD,corridor_exit_up_L5_r50_b0bp,corridor_exit_up,window_closing,"{""breakout_bps"": 0.0, ""direction"": ""up"", ""lookback"": 5, ""max_range_bps"": 50.0}",5,rub_per_unit_at_T_plus_h_is_higher_than_at_T,15,15,0.0967741935483871,0.6666666666666666,0.4915555555555556,1.3562386980108498,0.1362126245847176,-0.6880330984350514,-25.44013909000454,29.630947263020058,0.53156146179402,37.06526394547471,-4.229260068406731,41.0,324.0,2023-12-02,2026-07-24
AMD,corridor_exit_up_L5_r50_b25bp,corridor_exit_up,window_closing,"{""breakout_bps"": 25.0, ""direction"": ""up"", ""lookback"": 5, ""max_range_bps"": 50.0}",5,rub_per_unit_at_T_plus_h_is_higher_than_at_T,12,12,0.07741935483870968,0.75,0.4825,1.5544041450777202,0.06976744186046512,7.733534086018605,-13.477920960666596,33.075535156257686,0.2724252491694352,105.54712109378113,-8.405129559524644,47.0,225.0,2023-12-02,2025-09-04
AMD,corridor_exit_up_L5_r50_b50bp,corridor_exit_up,window_closing,"{""breakout_bps"": 50.0, ""direction"": ""up"", ""lookback"": 5, ""max_range_bps"": 50.0}",5,rub_per_unit_at_T_plus_h_is_higher_than_at_T,4,4,0.025806451612903226,0.75,0.4825,1.5544041450777202,0.2956810631229236,17.01089701553832,-33.21170420399328,58.26976003966034,0.2059800664451827,113.4391187715697,-3.2779004581898956,252.0,349.0,2023-12-02,2025-08-23
KGS,corridor_exit_up_L10_r100_b0bp,corridor_exit_up,window_closing,"{""breakout_bps"": 0.0, ""direction"": ""up"", ""lookback"": 10, ""max_range_bps"": 100.0}",5,rub_per_unit_at_T_plus_h_is_higher_than_at_T,10,10,0.06451612903225806,0.6,0.509,1.1787819253438114,0.4019933554817276,15.845779707286287,-8.186451432417382,32.08051441827069,0.03322259136212625,149.02586157122434,-6.537199206330981,99.0,329.0,2023-09-29,2026-07-30
KGS,corridor_exit_up_L10_r100_b25bp,corridor_exit_up,window_closing,"{""breakout_bps"": 25.0, ""direction"": ""up"", ""lookback"": 10, ""max_range_bps"": 100.0}",5,rub_per_unit_at_T_plus_h_is_higher_than_at_T,8,8,0.05161290322580645,0.75,0.5008333333333334,1.497504159733777,0.1362126245847176,15.088376715866879,-11.366389417563466,43.42169126172537,0.16943521594684385,175.70066811830708,-8.678082784846236,121.0,328.0,2023-09-29,2026-07-30
KGS,corridor_exit_up_L10_r100_b50bp,corridor_exit_up,window_closing,"{""breakout_bps"": 50.0, ""direction"": ""up"", ""lookback"": 10, ""max_range_bps"": 100.0}",5,rub_per_unit_at_T_plus_h_is_higher_than_at_T,4,4,0.025806451612903226,1.0,0.5041666666666667,1.9834710743801653,0.08970099667774087,32.08161425395678,-8.788175898363782,72.95140440627733,0.053156146179401995,258.5127143847149,-14.453885071508179,328.0,470.0,2024-04-11,2026-07-30
KGS,corridor_exit_up_L10_r200_b0bp,corridor_exit_up,window_closing,"{""breakout_bps"": 0.0, ""direction"": ""up"", ""lookback"": 10, ""max_range_bps"": 200.0}",5,rub_per_unit_at_T_plus_h_is_higher_than_at_T,23,23,0.14838709677419354,0.6956521739130435,0.5002898550724637,1.3904982618771728,0.03986710963455149,3.6759933058801932,-10.462274414735317,21.595717658215307,0.32558139534883723,122.93500225924062,-6.731861396334288,23.0,226.0,2023-09-29,2026-07-29
KGS,corridor_exit_up_L10_r200_b25bp,corridor_exit_up,window_closing,"{""breakout_bps"": 25.0, ""direction"": ""up"", ""lookback"": 10, ""max_range_bps"": 200.0}",5,rub_per_unit_at_T_plus_h_is_higher_than_at_T,19,19,0.12258064516129032,0.7368421052631579,0.5033333333333333,1.46392471244336,0.023255813953488372,-4.787516494965058,-22.05797495187061,14.15125426034455,0.6843853820598007,110.56740167132533,-2.3934813178181096,36.0,252.0,2023-09-29,2026-07-30
KGS,corridor_exit_up_L10_r200_b50bp,corridor_exit_up,window_closing,"{""breakout_bps"": 50.0, ""direction"": ""up"", ""lookback"": 10, ""max_range_bps"": 200.0}",5,rub_per_unit_at_T_plus_h_is_higher_than_at_T,14,14,0.09032258064516129,0.7857142857142857,0.4995238095238094,1.5729265967588182,0.03986710963455149,-17.579706058042383,-37.14564363311796,8.092585230290886,0.946843853820598,124.00548894811759,-4.814558767639981,53.0,251.0,2023-10-03,2026-07-30
KGS,corridor_exit_up_L10_r400_b0bp,corridor_exit_up,window_closing,"{""breakout_bps"": 0.0, ""direction"": ""up"", ""lookback"": 10, ""max_range_bps"": 400.0}",5,rub_per_unit_at_T_plus_h_is_higher_than_at_T,44,43,0.2838709677419355,0.627906976744186,0.5097674418604652,1.231751824817518,0.09302325581395349,-24.718858255930435,-44.200591381842635,-6.249362596427513,0.9966777408637874,73.96343383438095,-3.739255902699924,14.0,87.0,2023-09-07,2026-08-28
KGS,corridor_exit_up_L10_r400_b25bp,corridor_exit_up,window_closing,"{""breakout_bps"": 25.0, ""direction"": ""up"", ""lookback"": 10, ""max_range_bps"": 400.0}",5,rub_per_unit_at_T_plus_h_is_higher_than_at_T,35,34,0.22580645161290322,0.6176470588235294,0.500686274509804,1.2336009398864303,0.10299003322259136,-30.237720435419707,-55.384130619421946,-5.229111856065529,0.9933554817275747,77.48083690778101,-6.352378420707656,22.5,108.0,2023-09-07,2026-08-28
KGS,corridor_exit_up_L10_r400_b50bp,corridor_exit_up,window_closing,"{""breakout_bps"": 50.0, ""direction"": ""up"", ""lookback"": 10, ""max_range_bps"": 400.0}",5,rub_per_unit_at_T_plus_h_is_higher_than_at_T,28,27,0.18064516129032257,0.6296296296296297,0.49703703703703705,1.2667660208643816,0.1362126245847176,-42.078777322270994,-67.78672143206656,-15.004107957251009,1.0,86.66237959931881,-7.042293653450581,27.0,191.0,2023-09-06,2026-08-28
KGS,corridor_exit_up_L10_r50_b0bp,corridor_exit_up,window_closing,"{""breakout_bps"": 0.0, ""direction"": ""up"", ""lookback"": 10, ""max_range_bps"": 50.0}",5,rub_per_unit_at_T_plus_h_is_higher_than_at_T,1,1,0.0064516129032258064,0.0,0.53,0.0,1.0,-40.85945833744997,,,,-111.7224798061478,-6.677909770944921,,,2025-07-04,2025-07-04
KGS,corridor_exit_up_L20_r200_b0bp,corridor_exit_up,window_closing,"{""breakout_bps"": 0.0, ""direction"": ""up"", ""lookback"": 20, ""max_range_bps"": 200.0}",5,rub_per_unit_at_T_plus_h_is_higher_than_at_T,5,5,0.03225806451612903,1.0,0.516,1.937984496124031,0.019933554817275746,37.92010702345361,11.968122095149127,62.798543123632065,0.0033222591362126247,223.34823367906066,-0.17630779844789798,199.5,253.0,2024-04-11,2026-03-05
KGS,corridor_exit_up_L20_r200_b25bp,corridor_exit_up,window_closing,"{""breakout_bps"": 25.0, ""direction"": ""up"", ""lookback"": 20, ""max_range_bps"": 200.0}",5,rub_per_unit_at_T_plus_h_is_higher_than_at_T,4,4,0.025806451612903226,1.0,0.505,1.9801980198019802,0.08305647840531562,20.38436333086202,-6.586551124253548,64.2474153906269,0.22259136212624583,225.57654342965418,-6.688159774548109,218.0,253.0,2024-04-11,2025-09-05
KGS,corridor_exit_up_L20_r200_b50bp,corridor_exit_up,window_closing,"{""breakout_bps"": 50.0, ""direction"": ""up"", ""lookback"": 20, ""max_range_bps"": 200.0}",5,rub_per_unit_at_T_plus_h_is_higher_than_at_T,4,4,0.025806451612903226,1.0,0.5158333333333334,1.9386106623586428,0.05647840531561462,8.866933251906737,-26.82969800615109,60.017048886124854,0.30564784053156147,251.70322966165116,-3.6565471498695326,219.0,252.0,2024-04-11,2025-09-05
KGS,corridor_exit_up_L20_r400_b0bp,corridor_exit_up,window_closing,"{""breakout_bps"": 0.0, ""direction"": ""up"", ""lookback"": 20, ""max_range_bps"": 400.0}",5,rub_per_unit_at_T_plus_h_is_higher_than_at_T,16,16,0.1032258064516129,0.8125,0.5104166666666666,1.5918367346938778,0.009966777408637873,4.627438144673561,-30.573469336880112,34.5603209913644,0.4119601328903654,155.50286021364184,-5.173314022786674,41.0,247.0,2023-10-04,2026-07-29
KGS,corridor_exit_up_L20_r400_b25bp,corridor_exit_up,window_closing,"{""breakout_bps"": 25.0, ""direction"": ""up"", ""lookback"": 20, ""max_range_bps"": 400.0}",5,rub_per_unit_at_T_plus_h_is_higher_than_at_T,14,14,0.09032258064516129,0.7857142857142857,0.4985714285714285,1.5759312320916907,0.03322259136212625,1.0664771903218235,-39.6827652245916,37.99462990236841,0.48172757475083056,197.5659726411043,-7.873929638370604,55.0,246.0,2023-10-04,2026-07-30
KGS,corridor_exit_up_L20_r400_b50bp,corridor_exit_up,window_closing,"{""breakout_bps"": 50.0, ""direction"": ""up"", ""lookback"": 20, ""max_range_bps"": 400.0}",5,rub_per_unit_at_T_plus_h_is_higher_than_at_T,12,12,0.07741935483870968,0.75,0.5011111111111111,1.4966740576496675,0.06976744186046512,-17.52240998591105,-65.39332268376273,16.050968029934722,0.7408637873754153,193.75524971471637,-10.211118658829124,65.0,245.0,2023-10-04,2026-07-30
KGS,corridor_exit_up_L5_r100_b0bp,corridor_exit_up,window_closing,"{""breakout_bps"": 0.0, ""direction"": ""up"", ""lookback"": 5, ""max_range_bps"": 100.0}",5,rub_per_unit_at_T_plus_h_is_higher_than_at_T,37,37,0.23870967741935484,0.6216216216216216,0.4902702702702703,1.2679162072767363,0.09302325581395349,-14.272894932581927,-34.26055156882987,0.8632798253615022,0.9269102990033222,64.43507695428461,-7.665926273864288,19.5,140.0,2023-09-05,2026-07-29
KGS,corridor_exit_up_L5_r100_b25bp,corridor_exit_up,window_closing,"{""breakout_bps"": 25.0, ""direction"": ""up"", ""lookback"": 5, ""max_range_bps"": 100.0}",5,rub_per_unit_at_T_plus_h_is_higher_than_at_T,29,29,0.1870967741935484,0.6896551724137931,0.5041379310344828,1.3679890560875514,0.03322259136212625,-18.81569777469618,-40.84139576000093,2.2266965761359447,0.946843853820598,73.4169484433726,-6.325633849500738,22.0,140.0,2023-09-05,2026-07-30
KGS,corridor_exit_up_L5_r100_b50bp,corridor_exit_up,window_closing,"{""breakout_bps"": 50.0, ""direction"": ""up"", ""lookback"": 5, ""max_range_bps"": 100.0}",5,rub_per_unit_at_T_plus_h_is_higher_than_at_T,15,15,0.0967741935483871,0.6666666666666666,0.5122222222222222,1.3015184381778742,0.19601328903654486,-28.7032594410747,-70.69662891845691,3.105934698779999,0.9302325581395349,96.68657092591711,-3.696343482650306,55.0,226.0,2023-09-06,2026-07-30
KGS,corridor_exit_up_L5_r200_b0bp,corridor_exit_up,window_closing,"{""breakout_bps"": 0.0, ""direction"": ""up"", ""lookback"": 5, ""max_range_bps"": 200.0}",5,rub_per_unit_at_T_plus_h_is_higher_than_at_T,62,61,0.4,0.6229508196721312,0.5050273224043715,1.2334992425881846,0.019933554817275746,-29.916073901011934,-49.05235994941906,-11.340500237371339,0.9966777408637874,31.80768829546621,-3.684086231103882,12.0,74.0,2023-09-07,2026-08-28
KGS,corridor_exit_up_L5_r200_b25bp,corridor_exit_up,window_closing,"{""breakout_bps"": 25.0, ""direction"": ""up"", ""lookback"": 5, ""max_range_bps"": 200.0}",5,rub_per_unit_at_T_plus_h_is_higher_than_at_T,49,48,0.3161290322580645,0.625,0.5015277777777778,1.2461921905289393,0.053156146179401995,-32.15266512996154,-56.195653605658386,-10.333249758279772,0.9966777408637874,39.43837940126712,-5.012726768022747,17.0,108.0,2023-09-05,2026-08-28
KGS,corridor_exit_up_L5_r200_b50bp,corridor_exit_up,window_closing,"{""breakout_bps"": 50.0, ""direction"": ""up"", ""lookback"": 5, ""max_range_bps"": 200.0}",5,rub_per_unit_at_T_plus_h_is_higher_than_at_T,34,33,0.21935483870967742,0.6666666666666666,0.5029292929292929,1.3255673830086363,0.036544850498338874,-36.41819761729426,-63.32178327591392,-13.741421912345576,0.9966777408637874,69.59017605358008,-4.368089883482112,19.0,133.0,2023-09-06,2026-08-28
KGS,corridor_exit_up_L5_r400_b0bp,corridor_exit_up,window_closing,"{""breakout_bps"": 0.0, ""direction"": ""up"", ""lookback"": 5, ""max_range_bps"": 400.0}",5,rub_per_unit_at_T_plus_h_is_higher_than_at_T,72,71,0.4645161290322581,0.647887323943662,0.5066666666666666,1.2787249814677542,0.0033222591362126247,-33.02708550321994,-53.27857672947392,-16.240742425436594,1.0,42.17210954954401,-3.650977660821502,11.0,74.0,2023-09-07,2026-08-28
KGS,corridor_exit_up_L5_r400_b25bp,corridor_exit_up,window_closing,"{""breakout_bps"": 25.0, ""direction"": ""up"", ""lookback"": 5, ""max_range_bps"": 400.0}",5,rub_per_unit_at_T_plus_h_is_higher_than_at_T,56,55,0.36129032258064514,0.6181818181818182,0.49133333333333323,1.258171950166523,0.05647840531561462,-36.24023434716921,-57.735344719347005,-13.211663697277547,0.9966777408637874,45.20510782641416,-9.488985829840404,15.0,108.0,2023-09-05,2026-08-28
KGS,corridor_exit_up_L5_r400_b50bp,corridor_exit_up,window_closing,"{""breakout_bps"": 50.0, ""direction"": ""up"", ""lookback"": 5, ""max_range_bps"": 400.0}",5,rub_per_unit_at_T_plus_h_is_higher_than_at_T,41,40,0.2645161290322581,0.65,0.5035000000000001,1.2909632571996026,0.0664451827242525,-47.436189859513924,-65.12881657975245,-26.640442381985107,1.0,61.136823815691784,-6.404808018564613,18.0,115.0,2023-09-06,2026-08-28
KGS,corridor_exit_up_L5_r50_b0bp,corridor_exit_up,window_closing,"{""breakout_bps"": 0.0, ""direction"": ""up"", ""lookback"": 5, ""max_range_bps"": 50.0}",5,rub_per_unit_at_T_plus_h_is_higher_than_at_T,12,12,0.07741935483870968,0.75,0.5002777777777777,1.499167129372571,0.05647840531561462,16.430255932427247,0.753427719463265,34.64594072013173,0.046511627906976744,122.56857487921793,-6.494479847968901,23.0,231.0,2023-09-29,2025-09-03
KGS,corridor_exit_up_L5_r50_b25bp,corridor_exit_up,window_closing,"{""breakout_bps"": 25.0, ""direction"": ""up"", ""lookback"": 5, ""max_range_bps"": 50.0}",5,rub_per_unit_at_T_plus_h_is_higher_than_at_T,6,6,0.03870967741935484,0.8333333333333334,0.5033333333333333,1.655629139072848,0.10963455149501661,10.666483052702565,-26.49303910276386,55.87810512046134,0.3089700996677741,155.46729163395574,-7.863958695207114,94.0,403.0,2023-09-29,2025-09-04
KGS,corridor_exit_up_L5_r50_b50bp,corridor_exit_up,window_closing,"{""breakout_bps"": 50.0, ""direction"": ""up"", ""lookback"": 5, ""max_range_bps"": 50.0}",5,rub_per_unit_at_T_plus_h_is_higher_than_at_T,1,1,0.0064516129032258064,1.0,0.4866666666666667,2.054794520547945,0.4883720930232558,49.458895243417174,,,,275.727729155808,-8.587676975058635,,,2023-09-29,2023-09-29
KZT,corridor_exit_up_L10_r100_b0bp,corridor_exit_up,window_closing,"{""breakout_bps"": 0.0, ""direction"": ""up"", ""lookback"": 10, ""max_range_bps"": 100.0}",5,rub_per_unit_at_T_plus_h_is_higher_than_at_T,2,2,0.012903225806451613,1.0,0.5166666666666667,1.9354838709677418,0.2558139534883721,62.46860838924062,-2.46132581060432,127.39854258908557,0.2425249169435216,201.63933897194508,-3.045964385592241,527.0,527.0,2024-03-28,2025-09-06
KZT,corridor_exit_up_L10_r200_b0bp,corridor_exit_up,window_closing,"{""breakout_bps"": 0.0, ""direction"": ""up"", ""lookback"": 10, ""max_range_bps"": 200.0}",5,rub_per_unit_at_T_plus_h_is_higher_than_at_T,22,22,0.14193548387096774,0.6363636363636364,0.4890909090909091,1.3011152416356877,0.14285714285714285,-41.716261826641265,-84.85355636358474,-7.4181039889400475,0.9700996677740864,47.90119434769747,-6.298917550629847,26.0,169.0,2023-11-08,2026-03-07
KZT,corridor_exit_up_L10_r200_b25bp,corridor_exit_up,window_closing,"{""breakout_bps"": 25.0, ""direction"": ""up"", ""lookback"": 10, ""max_range_bps"": 200.0}",5,rub_per_unit_at_T_plus_h_is_higher_than_at_T,18,18,0.11612903225806452,0.6666666666666666,0.49666666666666676,1.3422818791946305,0.12292358803986711,-51.6681256566762,-104.3068111073577,-13.551472707050072,0.973421926910299,63.82636693093098,-7.717803288151655,32.0,176.0,2023-11-08,2026-03-07
KZT,corridor_exit_up_L10_r200_b50bp,corridor_exit_up,window_closing,"{""breakout_bps"": 50.0, ""direction"": ""up"", ""lookback"": 10, ""max_range_bps"": 200.0}",5,rub_per_unit_at_T_plus_h_is_higher_than_at_T,13,13,0.08387096774193549,0.6153846153846154,0.49358974358974367,1.2467532467532467,0.26578073089701,-81.01544512047417,-131.25225491848678,-38.86208590043519,1.0,9.070760200157261,-9.51074140490714,45.5,233.0,2023-11-08,2026-03-07
KZT,corridor_exit_up_L10_r400_b0bp,corridor_exit_up,window_closing,"{""breakout_bps"": 0.0, ""direction"": ""up"", ""lookback"": 10, ""max_range_bps"": 400.0}",5,rub_per_unit_at_T_plus_h_is_higher_than_at_T,48,47,0.3096774193548387,0.5106382978723404,0.4987234042553191,1.0238907849829353,0.46511627906976744,-59.752615896289846,-84.33644676875402,-41.734757991577794,1.0,18.91901054889295,-4.011038634156162,17.0,91.0,2023-09-07,2026-08-28
KZT,corridor_exit_up_L10_r400_b25bp,corridor_exit_up,window_closing,"{""breakout_bps"": 25.0, ""direction"": ""up"", ""lookback"": 10, ""max_range_bps"": 400.0}",5,rub_per_unit_at_T_plus_h_is_higher_than_at_T,38,37,0.24516129032258063,0.6216216216216216,0.4926126126126127,1.2618873445501095,0.08637873754152824,-57.52010166657835,-85.12574103796092,-34.714627648416496,1.0,62.09102228290106,-9.125172804346466,24.0,122.0,2023-09-02,2026-08-28
KZT,corridor_exit_up_L10_r400_b50bp,corridor_exit_up,window_closing,"{""breakout_bps"": 50.0, ""direction"": ""up"", ""lookback"": 10, ""max_range_bps"": 400.0}",5,rub_per_unit_at_T_plus_h_is_higher_than_at_T,27,26,0.17419354838709677,0.6538461538461539,0.49141025641025643,1.3305504826506653,0.03986710963455149,-66.33495411767943,-97.76614691774691,-39.23159761434395,1.0,45.810564691463355,-7.078770835129515,26.0,175.0,2023-09-05,2026-08-28
KZT,corridor_exit_up_L20_r200_b0bp,corridor_exit_up,window_closing,"{""breakout_bps"": 0.0, ""direction"": ""up"", ""lookback"": 20, ""max_range_bps"": 200.0}",5,rub_per_unit_at_T_plus_h_is_higher_than_at_T,1,1,0.0064516129032258064,1.0,0.5133333333333333,1.9480519480519483,0.5149501661129569,-32.85500554210841,,,,105.57342174196016,-7.926113915155559,,,2024-11-15,2024-11-15
KZT,corridor_exit_up_L20_r200_b25bp,corridor_exit_up,window_closing,"{""breakout_bps"": 25.0, ""direction"": ""up"", ""lookback"": 20, ""max_range_bps"": 200.0}",5,rub_per_unit_at_T_plus_h_is_higher_than_at_T,1,1,0.0064516129032258064,1.0,0.49,2.0408163265306123,0.49169435215946844,-60.826054455213054,,,,236.75827839099162,-15.690678707631605,,,2024-11-16,2024-11-16
KZT,corridor_exit_up_L20_r200_b50bp,corridor_exit_up,window_closing,"{""breakout_bps"": 50.0, ""direction"": ""up"", ""lookback"": 20, ""max_range_bps"": 200.0}",5,rub_per_unit_at_T_plus_h_is_higher_than_at_T,1,1,0.0064516129032258064,1.0,0.49,2.0408163265306123,0.49169435215946844,-60.826054455213054,,,,236.75827839099162,-9.921876992333084,,,2024-11-16,2024-11-16
KZT,corridor_exit_up_L20_r400_b0bp,corridor_exit_up,window_closing,"{""breakout_bps"": 0.0, ""direction"": ""up"", ""lookback"": 20, ""max_range_bps"": 400.0}",5,rub_per_unit_at_T_plus_h_is_higher_than_at_T,15,15,0.0967741935483871,0.8,0.5077777777777778,1.5754923413566742,0.023255813953488372,-10.323855296518653,-44.56914960575446,15.642379668862542,0.7242524916943521,165.89043207722773,-1.3889104122509623,45.0,288.0,2024-02-02,2026-08-04
KZT,corridor_exit_up_L20_r400_b25bp,corridor_exit_up,window_closing,"{""breakout_bps"": 25.0, ""direction"": ""up"", ""lookback"": 20, ""max_range_bps"": 400.0}",5,rub_per_unit_at_T_plus_h_is_higher_than_at_T,12,12,0.07741935483870968,0.9166666666666666,0.4769444444444444,1.9219569015725104,0.006644518272425249,-29.304924443807334,-74.94043330119442,13.529570345261533,0.8604651162790697,179.04127262964172,-12.195409365015454,49.0,291.0,2024-02-02,2026-08-04
KZT,corridor_exit_up_L20_r400_b50bp,corridor_exit_up,window_closing,"{""breakout_bps"": 50.0, ""direction"": ""up"", ""lookback"": 20, ""max_range_bps"": 400.0}",5,rub_per_unit_at_T_plus_h_is_higher_than_at_T,9,9,0.05806451612903226,0.7777777777777778,0.4951851851851851,1.5706806282722516,0.06976744186046512,-53.81916619608357,-112.38727991755226,-5.374287049298042,0.9634551495016611,128.78558990324208,-7.362086038821194,50.5,290.0,2024-11-16,2026-08-04
KZT,corridor_exit_up_L5_r100_b0bp,corridor_exit_up,window_closing,"{""breakout_bps"": 0.0, ""direction"": ""up"", ""lookback"": 5, ""max_range_bps"": 100.0}",5,rub_per_unit_at_T_plus_h_is_higher_than_at_T,26,26,0.16774193548387098,0.5769230769230769,0.492948717948718,1.1703511053315994,0.26245847176079734,-30.24753355986172,-66.30507567876727,-1.8207263269924772,0.9401993355481728,56.305145842696895,-6.745842991757903,22.0,140.0,2023-11-30,2026-07-23
KZT,corridor_exit_up_L5_r100_b25bp,corridor_exit_up,window_closing,"{""breakout_bps"": 25.0, ""direction"": ""up"", ""lookback"": 5, ""max_range_bps"": 100.0}",5,rub_per_unit_at_T_plus_h_is_higher_than_at_T,22,22,0.14193548387096774,0.5,0.49303030303030293,1.0141364474492933,0.5282392026578073,-40.30655722074486,-77.22659068519289,-10.520553092509218,0.9800664451827242,53.53818416396296,-10.20059733956465,34.0,141.0,2023-11-30,2026-07-24
KZT,corridor_exit_up_L5_r100_b50bp,corridor_exit_up,window_closing,"{""breakout_bps"": 50.0, ""direction"": ""up"", ""lookback"": 5, ""max_range_bps"": 100.0}",5,rub_per_unit_at_T_plus_h_is_higher_than_at_T,11,11,0.07096774193548387,0.36363636363636365,0.5015151515151515,0.7250755287009064,0.8803986710963455,-79.99433270427727,-124.26629426845658,-40.772296331389576,1.0,-30.825520564868768,-5.1656771716054655,64.0,239.0,2023-12-22,2026-03-05
KZT,corridor_exit_up_L5_r200_b0bp,corridor_exit_up,window_closing,"{""breakout_bps"": 0.0, ""direction"": ""up"", ""lookback"": 5, ""max_range_bps"": 200.0}",5,rub_per_unit_at_T_plus_h_is_higher_than_at_T,63,62,0.4064516129032258,0.46774193548387094,0.4970430107526882,0.94104921579232,0.7342192691029901,-59.31860921348837,-82.43030796324564,-39.29375807184289,1.0,-7.306040213116478,-5.2874400239444235,12.5,59.0,2023-09-08,2026-09-02
KZT,corridor_exit_up_L5_r200_b25bp,corridor_exit_up,window_closing,"{""breakout_bps"": 25.0, ""direction"": ""up"", ""lookback"": 5, ""max_range_bps"": 200.0}",5,rub_per_unit_at_T_plus_h_is_higher_than_at_T,48,48,0.3096774193548387,0.4791666666666667,0.5011805555555556,0.9560759318276291,0.7043189368770764,-61.870636905402684,-87.85206597622468,-36.289494197997605,1.0,4.2545873740477544,-2.652844004844592,18.0,72.0,2023-09-30,2026-08-05
KZT,corridor_exit_up_L5_r200_b50bp,corridor_exit_up,window_closing,"{""breakout_bps"": 50.0, ""direction"": ""up"", ""lookback"": 5, ""max_range_bps"": 200.0}",5,rub_per_unit_at_T_plus_h_is_higher_than_at_T,36,36,0.23225806451612904,0.4722222222222222,0.4897222222222223,0.9642654566080543,0.6212624584717608,-77.96222527268732,-107.40006431096867,-49.40317290045529,1.0,-29.873279199972142,-7.493849709629907,23.0,151.0,2023-09-05,2026-08-05
KZT,corridor_exit_up_L5_r400_b0bp,corridor_exit_up,window_closing,"{""breakout_bps"": 0.0, ""direction"": ""up"", ""lookback"": 5, ""max_range_bps"": 400.0}",5,rub_per_unit_at_T_plus_h_is_higher_than_at_T,79,78,0.5096774193548387,0.46153846153846156,0.49354700854700845,0.9351459000779291,0.7375415282392026,-62.6311339591362,-78.99181399797185,-44.2257322071627,1.0,9.393182529107216,-7.92762123133774,11.0,54.0,2023-09-07,2026-08-28
KZT,corridor_exit_up_L5_r400_b25bp,corridor_exit_up,window_closing,"{""breakout_bps"": 25.0, ""direction"": ""up"", ""lookback"": 5, ""max_range_bps"": 400.0}",5,rub_per_unit_at_T_plus_h_is_higher_than_at_T,63,62,0.4064516129032258,0.46774193548387094,0.49344086021505373,0.9479189365874918,0.7109634551495017,-64.10248800422754,-83.03278774556671,-47.11823767055426,1.0,20.760745824793325,-5.2999398114935605,13.0,69.0,2023-09-30,2026-08-28
KZT,corridor_exit_up_L5_r400_b50bp,corridor_exit_up,window_closing,"{""breakout_bps"": 50.0, ""direction"": ""up"", ""lookback"": 5, ""max_range_bps"": 400.0}",5,rub_per_unit_at_T_plus_h_is_higher_than_at_T,48,47,0.3096774193548387,0.48936170212765956,0.4906382978723405,0.9973980919340849,0.6112956810631229,-73.80912816011197,-97.99412043198424,-48.822716045526796,1.0,-0.7337733773052119,-6.8933750936178315,17.0,151.0,2023-09-05,2026-08-28
KZT,corridor_exit_up_L5_r50_b0bp,corridor_exit_up,window_closing,"{""breakout_bps"": 0.0, ""direction"": ""up"", ""lookback"": 5, ""max_range_bps"": 50.0}",5,rub_per_unit_at_T_plus_h_is_higher_than_at_T,10,10,0.06451612903225806,0.6,0.48833333333333334,1.228668941979522,0.34551495016611294,-23.284547636901024,-57.38054358267213,14.364619305385249,0.8604651162790697,52.4029172521261,-2.965904584081405,56.0,231.0,2023-12-22,2025-12-04
KZT,corridor_exit_up_L5_r50_b25bp,corridor_exit_up,window_closing,"{""breakout_bps"": 25.0, ""direction"": ""up"", ""lookback"": 5, ""max_range_bps"": 50.0}",5,rub_per_unit_at_T_plus_h_is_higher_than_at_T,9,9,0.05806451612903226,0.4444444444444444,0.49296296296296294,0.9015777610818934,0.7508305647840532,-35.45843346249152,-70.61185100260333,12.239243188262387,0.9767441860465116,45.796048332195454,-8.243791718411849,66.0,231.0,2023-12-22,2025-12-04
KZT,corridor_exit_up_L5_r50_b50bp,corridor_exit_up,window_closing,"{""breakout_bps"": 50.0, ""direction"": ""up"", ""lookback"": 5, ""max_range_bps"": 50.0}",5,rub_per_unit_at_T_plus_h_is_higher_than_at_T,6,6,0.03870967741935484,0.3333333333333333,0.48833333333333334,0.68259385665529,0.8970099667774086,-63.071334756565726,-91.0592352483145,-37.22649784066153,1.0,-20.80277120795023,-5.0469524184383525,103.0,281.0,2023-12-22,2025-12-04
TJS,corridor_exit_up_L10_r100_b0bp,corridor_exit_up,window_closing,"{""breakout_bps"": 0.0, ""direction"": ""up"", ""lookback"": 10, ""max_range_bps"": 100.0}",5,rub_per_unit_at_T_plus_h_is_higher_than_at_T,5,5,0.03225806451612903,0.8,0.5133333333333333,1.5584415584415585,0.18272425249169436,17.642882454468545,-10.936840041240178,37.787315456938295,0.03322259136212625,135.77701039663538,-4.763718449753006,237.5,314.0,2023-09-29,2026-03-04
TJS,corridor_exit_up_L10_r100_b25bp,corridor_exit_up,window_closing,"{""breakout_bps"": 25.0, ""direction"": ""up"", ""lookback"": 10, ""max_range_bps"": 100.0}",5,rub_per_unit_at_T_plus_h_is_higher_than_at_T,3,3,0.01935483870967742,1.0,0.5255555555555556,1.9027484143763214,0.14285714285714285,16.745979241958494,-3.6766844310809343,33.897387298867564,0.14285714285714285,198.6492602235105,2.0740247236761395,303.5,412.0,2023-09-29,2025-05-28
TJS,corridor_exit_up_L10_r100_b50bp,corridor_exit_up,window_closing,"{""breakout_bps"": 50.0, ""direction"": ""up"", ""lookback"": 10, ""max_range_bps"": 100.0}",5,rub_per_unit_at_T_plus_h_is_higher_than_at_T,1,1,0.0064516129032258064,1.0,0.5133333333333333,1.9480519480519483,0.5149501661129569,-3.6766844310809343,,,,136.80361115513628,-2.6530339905080838,,,2024-04-11,2024-04-11
TJS,corridor_exit_up_L10_r200_b0bp,corridor_exit_up,window_closing,"{""breakout_bps"": 0.0, ""direction"": ""up"", ""lookback"": 10, ""max_range_bps"": 200.0}",5,rub_per_unit_at_T_plus_h_is_higher_than_at_T,26,26,0.16774193548387098,0.7692307692307693,0.5325641025641026,1.4443909484833894,0.009966777408637873,0.5415344576142058,-17.421946531512575,17.761884697561474,0.49169435215946844,81.77438258572008,5.404926958866479,25.0,194.0,2023-09-29,2026-07-29
TJS,corridor_exit_up_L10_r200_b25bp,corridor_exit_up,window_closing,"{""breakout_bps"": 25.0, ""direction"": ""up"", ""lookback"": 10, ""max_range_bps"": 200.0}",5,rub_per_unit_at_T_plus_h_is_higher_than_at_T,22,22,0.14193548387096774,0.7272727272727273,0.5466666666666666,1.3303769401330379,0.0664451827242525,-5.000037321840419,-21.701468011849826,15.828141352735402,0.7242524916943521,90.3109672018298,9.656302038967857,29.0,194.0,2023-09-29,2026-07-29
TJS,corridor_exit_up_L10_r200_b50bp,corridor_exit_up,window_closing,"{""breakout_bps"": 50.0, ""direction"": ""up"", ""lookback"": 10, ""max_range_bps"": 200.0}",5,rub_per_unit_at_T_plus_h_is_higher_than_at_T,17,17,0.10967741935483871,0.7647058823529411,0.5443137254901962,1.4048991354466855,0.059800664451827246,-18.20153497189264,-39.08375182944563,5.413927240077361,0.9368770764119602,96.67040289728529,7.189044360121067,54.5,200.0,2023-10-03,2026-07-30
TJS,corridor_exit_up_L10_r400_b0bp,corridor_exit_up,window_closing,"{""breakout_bps"": 0.0, ""direction"": ""up"", ""lookback"": 10, ""max_range_bps"": 400.0}",5,rub_per_unit_at_T_plus_h_is_higher_than_at_T,54,53,0.34838709677419355,0.6415094339622641,0.5388679245283019,1.1904761904761905,0.10963455149501661,-25.02537635723769,-48.29988966234065,-5.2765963351972,0.9800664451827242,63.66276463000747,4.404483315973378,15.0,76.0,2023-09-07,2026-08-28
TJS,corridor_exit_up_L10_r400_b25bp,corridor_exit_up,window_closing,"{""breakout_bps"": 25.0, ""direction"": ""up"", ""lookback"": 10, ""max_range_bps"": 400.0}",5,rub_per_unit_at_T_plus_h_is_higher_than_at_T,41,40,0.2645161290322581,0.7,0.5340833333333334,1.3106568887501948,0.026578073089700997,-20.6566046479833,-50.62445055184383,2.3745271229965366,0.893687707641196,85.79044337329546,2.829589417894907,21.0,114.0,2023-09-07,2026-08-28
TJS,corridor_exit_up_L10_r400_b50bp,corridor_exit_up,window_closing,"{""breakout_bps"": 50.0, ""direction"": ""up"", ""lookback"": 10, ""max_range_bps"": 400.0}",5,rub_per_unit_at_T_plus_h_is_higher_than_at_T,32,31,0.2064516129032258,0.6451612903225806,0.5379569892473118,1.1992804317409553,0.17940199335548174,-37.61723034737075,-62.59759570066407,-12.86455372030719,1.0,57.534641120542126,1.741655922088136,28.0,114.0,2023-09-06,2026-08-28
TJS,corridor_exit_up_L10_r50_b0bp,corridor_exit_up,window_closing,"{""breakout_bps"": 0.0, ""direction"": ""up"", ""lookback"": 10, ""max_range_bps"": 50.0}",5,rub_per_unit_at_T_plus_h_is_higher_than_at_T,2,2,0.012903225806451613,0.5,0.52,0.9615384615384615,0.7774086378737541,-3.5705722076306827,-34.087405718052906,26.94626130279154,0.7774086378737541,30.002019347496464,-15.54286290639789,98.0,98.0,2024-04-10,2024-07-17
TJS,corridor_exit_up_L20_r200_b0bp,corridor_exit_up,window_closing,"{""breakout_bps"": 0.0, ""direction"": ""up"", ""lookback"": 20, ""max_range_bps"": 200.0}",5,rub_per_unit_at_T_plus_h_is_higher_than_at_T,2,2,0.012903225806451613,1.0,0.4766666666666667,2.097902097902098,0.22591362126245848,-0.8102967175810383,-3.6766844310809343,2.056090995918858,0.7375415282392026,86.1504752460085,-9.276366431893882,206.0,206.0,2024-04-11,2024-11-03
TJS,corridor_exit_up_L20_r200_b25bp,corridor_exit_up,window_closing,"{""breakout_bps"": 25.0, ""direction"": ""up"", ""lookback"": 20, ""max_range_bps"": 200.0}",5,rub_per_unit_at_T_plus_h_is_higher_than_at_T,2,2,0.012903225806451613,0.5,0.5133333333333333,0.9740259740259741,0.770764119601329,-22.10545477086212,-40.534225110643305,-3.6766844310809343,1.0,61.36353716538145,1.4997010686859706,209.0,209.0,2024-04-11,2024-11-06
TJS,corridor_exit_up_L20_r200_b50bp,corridor_exit_up,window_closing,"{""breakout_bps"": 50.0, ""direction"": ""up"", ""lookback"": 20, ""max_range_bps"": 200.0}",5,rub_per_unit_at_T_plus_h_is_higher_than_at_T,1,1,0.0064516129032258064,1.0,0.5733333333333334,1.744186046511628,0.574750830564784,-3.6766844310809343,,,,136.80361115513628,20.953822733365925,,,2024-04-11,2024-04-11
TJS,corridor_exit_up_L20_r400_b0bp,corridor_exit_up,window_closing,"{""breakout_bps"": 0.0, ""direction"": ""up"", ""lookback"": 20, ""max_range_bps"": 400.0}",5,rub_per_unit_at_T_plus_h_is_higher_than_at_T,19,19,0.12258064516129032,0.7894736842105263,0.5387719298245615,1.465320742429176,0.036544850498338874,11.609659066084951,-19.692830961387706,35.305950710070654,0.20930232558139536,160.84595428559336,6.284778036828074,33.5,194.0,2023-10-03,2026-07-29
TJS,corridor_exit_up_L20_r400_b25bp,corridor_exit_up,window_closing,"{""breakout_bps"": 25.0, ""direction"": ""up"", ""lookback"": 20, ""max_range_bps"": 400.0}",5,rub_per_unit_at_T_plus_h_is_higher_than_at_T,17,17,0.10967741935483871,0.7647058823529411,0.5386274509803922,1.4197306152165996,0.04983388704318937,2.8594951698876665,-23.192525593958187,24.846425715421383,0.3920265780730897,159.8927480124048,9.153309596308846,43.5,193.0,2023-10-03,2026-07-29
TJS,corridor_exit_up_L20_r400_b50bp,corridor_exit_up,window_closing,"{""breakout_bps"": 50.0, ""direction"": ""up"", ""lookback"": 20, ""max_range_bps"": 400.0}",5,rub_per_unit_at_T_plus_h_is_higher_than_at_T,12,12,0.07741935483870968,0.5833333333333334,0.5408333333333334,1.0785824345146378,0.521594684385382,-28.05096909074221,-77.8375107811255,11.771337576849934,0.9269102990033222,94.35908811777712,11.104254621799447,56.0,200.0,2024-02-06,2026-07-30
TJS,corridor_exit_up_L5_r100_b0bp,corridor_exit_up,window_closing,"{""breakout_bps"": 0.0, ""direction"": ""up"", ""lookback"": 5, ""max_range_bps"": 100.0}",5,rub_per_unit_at_T_plus_h_is_higher_than_at_T,33,33,0.2129032258064516,0.7575757575757576,0.5314141414141413,1.4255844896407528,0.006644518272425249,-3.1758566276700533,-21.01673722953346,13.874870730514022,0.6046511627906976,88.20733002825185,5.492669417218299,19.0,161.0,2023-09-05,2026-07-29
TJS,corridor_exit_up_L5_r100_b25bp,corridor_exit_up,window_closing,"{""breakout_bps"": 25.0, ""direction"": ""up"", ""lookback"": 5, ""max_range_bps"": 100.0}",5,rub_per_unit_at_T_plus_h_is_higher_than_at_T,26,26,0.16774193548387098,0.8076923076923077,0.5298717948717948,1.524316477135253,0.006644518272425249,-3.5798011891917048,-24.89669264145533,13.07859463665459,0.6013289036544851,119.3976542172492,5.951823933939441,22.0,161.0,2023-09-05,2026-07-29
TJS,corridor_exit_up_L5_r100_b50bp,corridor_exit_up,window_closing,"{""breakout_bps"": 50.0, ""direction"": ""up"", ""lookback"": 5, ""max_range_bps"": 100.0}",5,rub_per_unit_at_T_plus_h_is_higher_than_at_T,18,18,0.11612903225806452,0.6666666666666666,0.5342592592592592,1.247833622183709,0.17940199335548174,-26.73327914705968,-53.68518970141733,-5.684912202616803,0.973421926910299,81.33714068004505,5.8007236881994135,39.0,162.0,2023-09-06,2026-07-15
TJS,corridor_exit_up_L5_r200_b0bp,corridor_exit_up,window_closing,"{""breakout_bps"": 0.0, ""direction"": ""up"", ""lookback"": 5, ""max_range_bps"": 200.0}",5,rub_per_unit_at_T_plus_h_is_higher_than_at_T,63,62,0.4064516129032258,0.6774193548387096,0.5320430107526882,1.273241713823767,0.009966777408637873,-26.71063689465759,-45.80442838879582,-10.450920141170569,0.9966777408637874,43.78581337753048,3.6504077374978823,10.5,88.0,2023-09-07,2026-08-28
TJS,corridor_exit_up_L5_r200_b25bp,corridor_exit_up,window_closing,"{""breakout_bps"": 25.0, ""direction"": ""up"", ""lookback"": 5, ""max_range_bps"": 200.0}",5,rub_per_unit_at_T_plus_h_is_higher_than_at_T,51,50,0.32903225806451614,0.68,0.5292666666666667,1.2847965738758031,0.016611295681063124,-30.68512840778226,-53.575965128309896,-6.720496860898869,1.0,59.43615398636326,0.5335794567282597,14.5,88.0,2023-09-07,2026-08-28
TJS,corridor_exit_up_L5_r200_b50bp,corridor_exit_up,window_closing,"{""breakout_bps"": 50.0, ""direction"": ""up"", ""lookback"": 5, ""max_range_bps"": 200.0}",5,rub_per_unit_at_T_plus_h_is_higher_than_at_T,41,40,0.2645161290322581,0.6,0.5330833333333334,1.1255275910583085,0.2425249169435216,-44.18765054573631,-69.43953989498365,-23.62528328702289,1.0,35.427495660025116,4.562192022763119,18.0,140.0,2023-09-06,2026-08-28
TJS,corridor_exit_up_L5_r400_b0bp,corridor_exit_up,window_closing,"{""breakout_bps"": 0.0, ""direction"": ""up"", ""lookback"": 5, ""max_range_bps"": 400.0}",5,rub_per_unit_at_T_plus_h_is_higher_than_at_T,78,77,0.5032258064516129,0.6363636363636364,0.537056277056277,1.1849105271642755,0.03986710963455149,-29.842693899234632,-45.83922027734399,-16.050245739656525,1.0,49.508531203283184,9.009115608090848,11.0,56.0,2023-09-07,2026-08-28
TJS,corridor_exit_up_L5_r400_b25bp,corridor_exit_up,window_closing,"{""breakout_bps"": 25.0, ""direction"": ""up"", ""lookback"": 5, ""max_range_bps"": 400.0}",5,rub_per_unit_at_T_plus_h_is_higher_than_at_T,61,60,0.3935483870967742,0.65,0.54,1.2037037037037037,0.05647840531561462,-33.76438509475025,-52.408470174578106,-15.743165427256168,0.9966777408637874,66.40786576661597,5.476223883711183,14.0,69.0,2023-09-07,2026-08-28
TJS,corridor_exit_up_L5_r400_b50bp,corridor_exit_up,window_closing,"{""breakout_bps"": 50.0, ""direction"": ""up"", ""lookback"": 5, ""max_range_bps"": 400.0}",5,rub_per_unit_at_T_plus_h_is_higher_than_at_T,49,48,0.3161290322580645,0.5625,0.5367361111111112,1.0480010350627504,0.4119601328903654,-51.65443363973028,-72.81224989939369,-34.035921730689324,1.0,22.823495935517062,4.768477462848197,16.5,81.0,2023-09-06,2026-08-28
TJS,corridor_exit_up_L5_r50_b0bp,corridor_exit_up,window_closing,"{""breakout_bps"": 0.0, ""direction"": ""up"", ""lookback"": 5, ""max_range_bps"": 50.0}",5,rub_per_unit_at_T_plus_h_is_higher_than_at_T,13,13,0.08387096774193549,0.9230769230769231,0.5284615384615385,1.7467248908296942,0.0033222591362126247,17.818855208724393,-10.92443082794619,45.031135416286254,0.09634551495016612,134.23816876170252,1.2048608826432698,63.5,202.0,2023-09-29,2026-03-06
TJS,corridor_exit_up_L5_r50_b25bp,corridor_exit_up,window_closing,"{""breakout_bps"": 25.0, ""direction"": ""up"", ""lookback"": 5, ""max_range_bps"": 50.0}",5,rub_per_unit_at_T_plus_h_is_higher_than_at_T,7,7,0.04516129032258064,1.0,0.5085714285714286,1.9662921348314608,0.013289036544850499,15.59023856814866,-50.384720652851875,52.7379535520873,0.2757475083056478,174.77562980268337,0.13377016625348556,78.0,486.0,2023-09-29,2026-03-06
TJS,corridor_exit_up_L5_r50_b50bp,corridor_exit_up,window_closing,"{""breakout_bps"": 50.0, ""direction"": ""up"", ""lookback"": 5, ""max_range_bps"": 50.0}",5,rub_per_unit_at_T_plus_h_is_higher_than_at_T,4,4,0.025806451612903226,1.0,0.545,1.8348623853211008,0.08637873754152824,17.95696017752424,-71.67357619012195,82.43812948506901,0.33222591362126247,200.75548694838298,3.7012917983771163,115.0,486.0,2023-09-29,2025-07-25
UZS,corridor_exit_up_L10_r100_b0bp,corridor_exit_up,window_closing,"{""breakout_bps"": 0.0, ""direction"": ""up"", ""lookback"": 10, ""max_range_bps"": 100.0}",5,rub_per_unit_at_T_plus_h_is_higher_than_at_T,4,4,0.025806451612903226,1.0,0.5025,1.9900497512437814,0.06976744186046512,-7.619880908896759,-39.10922139380047,23.869459576006946,0.5980066445182725,119.82375919783516,-11.455216838084906,140.0,686.0,2023-09-29,2026-02-27
UZS,corridor_exit_up_L10_r100_b25bp,corridor_exit_up,window_closing,"{""breakout_bps"": 25.0, ""direction"": ""up"", ""lookback"": 10, ""max_range_bps"": 100.0}",5,rub_per_unit_at_T_plus_h_is_higher_than_at_T,3,3,0.01935483870967742,1.0,0.4777777777777777,2.0930232558139537,0.10299003322259136,-23.495814337136284,-42.03792647488047,7.730999776192071,1.0,74.85398839977232,-17.449811478207337,371.0,686.0,2024-02-16,2026-02-27
UZS,corridor_exit_up_L10_r100_b50bp,corridor_exit_up,window_closing,"{""breakout_bps"": 50.0, ""direction"": ""up"", ""lookback"": 10, ""max_range_bps"": 100.0}",5,rub_per_unit_at_T_plus_h_is_higher_than_at_T,2,2,0.012903225806451613,1.0,0.5,2.0,0.24916943521594684,-39.10922139380047,-42.03792647488047,-36.18051631272046,1.0,65.36837602652223,-9.421513683546896,686.0,686.0,2024-04-12,2026-02-27
UZS,corridor_exit_up_L10_r200_b0bp,corridor_exit_up,window_closing,"{""breakout_bps"": 0.0, ""direction"": ""up"", ""lookback"": 10, ""max_range_bps"": 200.0}",5,rub_per_unit_at_T_plus_h_is_higher_than_at_T,24,24,0.15483870967741936,0.7083333333333334,0.49541666666666667,1.4297729184188395,0.029900332225913623,-17.635286308241433,-34.52876425599756,-1.2311683465598335,0.9767441860465116,74.98229488597413,-5.611456941737038,27.0,208.0,2023-09-29,2026-07-30
UZS,corridor_exit_up_L10_r200_b25bp,corridor_exit_up,window_closing,"{""breakout_bps"": 25.0, ""direction"": ""up"", ""lookback"": 10, ""max_range_bps"": 200.0}",5,rub_per_unit_at_T_plus_h_is_higher_than_at_T,19,19,0.12258064516129032,0.7894736842105263,0.5056140350877193,1.5614156835530881,0.023255813953488372,-19.711496952879525,-41.541628873699715,1.9582839001058168,0.9568106312292359,111.05826250447168,-2.610773108530746,37.5,209.0,2023-09-30,2026-07-30
UZS,corridor_exit_up_L10_r200_b50bp,corridor_exit_up,window_closing,"{""breakout_bps"": 50.0, ""direction"": ""up"", ""lookback"": 10, ""max_range_bps"": 200.0}",5,rub_per_unit_at_T_plus_h_is_higher_than_at_T,15,15,0.0967741935483871,0.8,0.4942222222222223,1.618705035971223,0.036544850498338874,-31.643781620152982,-52.353851865780335,-6.809559778777486,0.9933554817275747,94.16083314812718,-4.806379344218888,55.5,247.0,2023-10-03,2026-07-30
UZS,corridor_exit_up_L10_r400_b0bp,corridor_exit_up,window_closing,"{""breakout_bps"": 0.0, ""direction"": ""up"", ""lookback"": 10, ""max_range_bps"": 400.0}",5,rub_per_unit_at_T_plus_h_is_higher_than_at_T,44,43,0.2838709677419355,0.627906976744186,0.5035658914728681,1.24692118226601,0.0664451827242525,-32.66111138927889,-58.60284503846142,-8.795000429519892,0.9966777408637874,60.93832775509245,-4.109890053523877,21.0,92.0,2023-09-07,2026-08-28
UZS,corridor_exit_up_L10_r400_b25bp,corridor_exit_up,window_closing,"{""breakout_bps"": 25.0, ""direction"": ""up"", ""lookback"": 10, ""max_range_bps"": 400.0}",5,rub_per_unit_at_T_plus_h_is_higher_than_at_T,36,35,0.23225806451612904,0.6571428571428571,0.4977142857142856,1.3203214695752012,0.059800664451827246,-36.4165240128554,-60.506620168200044,-15.928725694310693,1.0,77.97624398159093,-8.46307552531133,22.0,120.0,2023-09-08,2026-08-28
UZS,corridor_exit_up_L10_r400_b50bp,corridor_exit_up,window_closing,"{""breakout_bps"": 50.0, ""direction"": ""up"", ""lookback"": 10, ""max_range_bps"": 400.0}",5,rub_per_unit_at_T_plus_h_is_higher_than_at_T,30,29,0.1935483870967742,0.7241379310344828,0.5025287356321839,1.4409881061299177,0.009966777408637873,-39.84389815670208,-62.78495161974527,-15.440730437238539,1.0,67.44891009029794,-4.1568678044442064,23.0,170.0,2023-09-06,2026-08-28
UZS,corridor_exit_up_L20_r200_b0bp,corridor_exit_up,window_closing,"{""breakout_bps"": 0.0, ""direction"": ""up"", ""lookback"": 20, ""max_range_bps"": 200.0}",5,rub_per_unit_at_T_plus_h_is_higher_than_at_T,3,3,0.01935483870967742,1.0,0.5077777777777777,1.969365426695843,0.15282392026578073,2.020483703477256,-35.74568477468346,50.396830164212155,0.3787375415282392,94.25716081457627,-11.375311592614889,345.5,486.0,2024-04-12,2026-03-04
UZS,corridor_exit_up_L20_r200_b25bp,corridor_exit_up,window_closing,"{""breakout_bps"": 25.0, ""direction"": ""up"", ""lookback"": 20, ""max_range_bps"": 200.0}",5,rub_per_unit_at_T_plus_h_is_higher_than_at_T,3,3,0.01935483870967742,0.3333333333333333,0.5122222222222222,0.6507592190889371,0.9069767441860465,-26.048785139064496,-74.96993852945555,35.89290138884982,0.8770764119601329,26.552683104614783,-1.034195524591321,343.5,484.0,2024-04-17,2026-03-05
UZS,corridor_exit_up_L20_r200_b50bp,corridor_exit_up,window_closing,"{""breakout_bps"": 50.0, ""direction"": ""up"", ""lookback"": 20, ""max_range_bps"": 200.0}",5,rub_per_unit_at_T_plus_h_is_higher_than_at_T,1,1,0.0064516129032258064,0.0,0.52,0.0,1.0,-74.96993852945555,,,,-127.19918321349999,11.014014888910872,,,2024-04-17,2024-04-17
UZS,corridor_exit_up_L20_r400_b0bp,corridor_exit_up,window_closing,"{""breakout_bps"": 0.0, ""direction"": ""up"", ""lookback"": 20, ""max_range_bps"": 400.0}",5,rub_per_unit_at_T_plus_h_is_higher_than_at_T,19,19,0.12258064516129032,0.6842105263157895,0.4829824561403508,1.4166363966581914,0.023255813953488372,-11.093111322162397,-53.4541830078944,25.836886631490795,0.7043189368770764,127.0001341435326,-10.586506722461943,33.5,211.0,2023-10-03,2026-07-30
UZS,corridor_exit_up_L20_r400_b25bp,corridor_exit_up,window_closing,"{""breakout_bps"": 25.0, ""direction"": ""up"", ""lookback"": 20, ""max_range_bps"": 400.0}",5,rub_per_unit_at_T_plus_h_is_higher_than_at_T,17,17,0.10967741935483871,0.5882352941176471,0.513921568627451,1.1446012972148036,0.3588039867109635,-20.950181785246567,-56.18400484824897,5.769042856977423,0.8837209302325582,106.43655864682914,-3.380433690761001,38.0,210.0,2023-10-04,2026-07-30
UZS,corridor_exit_up_L20_r400_b50bp,corridor_exit_up,window_closing,"{""breakout_bps"": 50.0, ""direction"": ""up"", ""lookback"": 20, ""max_range_bps"": 400.0}",5,rub_per_unit_at_T_plus_h_is_higher_than_at_T,13,13,0.08387096774193549,0.6153846153846154,0.5017948717948718,1.2263668880940215,0.292358803986711,-38.130909743531,-76.24478831872317,-4.2491200722908875,0.973421926910299,74.16520220572137,-2.91126777856598,58.0,214.0,2023-10-04,2026-07-30
UZS,corridor_exit_up_L5_r100_b0bp,corridor_exit_up,window_closing,"{""breakout_bps"": 0.0, ""direction"": ""up"", ""lookback"": 5, ""max_range_bps"": 100.0}",5,rub_per_unit_at_T_plus_h_is_higher_than_at_T,29,29,0.1870967741935484,0.7241379310344828,0.49643678160919535,1.4586709886547813,0.006644518272425249,-13.956250086866605,-44.25668838774107,8.765142207255666,0.8538205980066446,53.010260890179474,-7.223641047158362,23.0,138.0,2023-09-05,2026-07-30
UZS,corridor_exit_up_L5_r100_b25bp,corridor_exit_up,window_closing,"{""breakout_bps"": 25.0, ""direction"": ""up"", ""lookback"": 5, ""max_range_bps"": 100.0}",5,rub_per_unit_at_T_plus_h_is_higher_than_at_T,24,24,0.15483870967741936,0.7083333333333334,0.507361111111111,1.3961127840131402,0.029900332225913623,-25.718959900923135,-55.79152676269627,-5.698219236557345,0.9534883720930233,69.26425235713893,-1.4418778791880122,27.0,155.0,2023-09-06,2026-07-30
UZS,corridor_exit_up_L5_r100_b50bp,corridor_exit_up,window_closing,"{""breakout_bps"": 50.0, ""direction"": ""up"", ""lookback"": 5, ""max_range_bps"": 100.0}",5,rub_per_unit_at_T_plus_h_is_higher_than_at_T,19,19,0.12258064516129032,0.7368421052631579,0.49596491228070183,1.485673859214715,0.03322259136212625,-30.821163918430056,-60.138141000035326,-5.265915086419098,0.9833887043189369,76.25332722630424,-5.087111608678765,46.5,162.0,2023-09-06,2026-07-30
UZS,corridor_exit_up_L5_r200_b0bp,corridor_exit_up,window_closing,"{""breakout_bps"": 0.0, ""direction"": ""up"", ""lookback"": 5, ""max_range_bps"": 200.0}",5,rub_per_unit_at_T_plus_h_is_higher_than_at_T,56,56,0.36129032258064514,0.625,0.5001785714285715,1.2495537308104248,0.029900332225913623,-24.790052905615255,-48.62141397977293,-4.38586737823639,0.9767441860465116,41.48933018689848,-5.642708558812278,14.0,89.0,2023-09-06,2026-08-13
UZS,corridor_exit_up_L5_r200_b25bp,corridor_exit_up,window_closing,"{""breakout_bps"": 25.0, ""direction"": ""up"", ""lookback"": 5, ""max_range_bps"": 200.0}",5,rub_per_unit_at_T_plus_h_is_higher_than_at_T,46,46,0.2967741935483871,0.5652173913043478,0.502463768115942,1.1248918373233343,0.21926910299003322,-39.25775604640351,-62.49289480131625,-16.140068507955952,1.0,39.0547159771951,-4.8472350228109375,20.0,84.0,2023-09-08,2026-08-13
UZS,corridor_exit_up_L5_r200_b50bp,corridor_exit_up,window_closing,"{""breakout_bps"": 50.0, ""direction"": ""up"", ""lookback"": 5, ""max_range_bps"": 200.0}",5,rub_per_unit_at_T_plus_h_is_higher_than_at_T,39,39,0.25161290322580643,0.5897435897435898,0.5029059829059829,1.1726716519374576,0.1760797342192691,-49.89442809218684,-75.34539654920687,-23.962824767822198,0.9966777408637874,30.971011017473067,-3.7918951007625994,20.0,84.0,2023-09-06,2026-08-13
UZS,corridor_exit_up_L5_r400_b0bp,corridor_exit_up,window_closing,"{""breakout_bps"": 0.0, ""direction"": ""up"", ""lookback"": 5, ""max_range_bps"": 400.0}",5,rub_per_unit_at_T_plus_h_is_higher_than_at_T,70,69,0.45161290322580644,0.5942028985507246,0.5053140096618357,1.1759082217973231,0.08970099667774087,-35.65690462836604,-56.078750510193196,-12.896849942469977,1.0,33.96757307884886,-2.1819322876542384,13.0,58.0,2023-09-06,2026-08-28
UZS,corridor_exit_up_L5_r400_b25bp,corridor_exit_up,window_closing,"{""breakout_bps"": 25.0, ""direction"": ""up"", ""lookback"": 5, ""max_range_bps"": 400.0}",5,rub_per_unit_at_T_plus_h_is_higher_than_at_T,59,58,0.38064516129032255,0.5344827586206896,0.5028735632183908,1.0628571428571427,0.3787375415282392,-48.259156752686096,-68.01714029965673,-30.49979357472753,1.0,27.53110621315199,-3.1994740281669998,13.0,76.0,2023-09-08,2026-08-28
UZS,corridor_exit_up_L5_r400_b50bp,corridor_exit_up,window_closing,"{""breakout_bps"": 50.0, ""direction"": ""up"", ""lookback"": 5, ""max_range_bps"": 400.0}",5,rub_per_unit_at_T_plus_h_is_higher_than_at_T,50,49,0.3225806451612903,0.5306122448979592,0.5083673469387755,1.0437575270975512,0.43853820598006643,-62.91323813620223,-84.23720754106608,-43.92878732969318,1.0,9.612563042843169,-2.9116851353148405,15.0,81.0,2023-09-06,2026-08-28
UZS,corridor_exit_up_L5_r50_b0bp,corridor_exit_up,window_closing,"{""breakout_bps"": 0.0, ""direction"": ""up"", ""lookback"": 5, ""max_range_bps"": 50.0}",5,rub_per_unit_at_T_plus_h_is_higher_than_at_T,7,7,0.04516129032258064,0.8571428571428571,0.5166666666666667,1.658986175115207,0.08305647840531562,2.513438276694958,-42.142769198764135,36.483992240801996,0.4850498338870432,44.57650832979665,1.151501574580393,68.5,461.0,2023-12-02,2026-02-27
UZS,corridor_exit_up_L5_r50_b25bp,corridor_exit_up,window_closing,"{""breakout_bps"": 25.0, ""direction"": ""up"", ""lookback"": 5, ""max_range_bps"": 50.0}",5,rub_per_unit_at_T_plus_h_is_higher_than_at_T,5,5,0.03225806451612903,1.0,0.47466666666666657,2.1067415730337085,0.03322259136212625,20.330195395422468,-13.624226409552415,61.48142830179007,0.14285714285714285,199.2929396392862,-10.795152707264918,151.0,461.0,2023-12-02,2026-02-27
UZS,corridor_exit_up_L5_r50_b50bp,corridor_exit_up,window_closing,"{""breakout_bps"": 50.0, ""direction"": ""up"", ""lookback"": 5, ""max_range_bps"": 50.0}",5,rub_per_unit_at_T_plus_h_is_higher_than_at_T,4,4,0.025806451612903226,1.0,0.49916666666666665,2.003338898163606,0.04983388704318937,23.47999430023007,-23.154389871138196,68.25422318816499,0.12624584717607973,225.6598712625396,-5.325284307733757,226.0,461.0,2023-12-02,2026-02-27
AMD,level_L120_p70,level,favourable_now,"{""higher_share"": 0.7, ""lookback"": 120}",5,no_lower_price_in_next_h_observations,78,78,0.5032258064516129,0.24358974358974358,0.28363247863247865,0.8588217568178393,0.8438538205980066,16.481988342657555,-1.2271224465884396,34.64728613128664,0.04318936877076412,-7.747151112349675,-4.273107104256249,6.0,189.0,2023-11-01,2026-06-18
AMD,level_L120_p80,level,favourable_now,"{""higher_share"": 0.8, ""lookback"": 120}",5,no_lower_price_in_next_h_observations,69,69,0.44516129032258067,0.2753623188405797,0.28304347826086956,0.9728622631848438,0.5946843853820598,32.91516994736191,10.582750957723217,69.85257214612079,0.03322259136212625,17.928578168889885,-1.0181683048741752,6.0,188.0,2023-11-15,2026-06-19
AMD,level_L120_p90,level,favourable_now,"{""higher_share"": 0.9, ""lookback"": 120}",5,no_lower_price_in_next_h_observations,52,52,0.33548387096774196,0.17307692307692307,0.2783333333333333,0.6218332565637955,0.9800664451827242,42.10009932790477,13.806156436732227,78.01931415911909,0.023255813953488372,24.500306900863645,-2.9905760164761244,6.0,192.0,2023-12-15,2026-06-10
AMD,level_L120_p95,level,favourable_now,"{""higher_share"": 0.95, ""lookback"": 120}",5,no_lower_price_in_next_h_observations,39,39,0.25161290322580643,0.20512820512820512,0.28,0.7326007326007326,0.8903654485049833,56.01082687240652,27.00800182060437,103.74325024421978,0.013289036544850499,23.179551485964655,-2.018333612578302,6.0,191.0,2024-01-11,2026-05-29
AMD,level_L20_p70,level,favourable_now,"{""higher_share"": 0.7, ""lookback"": 20}",5,no_lower_price_in_next_h_observations,88,88,0.567741935483871,0.18181818181818182,0.2776893939393939,0.6547537852953214,0.9833887043189369,21.7787960901991,4.578311423156902,44.394597565775435,0.03322259136212625,-40.92877611928947,-3.8520976067884125,6.0,93.0,2023-09-23,2026-05-28
AMD,level_L20_p80,level,favourable_now,"{""higher_share"": 0.8, ""lookback"": 20}",5,no_lower_price_in_next_h_observations,76,76,0.49032258064516127,0.17105263157894737,0.27899122807017546,0.6131111460462191,1.0,39.7385665048191,17.708215351353275,61.03987398626577,0.0033222591362126247,-31.12675823739002,-3.2493594834641826,6.0,126.0,2023-09-23,2026-05-30
AMD,level_L20_p90,level,favourable_now,"{""higher_share"": 0.9, ""lookback"": 20}",5,no_lower_price_in_next_h_observations,64,64,0.4129032258064516,0.21875,0.28661458333333334,0.7632200617844812,0.9269102990033222,64.78226229474859,34.518914809870545,96.7696689705965,0.0033222591362126247,-12.109573671962885,0.8755246737868367,7.0,123.0,2023-09-30,2026-05-23
AMD,level_L20_p95,level,favourable_now,"{""higher_share"": 0.95, ""lookback"": 20}",5,no_lower_price_in_next_h_observations,52,52,0.33548387096774196,0.34615384615384615,0.2824358974358974,1.2256014525646846,0.18272425249169436,83.72167994065491,46.42364974437727,121.01427205092995,0.0033222591362126247,7.771129511568826,-2.9156960238973033,10.0,123.0,2023-09-30,2026-05-28
AMD,level_L250_p70,level,favourable_now,"{""higher_share"": 0.7, ""lookback"": 250}",5,no_lower_price_in_next_h_observations,72,72,0.4645161290322581,0.25,0.2797222222222222,0.893743793445879,0.7408637873754153,21.585103204837836,1.249971462265006,44.551552350629,0.04318936877076412,12.557157965453307,-2.0020065493019152,6.0,193.0,2024-06-19,2026-06-23
AMD,level_L250_p80,level,favourable_now,"{""higher_share"": 0.8, ""lookback"": 250}",5,no_lower_price_in_next_h_observations,61,61,0.3935483870967742,0.26229508196721313,0.2883060109289617,0.9097801364670207,0.7275747508305648,37.60405223824771,8.532517756994977,85.48515653747434,0.05647840531561462,22.357481071610184,2.026534896875099,6.0,199.0,2024-06-20,2026-06-18
AMD,level_L250_p90,level,favourable_now,"{""higher_share"": 0.9, ""lookback"": 250}",5,no_lower_price_in_next_h_observations,48,48,0.3096774193548387,0.25,0.27715277777777775,0.9020295665246806,0.7142857142857143,43.319278105059716,9.125361763723308,91.30639050364167,0.053156146179401995,36.029416571120485,-4.4670236038057505,6.0,199.0,2024-06-20,2026-06-19
AMD,level_L250_p95,level,favourable_now,"{""higher_share"": 0.95, ""lookback"": 250}",5,no_lower_price_in_next_h_observations,41,41,0.2645161290322581,0.21951219512195122,0.2795121951219513,0.7853403141361254,0.8604651162790697,58.138770148956986,27.659954422435003,112.3285869041671,0.023255813953488372,55.50632105128487,-2.871704345881387,6.0,204.0,2024-06-20,2026-06-10
AMD,level_L60_p70,level,favourable_now,"{""higher_share"": 0.7, ""lookback"": 60}",5,no_lower_price_in_next_h_observations,91,91,0.5870967741935483,0.23076923076923078,0.28139194139194135,0.8200989325696435,0.8803986710963455,30.49511879543872,14.59405890760923,52.27516738729017,0.0033222591362126247,-15.06940462824043,-3.1857871142356227,6.0,122.0,2023-10-04,2026-06-12
AMD,level_L60_p80,level,favourable_now,"{""higher_share"": 0.8, ""lookback"": 60}",5,no_lower_price_in_next_h_observations,81,81,0.5225806451612903,0.25925925925925924,0.28757201646090536,0.9015455065827132,0.7574750830564784,42.99873391321432,26.084432942302136,69.39938656055078,0.0033222591362126247,2.7652782348628238,0.4588183199209137,6.0,167.0,2023-10-05,2026-06-10
AMD,level_L60_p90,level,favourable_now,"{""higher_share"": 0.9, ""lookback"": 60}",5,no_lower_price_in_next_h_observations,60,60,0.3870967741935484,0.26666666666666666,0.28083333333333327,0.9495548961424335,0.6345514950166113,49.139629739156234,25.797571249580887,86.07368872607006,0.009966777408637873,5.745415176033811,-1.9611445736472153,6.0,170.0,2023-10-05,2026-05-28
AMD,level_L60_p95,level,favourable_now,"{""higher_share"": 0.95, ""lookback"": 60}",5,no_lower_price_in_next_h_observations,51,51,0.32903225806451614,0.3137254901960784,0.2774509803921569,1.1307420494699645,0.32558139534883723,73.86672165909444,47.260557850886904,109.86790324347476,0.0033222591362126247,19.22412333334519,-4.606429656543828,7.0,170.0,2023-10-05,2026-05-30
KGS,level_L120_p70,level,favourable_now,"{""higher_share"": 0.7, ""lookback"": 120}",5,no_lower_price_in_next_h_observations,82,82,0.5290322580645161,0.32926829268292684,0.2896341463414634,1.136842105263158,0.23920265780730898,33.443475866445034,17.105378702820325,50.64502060335109,0.0033222591362126247,11.573380020157144,-7.282679821625749,6.0,183.0,2023-11-15,2026-06-23
KGS,level_L120_p80,level,favourable_now,"{""higher_share"": 0.8, ""lookback"": 120}",5,no_lower_price_in_next_h_observations,71,71,0.45806451612903226,0.2676056338028169,0.29488262910798124,0.9074988059226237,0.7308970099667774,24.422808051943793,11.74568486526153,38.41873847037927,0.0033222591362126247,-11.177079364196613,-2.136791702388283,6.0,190.0,2023-11-16,2026-06-17
KGS,level_L120_p90,level,favourable_now,"{""higher_share"": 0.9, ""lookback"": 120}",5,no_lower_price_in_next_h_observations,53,53,0.3419354838709677,0.11320754716981132,0.2892452830188679,0.3913894324853229,1.0,29.355294516148287,5.530430262147009,61.28297744171303,0.03986710963455149,-12.38298730469983,-7.622634907119015,6.0,192.0,2024-01-11,2026-06-10
KGS,level_L120_p95,level,favourable_now,"{""higher_share"": 0.95, ""lookback"": 120}",5,no_lower_price_in_next_h_observations,44,44,0.2838709677419355,0.1590909090909091,0.2887878787878788,0.5508919202518362,0.9867109634551495,47.13822431263625,15.013848139058407,107.27565510639457,0.04318936877076412,7.701891818158117,-4.140464843427876,6.0,192.0,2024-01-12,2026-05-27
KGS,level_L20_p70,level,favourable_now,"{""higher_share"": 0.7, ""lookback"": 20}",5,no_lower_price_in_next_h_observations,89,89,0.5741935483870968,0.2247191011235955,0.29528089887640446,0.7610350076103501,0.9302325581395349,33.28939308295671,16.98073977263177,55.38475940548163,0.0033222591362126247,-23.690452871365945,-4.499730694696994,6.0,122.0,2023-09-13,2026-05-27
KGS,level_L20_p80,level,favourable_now,"{""higher_share"": 0.8, ""lookback"": 20}",5,no_lower_price_in_next_h_observations,76,76,0.49032258064516127,0.21052631578947367,0.2937280701754386,0.7167388382857995,0.9634551495016611,45.452198841516044,24.38043197087271,68.81340297202748,0.0033222591362126247,-22.110072351231164,-4.8919573245634185,6.0,122.0,2023-09-22,2026-05-28
KGS,level_L20_p90,level,favourable_now,"{""higher_share"": 0.9, ""lookback"": 20}",5,no_lower_price_in_next_h_observations,65,65,0.41935483870967744,0.2153846153846154,0.28892307692307695,0.7454739084132055,0.9335548172757475,51.51045327076187,28.88700131221483,74.27451485667737,0.0033222591362126247,-32.82743395226249,-7.590446220698679,7.0,139.0,2023-10-21,2026-05-28
KGS,level_L20_p95,level,favourable_now,"{""higher_share"": 0.95, ""lookback"": 20}",5,no_lower_price_in_next_h_observations,51,51,0.32903225806451614,0.19607843137254902,0.2886928104575163,0.6791940230925968,0.9601328903654485,54.47760897131445,34.86664048645305,80.62328515325942,0.0033222591362126247,-33.38427146431964,-5.663356619701659,7.0,142.0,2023-10-21,2026-05-28
KGS,level_L250_p70,level,favourable_now,"{""higher_share"": 0.7, ""lookback"": 250}",5,no_lower_price_in_next_h_observations,77,77,0.4967741935483871,0.2597402597402597,0.2875757575757576,0.9032063826584373,0.7906976744186046,25.8575119876161,7.994823881829042,51.25994748905006,0.023255813953488372,19.524068781995002,-4.923448728240881,6.0,199.0,2024-05-28,2026-07-14
KGS,level_L250_p80,level,favourable_now,"{""higher_share"": 0.8, ""lookback"": 250}",5,no_lower_price_in_next_h_observations,66,66,0.4258064516129032,0.2878787878787879,0.29090909090909095,0.9895833333333333,0.5415282392026578,27.15971470109903,6.127398782098127,51.37221813827834,0.016611295681063124,16.16297475998702,-2.3164466192432807,6.0,199.0,2024-06-19,2026-07-10
KGS,level_L250_p90,level,favourable_now,"{""higher_share"": 0.9, ""lookback"": 250}",5,no_lower_price_in_next_h_observations,52,52,0.33548387096774196,0.15384615384615385,0.285,0.5398110661268557,0.9966777408637874,25.40238361838769,-1.412244288321004,73.58426886922413,0.13953488372093023,-6.055559245075762,-6.867347186981973,6.0,238.0,2024-06-20,2026-06-17
KGS,level_L250_p95,level,favourable_now,"{""higher_share"": 0.95, ""lookback"": 250}",5,no_lower_price_in_next_h_observations,46,46,0.2967741935483871,0.13043478260869565,0.29282608695652174,0.4454342984409799,1.0,41.82301213709595,14.647919370969774,79.72169470109876,0.026578073089700997,0.8233093303641149,-3.0696218252979794,6.0,239.0,2024-06-20,2026-06-10
KGS,level_L60_p70,level,favourable_now,"{""higher_share"": 0.7, ""lookback"": 60}",5,no_lower_price_in_next_h_observations,85,85,0.5483870967741935,0.21176470588235294,0.294235294117647,0.7197121151539386,0.9767441860465116,18.87494532943512,2.538431995105017,35.369710865429695,0.016611295681063124,-36.45894260658725,-6.248291093364746,6.0,170.0,2023-10-21,2026-06-17
KGS,level_L60_p80,level,favourable_now,"{""higher_share"": 0.8, ""lookback"": 60}",5,no_lower_price_in_next_h_observations,73,73,0.47096774193548385,0.136986301369863,0.2913698630136986,0.4701457451810061,1.0,29.97230038428049,10.711992236229678,50.47738605587727,0.006644518272425249,-23.204691844736587,-4.009873531370675,6.0,170.0,2023-10-24,2026-06-10
KGS,level_L60_p90,level,favourable_now,"{""higher_share"": 0.9, ""lookback"": 60}",5,no_lower_price_in_next_h_observations,62,62,0.4,0.1774193548387097,0.29403225806451616,0.6034009873834338,0.9800664451827242,35.12255517742911,16.217961199313123,59.35230662114938,0.006644518272425249,-11.837500203995681,-4.643792677835377,6.0,170.0,2023-10-24,2026-05-27
KGS,level_L60_p95,level,favourable_now,"{""higher_share"": 0.95, ""lookback"": 60}",5,no_lower_price_in_next_h_observations,50,50,0.3225806451612903,0.18,0.2946666666666667,0.6108597285067873,0.9800664451827242,59.30957616540591,32.32826055082899,100.00990714784412,0.0033222591362126247,-23.933992403225556,-5.622844838861567,7.0,209.0,2023-10-25,2026-05-28
KZT,level_L120_p70,level,favourable_now,"{""higher_share"": 0.7, ""lookback"": 120}",5,no_lower_price_in_next_h_observations,79,79,0.5096774193548387,0.34177215189873417,0.26244725738396624,1.302250803858521,0.08637873754152824,35.339187052615294,18.18355864800497,56.05831759391668,0.0033222591362126247,5.413423882443638,-5.5067870980142,6.0,137.0,2023-11-01,2026-06-18
KZT,level_L120_p80,level,favourable_now,"{""higher_share"": 0.8, ""lookback"": 120}",5,no_lower_price_in_next_h_observations,66,66,0.4258064516129032,0.36363636363636365,0.26005050505050503,1.3983297727714121,0.03986710963455149,44.15178946258942,22.593600124843718,68.43148404428901,0.0033222591362126247,11.224033434397498,-6.435960617854933,6.0,204.0,2023-11-16,2026-06-18
KZT,level_L120_p90,level,favourable_now,"{""higher_share"": 0.9, ""lookback"": 120}",5,no_lower_price_in_next_h_observations,53,53,0.3419354838709677,0.32075471698113206,0.26528301886792455,1.2091038406827879,0.2292358803986711,41.23447724648757,15.80507328356465,82.28962429827558,0.029900332225913623,-22.688895864782264,-6.403811779679121,6.0,205.0,2024-01-13,2026-06-16
KZT,level_L120_p95,level,favourable_now,"{""higher_share"": 0.95, ""lookback"": 120}",5,no_lower_price_in_next_h_observations,43,43,0.27741935483870966,0.27906976744186046,0.26248062015503876,1.06320141760189,0.4850498338870432,66.54505241189048,39.79468135960052,97.87615687132083,0.0033222591362126247,-11.198485180781361,-3.6255760292125996,6.0,205.0,2024-06-14,2026-06-17
KZT,level_L20_p70,level,favourable_now,"{""higher_share"": 0.7, ""lookback"": 20}",5,no_lower_price_in_next_h_observations,96,96,0.6193548387096774,0.3125,0.26274305555555555,1.1893749174045196,0.14950166112956811,51.91987028832392,39.282493556227045,68.39438443033643,0.0033222591362126247,-17.838352030465817,-4.358181506718491,6.0,68.0,2023-09-12,2026-06-17
KZT,level_L20_p80,level,favourable_now,"{""higher_share"": 0.8, ""lookback"": 20}",5,no_lower_price_in_next_h_observations,85,85,0.5483870967741935,0.25882352941176473,0.26156862745098036,0.9895052473763121,0.574750830564784,52.56913357970116,36.35751117581387,70.4008668804094,0.0033222591362126247,-23.42376701262487,-5.086279963621701,6.0,92.0,2023-09-13,2026-06-17
KZT,level_L20_p90,level,favourable_now,"{""higher_share"": 0.9, ""lookback"": 20}",5,no_lower_price_in_next_h_observations,67,67,0.432258064516129,0.26865671641791045,0.26358208955223883,1.0192525481313703,0.4983388704318937,74.99801489664866,57.37797138262703,96.00229660841102,0.0033222591362126247,-2.597849672298307,-5.672030110493714,7.0,120.0,2023-09-13,2026-06-17
KZT,level_L20_p95,level,favourable_now,"{""higher_share"": 0.95, ""lookback"": 20}",5,no_lower_price_in_next_h_observations,47,47,0.3032258064516129,0.3404255319148936,0.26460992907801417,1.2865183596890915,0.1362126245847176,97.6579671007093,70.51866276980665,125.6097987602179,0.0033222591362126247,27.440393798915586,-4.758842863158264,11.5,122.0,2023-09-21,2026-06-11
KZT,level_L250_p70,level,favourable_now,"{""higher_share"": 0.7, ""lookback"": 250}",5,no_lower_price_in_next_h_observations,82,82,0.5290322580645161,0.23170731707317074,0.2609349593495935,0.8879887832995794,0.7740863787375415,19.800469497179797,0.549899778014203,49.10426909913632,0.09634551495016612,-21.812498110735543,-7.166710918140327,6.0,111.0,2024-06-05,2026-06-16
KZT,level_L250_p80,level,favourable_now,"{""higher_share"": 0.8, ""lookback"": 250}",5,no_lower_price_in_next_h_observations,66,66,0.4258064516129032,0.2878787878787879,0.2675252525252525,1.0760808004530868,0.4053156146179402,31.668932958917278,16.662624416497952,58.741619487458365,0.019933554817275746,-2.360968101811431,-6.18531681255866,6.0,138.0,2024-06-14,2026-06-17
KZT,level_L250_p90,level,favourable_now,"{""higher_share"": 0.9, ""lookback"": 250}",5,no_lower_price_in_next_h_observations,52,52,0.33548387096774196,0.25,0.2619871794871795,0.9542451676046,0.6312292358803987,25.03630379462944,0.6270341373552983,62.667224291532705,0.12292358803986711,-9.454834828906966,-7.440433748997169,6.0,212.0,2024-06-19,2026-06-17
KZT,level_L250_p95,level,favourable_now,"{""higher_share"": 0.95, ""lookback"": 250}",5,no_lower_price_in_next_h_observations,46,46,0.2967741935483871,0.2391304347826087,0.26086956521739124,0.916666666666667,0.6976744186046512,45.59922677040987,10.239764358886317,95.74027757201074,0.036544850498338874,-25.86700139487889,-7.79380720261428,6.0,214.0,2024-06-20,2026-06-11
KZT,level_L60_p70,level,favourable_now,"{""higher_share"": 0.7, ""lookback"": 60}",5,no_lower_price_in_next_h_observations,83,83,0.535483870967742,0.24096385542168675,0.2589156626506024,0.9306654257794323,0.6877076411960132,24.416718735436863,7.225768035042707,49.785878981045265,0.03322259136212625,-37.450140821478705,-7.848222830246077,6.0,123.0,2023-09-22,2026-06-18
KZT,level_L60_p80,level,favourable_now,"{""higher_share"": 0.8, ""lookback"": 60}",5,no_lower_price_in_next_h_observations,80,80,0.5161290322580645,0.2125,0.2595,0.8188824662813101,0.8903654485049833,31.028515637376074,8.47557517080478,62.375061367093416,0.029900332225913623,-47.903341142994705,-6.422508692078117,6.0,129.0,2023-09-22,2026-06-19
KZT,level_L60_p90,level,favourable_now,"{""higher_share"": 0.9, ""lookback"": 60}",5,no_lower_price_in_next_h_observations,66,66,0.4258064516129032,0.2727272727272727,0.26949494949494945,1.0119940029985008,0.5049833887043189,59.75346461687434,40.00461166494258,87.89264821477522,0.0033222591362126247,-0.8429489701296241,-4.319872151931615,6.0,179.0,2023-09-23,2026-06-17
KZT,level_L60_p95,level,favourable_now,"{""higher_share"": 0.95, ""lookback"": 60}",5,no_lower_price_in_next_h_observations,52,52,0.33548387096774196,0.25,0.26346153846153847,0.948905109489051,0.6511627906976745,64.7590095560568,35.81337780519485,104.80837759932103,0.006644518272425249,-7.738548534775766,-3.5561280847209686,6.0,182.0,2023-09-29,2026-06-17
TJS,level_L120_p70,level,favourable_now,"{""higher_share"": 0.7, ""lookback"": 120}",5,no_lower_price_in_next_h_observations,71,71,0.45806451612903226,0.29577464788732394,0.3169483568075117,0.933195082210043,0.7009966777408638,32.3323298874347,15.917754490458709,53.81784456885685,0.009966777408637873,20.05894930392276,7.346771567963777,6.0,185.0,2023-11-16,2026-06-23
TJS,level_L120_p80,level,favourable_now,"{""higher_share"": 0.8, ""lookback"": 120}",5,no_lower_price_in_next_h_observations,61,61,0.3935483870967742,0.3770491803278688,0.3194535519125683,1.1802942182689018,0.19601328903654486,32.849483875485916,17.310711957046184,52.718409415348496,0.0033222591362126247,18.475091688086852,6.916280972961352,6.0,219.0,2023-11-16,2026-06-19
TJS,level_L120_p90,level,favourable_now,"{""higher_share"": 0.9, ""lookback"": 120}",5,no_lower_price_in_next_h_observations,39,39,0.25161290322580643,0.1794871794871795,0.31897435897435894,0.5627009646302251,0.9867109634551495,34.81571441044136,8.923260412864135,72.15549242660718,0.03986710963455149,-6.091811980130748,8.788049802771043,6.0,262.0,2024-01-11,2026-06-10
TJS,level_L120_p95,level,favourable_now,"{""higher_share"": 0.95, ""lookback"": 120}",5,no_lower_price_in_next_h_observations,31,31,0.2,0.2903225806451613,0.32258064516129037,0.8999999999999999,0.7508305647840532,71.7916952622735,30.07516440302714,150.6318249978368,0.03986710963455149,23.457017771339192,3.45759827960494,7.0,276.0,2024-01-13,2026-06-10
TJS,level_L20_p70,level,favourable_now,"{""higher_share"": 0.7, ""lookback"": 20}",5,no_lower_price_in_next_h_observations,80,80,0.5161290322580645,0.325,0.31233333333333335,1.040554962646745,0.4485049833887043,50.65050697509771,28.913385322126597,78.45160231374882,0.0033222591362126247,5.085889166435441,5.058367390038711,6.0,94.0,2023-09-13,2026-06-10
TJS,level_L20_p80,level,favourable_now,"{""higher_share"": 0.8, ""lookback"": 20}",5,no_lower_price_in_next_h_observations,70,70,0.45161290322580644,0.2714285714285714,0.3071904761904762,0.8835839404743451,0.7641196013289037,52.14457700102156,29.85740966358746,80.96162295826863,0.0033222591362126247,-5.210086712242261,4.062716576406074,6.0,94.0,2023-10-21,2026-06-10
TJS,level_L20_p90,level,favourable_now,"{""higher_share"": 0.9, ""lookback"": 20}",5,no_lower_price_in_next_h_observations,55,55,0.3548387096774194,0.23636363636363636,0.31806060606060604,0.743140243902439,0.946843853820598,71.2516465482694,42.6552372595816,106.62405294091249,0.0033222591362126247,3.2933584415198247,6.342886581231331,8.0,130.0,2023-10-21,2026-05-19
TJS,level_L20_p95,level,favourable_now,"{""higher_share"": 0.95, ""lookback"": 20}",5,no_lower_price_in_next_h_observations,46,46,0.2967741935483871,0.2608695652173913,0.31652173913043474,0.8241758241758242,0.8504983388704319,77.50582323053729,49.79466025774769,107.52876743022343,0.0033222591362126247,-3.9936276863988867,5.764839896477823,10.0,127.0,2023-10-21,2026-05-19
TJS,level_L250_p70,level,favourable_now,"{""higher_share"": 0.7, ""lookback"": 250}",5,no_lower_price_in_next_h_observations,50,50,0.3225806451612903,0.3,0.31426666666666664,0.9546033092914723,0.6445182724252492,17.469405587517393,-5.364927342215808,48.977638001547845,0.14285714285714285,13.588230960072806,6.501265263652561,6.0,283.0,2024-05-28,2026-06-23
TJS,level_L250_p80,level,favourable_now,"{""higher_share"": 0.8, ""lookback"": 250}",5,no_lower_price_in_next_h_observations,38,38,0.24516129032258063,0.3684210526315789,0.31166666666666665,1.182099634112018,0.2591362126245847,32.40983520354941,-0.3185732301827452,71.1577996572184,0.06312292358803986,25.140105274097085,5.0651915127981715,6.0,303.0,2024-06-19,2026-06-19
TJS,level_L250_p90,level,favourable_now,"{""higher_share"": 0.9, ""lookback"": 250}",5,no_lower_price_in_next_h_observations,26,26,0.16774193548387098,0.2692307692307692,0.321025641025641,0.8386581469648562,0.8106312292358804,48.42841217961021,-6.594768160255805,156.1106752967018,0.15946843853820597,35.6918810680715,6.060967779037546,6.0,356.0,2024-06-20,2026-06-16
TJS,level_L250_p95,level,favourable_now,"{""higher_share"": 0.95, ""lookback"": 250}",5,no_lower_price_in_next_h_observations,18,18,0.11612903225806452,0.4444444444444444,0.3159259259259259,1.406799531066823,0.15614617940199335,122.33477400672359,57.3211002430248,239.2162826802088,0.026578073089700997,136.0426957270367,8.347591484675876,8.0,384.0,2024-06-20,2026-06-10
TJS,level_L60_p70,level,favourable_now,"{""higher_share"": 0.7, ""lookback"": 60}",5,no_lower_price_in_next_h_observations,79,79,0.5096774193548387,0.21518987341772153,0.32075949367088613,0.6708760852407261,0.9900332225913622,25.6516469213501,8.671127189825228,47.01181968865482,0.016611295681063124,-28.270389267781088,8.334187712947559,6.0,154.0,2023-10-21,2026-06-16
TJS,level_L60_p80,level,favourable_now,"{""higher_share"": 0.8, ""lookback"": 60}",5,no_lower_price_in_next_h_observations,67,67,0.432258064516129,0.208955223880597,0.31278606965174127,0.6680451725783363,0.9833887043189369,33.709331199698376,14.618366684052626,57.38641907201956,0.0033222591362126247,-10.248862387905014,4.948471973078438,6.0,181.0,2023-10-24,2026-06-10
TJS,level_L60_p90,level,favourable_now,"{""higher_share"": 0.9, ""lookback"": 60}",5,no_lower_price_in_next_h_observations,52,52,0.33548387096774196,0.25,0.30916666666666665,0.8086253369272238,0.8704318936877077,44.45941348553562,27.712605972952417,70.02920761923372,0.0033222591362126247,-6.406729873545251,4.226570537343384,6.0,217.0,2023-10-25,2026-06-10
TJS,level_L60_p95,level,favourable_now,"{""higher_share"": 0.95, ""lookback"": 60}",5,no_lower_price_in_next_h_observations,44,44,0.2838709677419355,0.25,0.30727272727272725,0.8136094674556213,0.8438538205980066,55.80728817864745,33.8538217690238,82.22506729181237,0.0033222591362126247,-5.3789392276621575,4.722788761013508,6.0,220.0,2023-10-25,2026-05-28
UZS,level_L120_p70,level,favourable_now,"{""higher_share"": 0.7, ""lookback"": 120}",5,no_lower_price_in_next_h_observations,89,89,0.5741935483870968,0.23595505617977527,0.29142322097378276,0.8096645675363064,0.9102990033222591,14.070875531608634,5.912475450019479,24.955127055807903,0.016611295681063124,-21.142680143374328,-3.4907858226598023,6.0,189.0,2023-10-28,2026-06-19
UZS,level_L120_p80,level,favourable_now,"{""higher_share"": 0.8, ""lookback"": 120}",5,no_lower_price_in_next_h_observations,77,77,0.4967741935483871,0.2857142857142857,0.28974025974025974,0.9861048857014791,0.5980066445182725,16.93641370675723,7.098245461184422,30.120857175733462,0.009966777408637873,-7.348693517300365,-4.166883022495108,6.0,189.0,2023-11-15,2026-06-18
UZS,level_L120_p90,level,favourable_now,"{""higher_share"": 0.9, ""lookback"": 120}",5,no_lower_price_in_next_h_observations,60,60,0.3870967741935484,0.18333333333333332,0.29694444444444446,0.6173994387277829,0.9767441860465116,33.48410335742896,14.758239395984287,54.740140774375405,0.0033222591362126247,-6.351123268646399,-2.5960467089406296,6.0,191.0,2023-11-16,2026-06-10
UZS,level_L120_p95,level,favourable_now,"{""higher_share"": 0.95, ""lookback"": 120}",5,no_lower_price_in_next_h_observations,44,44,0.2838709677419355,0.18181818181818182,0.28583333333333333,0.6360985952822688,0.9501661129568106,42.15246710283921,23.862946967834212,61.09162973646719,0.0033222591362126247,-2.8590350734516776,-5.36185702732417,6.0,192.0,2023-11-21,2026-05-27
UZS,level_L20_p70,level,favourable_now,"{""higher_share"": 0.7, ""lookback"": 20}",5,no_lower_price_in_next_h_observations,82,82,0.5290322580645161,0.17073170731707318,0.29121951219512193,0.5862646566164155,0.9966777408637874,28.686878388971518,14.351837172770018,46.83651536864816,0.0033222591362126247,-47.010731541991476,-3.4290527917862574,6.0,94.0,2023-09-13,2026-05-27
UZS,level_L20_p80,level,favourable_now,"{""higher_share"": 0.8, ""lookback"": 20}",5,no_lower_price_in_next_h_observations,76,76,0.49032258064516127,0.18421052631578946,0.2878070175438596,0.6400487656202377,0.9867109634551495,43.00880778806521,24.082706205409238,66.53042087192902,0.0033222591362126247,-35.209962794664634,-5.095193257089046,6.0,97.0,2023-09-13,2026-05-28
UZS,level_L20_p90,level,favourable_now,"{""higher_share"": 0.9, ""lookback"": 20}",5,no_lower_price_in_next_h_observations,65,65,0.41935483870967744,0.18461538461538463,0.287025641025641,0.643201715204574,0.9900332225913622,51.67567905480667,28.211790038035225,79.77122195322382,0.0033222591362126247,-26.93772011084002,-4.487958571440413,7.0,141.0,2023-09-23,2026-05-28
UZS,level_L20_p95,level,favourable_now,"{""higher_share"": 0.95, ""lookback"": 20}",5,no_lower_price_in_next_h_observations,50,50,0.3225806451612903,0.18,0.28886666666666666,0.6231248557581353,0.9767441860465116,55.59704514144806,37.69329735845238,77.73635064989107,0.0033222591362126247,-41.3777245153585,-6.043185416818008,7.0,141.0,2023-09-26,2026-05-19
UZS,level_L250_p70,level,favourable_now,"{""higher_share"": 0.7, ""lookback"": 250}",5,no_lower_price_in_next_h_observations,75,75,0.4838709677419355,0.25333333333333335,0.2899111111111111,0.8738310593285299,0.8073089700996677,16.75833502484796,1.577574133028713,36.876174243800726,0.0664451827242525,4.449293270533811,-4.95280819472338,6.0,160.0,2024-01-17,2026-06-24
UZS,level_L250_p80,level,favourable_now,"{""higher_share"": 0.8, ""lookback"": 250}",5,no_lower_price_in_next_h_observations,61,61,0.3935483870967742,0.22950819672131148,0.28683060109289615,0.800152409982854,0.8538205980066446,19.69188875708899,3.291139304652294,43.28561790752806,0.059800664451827246,-4.490182934561397,-5.78929921996429,6.0,190.0,2024-05-07,2026-06-24
UZS,level_L250_p90,level,favourable_now,"{""higher_share"": 0.9, ""lookback"": 250}",5,no_lower_price_in_next_h_observations,51,51,0.32903225806451614,0.21568627450980393,0.2884313725490196,0.7477906186267845,0.9401993355481728,20.682381728700495,-4.591538679969224,54.74783375762939,0.08970099667774087,-1.7692259634156748,-4.233220575340884,6.0,266.0,2024-05-22,2026-06-20
UZS,level_L250_p95,level,favourable_now,"{""higher_share"": 0.95, ""lookback"": 250}",5,no_lower_price_in_next_h_observations,39,39,0.25161290322580643,0.1794871794871795,0.2870940170940171,0.6251860672819292,0.9501661129568106,34.209354077924786,12.457913614756537,62.05259926942541,0.013289036544850499,6.710883516460192,-5.439351786024681,6.0,296.0,2024-05-25,2026-06-10
UZS,level_L60_p70,level,favourable_now,"{""higher_share"": 0.7, ""lookback"": 60}",5,no_lower_price_in_next_h_observations,90,90,0.5806451612903226,0.2,0.28755555555555556,0.6955177743431221,0.9900332225913622,18.168289398598578,1.665681936920591,35.018953771260314,0.026578073089700997,-27.141170698375113,-4.076484509584441,6.0,170.0,2023-10-21,2026-06-16
UZS,level_L60_p80,level,favourable_now,"{""higher_share"": 0.8, ""lookback"": 60}",5,no_lower_price_in_next_h_observations,79,79,0.5096774193548387,0.1518987341772152,0.2923206751054852,0.5196304849884528,1.0,26.38578060084486,10.431242458831436,44.83576136191004,0.006644518272425249,-32.794861738492855,-2.375860397792064,6.0,168.0,2023-10-21,2026-06-10
UZS,level_L60_p90,level,favourable_now,"{""higher_share"": 0.9, ""lookback"": 60}",5,no_lower_price_in_next_h_observations,61,61,0.3935483870967742,0.14754098360655737,0.29437158469945357,0.5012066085019491,0.9966777408637874,28.633207280538365,14.449746338655283,43.09894343406625,0.0033222591362126247,-35.31776279971022,-2.883848244570316,6.0,170.0,2023-10-24,2026-05-27
UZS,level_L60_p95,level,favourable_now,"{""higher_share"": 0.95, ""lookback"": 60}",5,no_lower_price_in_next_h_observations,55,55,0.3548387096774194,0.2727272727272727,0.28484848484848485,0.9574468085106382,0.6378737541528239,57.06184369554642,34.366107127818104,89.34226875792943,0.0033222591362126247,-8.571140865525916,-4.727033137910879,7.0,175.0,2023-10-24,2026-05-28
