strategy_id,train_count,train_signals_per_week,train_hit_rate,train_random_hit_rate,train_hit_lift,train_benefit_bps,frequency_gate,sample_gate,benefit_gate,lift_gate,frequency_distance,currency,signal_family,scenario,selection_horizon,fold_start,fold_end
level_L20_p90,78,0.3786407766990291,0.44871794871794873,0.38703140830800403,1.15938380990737,58.75282991646245,False,True,True,False,0.6213592233009708,AMD,level,favourable_now,2,2018-01-01,2019-01-01
corridor_exit_down_L5_r400_b50bp,65,0.3155339805825243,0.4307692307692308,0.38703140830800403,1.1130084575110755,77.43931927679597,False,True,True,False,0.6844660194174756,AMD,corridor_exit_down,favourable_now,2,2018-01-01,2019-01-01
corridor_exit_up_L10_r400_b0bp,57,0.2766990291262136,0.6491228070175439,0.5086119554204661,1.2762633675823023,-35.26493650483483,False,True,False,True,0.7233009708737864,AMD,corridor_exit_up,window_closing,2,2018-01-01,2019-01-01
level_L20_p90,92,0.35797665369649806,0.43478260869565216,0.39303079416531606,1.1062303899596593,56.177617403916784,False,True,True,False,0.6420233463035019,AMD,level,favourable_now,2,2019-01-01,2020-01-01
corridor_exit_down_L5_r400_b50bp,78,0.3035019455252918,0.4358974358974359,0.39303079416531606,1.1090668781390431,73.52478449918883,False,True,True,False,0.6964980544747081,AMD,corridor_exit_down,favourable_now,2,2019-01-01,2020-01-01
corridor_exit_up_L20_r400_b0bp,34,0.13229571984435798,0.6764705882352942,0.5113452188006483,1.3229234641558685,-30.53887039770648,False,True,False,True,0.867704280155642,AMD,corridor_exit_up,window_closing,2,2019-01-01,2020-01-01
level_L120_p95,58,0.18831168831168832,0.4482758620689655,0.3864864864864865,1.1598746081504703,35.84133521175387,False,True,True,False,0.8116883116883117,AMD,level,favourable_now,2,2020-01-01,2021-01-01
corridor_exit_down_L20_r400_b0bp,37,0.12012987012987013,0.5135135135135135,0.3864864864864865,1.3286713286713285,34.406085759682334,False,True,True,True,0.8798701298701299,AMD,corridor_exit_down,favourable_now,2,2020-01-01,2021-01-01
corridor_exit_up_L5_r100_b0bp,72,0.23376623376623376,0.6388888888888888,0.5027027027027027,1.2709080047789725,-18.175523647816586,False,True,False,True,0.7662337662337663,AMD,corridor_exit_up,window_closing,2,2020-01-01,2021-01-01
level_L120_p95,64,0.17777777777777778,0.453125,0.3871154962275102,1.170516304347826,35.97625319573708,False,True,True,False,0.8222222222222222,AMD,level,favourable_now,2,2021-01-01,2022-01-01
corridor_exit_down_L20_r400_b0bp,37,0.10277777777777777,0.5135135135135135,0.3871154962275102,1.3265124194659426,34.406085759682334,False,True,True,True,0.8972222222222223,AMD,corridor_exit_down,favourable_now,2,2021-01-01,2022-01-01
corridor_exit_up_L20_r400_b25bp,38,0.10555555555555556,0.6842105263157895,0.506094022054556,1.351943505552873,-30.062673657887714,False,True,False,True,0.8944444444444445,AMD,corridor_exit_up,window_closing,2,2021-01-01,2022-01-01
level_L120_p95,72,0.17518248175182483,0.4444444444444444,0.38863521055301875,1.1436031331592689,37.41601088530457,False,True,True,False,0.8248175182481752,AMD,level,favourable_now,2,2022-01-01,2023-01-01
corridor_exit_down_L20_r400_b0bp,47,0.11435523114355231,0.5319148936170213,0.38863521055301875,1.3686739625576358,31.843779825552623,False,True,True,True,0.8856447688564477,AMD,corridor_exit_down,favourable_now,2,2022-01-01,2023-01-01
corridor_exit_up_L20_r400_b25bp,42,0.10218978102189781,0.7142857142857143,0.5088787417554541,1.4036462042444096,-27.88329584396866,False,True,False,True,0.8978102189781022,AMD,corridor_exit_up,window_closing,2,2022-01-01,2023-01-01
level_L120_p95,81,0.17532467532467533,0.4444444444444444,0.38999098286744815,1.1396274887604367,49.43344846056574,False,True,True,False,0.8246753246753247,AMD,level,favourable_now,2,2023-01-01,2024-01-01
corridor_exit_down_L20_r400_b0bp,48,0.1038961038961039,0.5208333333333334,0.38999098286744815,1.3355009633911368,31.973941976626396,False,True,True,True,0.8961038961038961,AMD,corridor_exit_down,favourable_now,2,2023-01-01,2024-01-01
corridor_exit_up_L20_r400_b25bp,44,0.09523809523809523,0.7045454545454546,0.5054102795311091,1.394006974292434,-29.7640062002435,False,True,False,True,0.9047619047619048,AMD,corridor_exit_up,window_closing,2,2023-01-01,2024-01-01
level_L120_p95,81,0.15789473684210525,0.4444444444444444,0.4,1.111111111111111,49.43344846056574,False,True,True,False,0.8421052631578947,AMD,level,favourable_now,2,2024-01-01,2025-01-01
corridor_exit_down_L20_r400_b0bp,50,0.09746588693957114,0.5,0.4,1.25,28.19786163073418,False,True,True,True,0.9025341130604289,AMD,corridor_exit_down,favourable_now,2,2024-01-01,2025-01-01
corridor_exit_up_L20_r400_b25bp,46,0.08966861598440545,0.717391304347826,0.5139959432048682,1.3957139425551626,-27.2479260552868,False,True,False,True,0.9103313840155945,AMD,corridor_exit_up,window_closing,2,2024-01-01,2025-01-01
level_L250_p95,52,0.09219858156028368,0.46153846153846156,0.40508661997788425,1.1393574578287955,52.928145306976376,False,True,True,False,0.9078014184397163,AMD,level,favourable_now,2,2025-01-01,2026-01-01
corridor_exit_down_L20_r400_b0bp,57,0.10106382978723404,0.5087719298245614,0.40508661997788425,1.255958367255719,30.936291450188335,False,True,True,True,0.898936170212766,AMD,corridor_exit_down,favourable_now,2,2025-01-01,2026-01-01
corridor_exit_up_L20_r400_b25bp,53,0.09397163120567376,0.7358490566037735,0.5178768890527092,1.4208957228228023,-25.75728612809387,False,True,False,True,0.9060283687943262,AMD,corridor_exit_up,window_closing,2,2025-01-01,2026-01-01
level_L60_p95,136,0.22113821138211381,0.41911764705882354,0.3989864864864865,1.0504557453802859,42.214710438871656,False,True,True,False,0.7788617886178861,AMD,level,favourable_now,2,2026-01-01,2026-09-03
corridor_exit_down_L20_r400_b0bp,61,0.0991869918699187,0.4918032786885246,0.3989864864864865,1.23263141822018,30.193002671678904,False,True,True,True,0.9008130081300814,AMD,corridor_exit_down,favourable_now,2,2026-01-01,2026-09-03
corridor_exit_up_L20_r400_b25bp,55,0.08943089430894309,0.7454545454545455,0.5114864864864865,1.4574276450102077,-24.44791255127476,False,True,False,True,0.9105691056910569,AMD,corridor_exit_up,window_closing,2,2026-01-01,2026-09-03
level_L20_p90,83,0.4029126213592233,0.5301204819277109,0.3819655521783181,1.3878751078584899,68.09851963862641,False,True,True,True,0.5970873786407767,KGS,level,favourable_now,2,2018-01-01,2019-01-01
corridor_exit_down_L10_r400_b50bp,30,0.14563106796116504,0.4,0.3819655521783181,1.047214854111406,88.0150466001322,False,True,True,False,0.854368932038835,KGS,corridor_exit_down,favourable_now,2,2018-01-01,2019-01-01
corridor_exit_up_L5_r100_b0bp,40,0.1941747572815534,0.625,0.5075987841945289,1.2312874251497006,-25.652057860883428,False,True,False,True,0.8058252427184466,KGS,corridor_exit_up,window_closing,2,2018-01-01,2019-01-01
level_L60_p90,66,0.25680933852140075,0.5151515151515151,0.3905996758508914,1.318873381114045,44.54226518611545,False,True,True,True,0.7431906614785992,KGS,level,favourable_now,2,2019-01-01,2020-01-01
corridor_exit_down_L5_r100_b0bp,44,0.17120622568093385,0.4318181818181818,0.3905996758508914,1.1055262165220672,35.061353103197554,False,True,True,False,0.8287937743190661,KGS,corridor_exit_down,favourable_now,2,2019-01-01,2020-01-01
corridor_exit_up_L10_r200_b0bp,39,0.1517509727626459,0.6410256410256411,0.5129659643435981,1.249645562441771,-28.644855193000442,False,True,False,True,0.8482490272373541,KGS,corridor_exit_up,window_closing,2,2019-01-01,2020-01-01
level_L250_p95,40,0.12987012987012986,0.475,0.3810810810810811,1.24645390070922,22.43523185834534,False,True,True,True,0.8701298701298701,KGS,level,favourable_now,2,2020-01-01,2021-01-01
corridor_exit_down_L5_r100_b0bp,70,0.22727272727272727,0.4142857142857143,0.3810810810810811,1.0871327254305978,26.554145188241318,False,True,True,False,0.7727272727272727,KGS,corridor_exit_down,favourable_now,2,2020-01-01,2021-01-01
corridor_exit_up_L20_r400_b25bp,30,0.09740259740259741,0.6,0.5006756756756757,1.1983805668016192,-39.13077982332891,False,True,False,False,0.9025974025974026,KGS,corridor_exit_up,window_closing,2,2020-01-01,2021-01-01
level_L60_p90,107,0.2972222222222222,0.48598130841121495,0.3830528148578062,1.2687057490795808,43.05171364317255,False,True,True,True,0.7027777777777777,KGS,level,favourable_now,2,2021-01-01,2022-01-01
corridor_exit_down_L5_r100_b0bp,78,0.21666666666666667,0.41025641025641024,0.3830528148578062,1.0710178710178708,33.977403904344705,False,True,True,False,0.7833333333333333,KGS,corridor_exit_down,favourable_now,2,2021-01-01,2022-01-01
corridor_exit_up_L20_r400_b25bp,35,0.09722222222222222,0.6,0.5084155542658154,1.1801369863013698,-40.51881100326016,False,True,False,False,0.9027777777777778,KGS,corridor_exit_up,window_closing,2,2021-01-01,2022-01-01
level_L60_p90,127,0.30900243309002434,0.48031496062992124,0.38254693049213595,1.2555713360763592,40.5112209774786,False,True,True,True,0.6909975669099757,KGS,level,favourable_now,2,2022-01-01,2023-01-01
corridor_exit_down_L5_r100_b0bp,97,0.2360097323600973,0.4020618556701031,0.38254693049213595,1.051013153217206,33.05548744338657,False,True,True,False,0.7639902676399026,KGS,corridor_exit_down,favourable_now,2,2022-01-01,2023-01-01
corridor_exit_up_L20_r400_b25bp,38,0.09245742092457421,0.631578947368421,0.5032978183663115,1.2548811544991512,-38.07939658244897,False,True,False,True,0.9075425790754258,KGS,corridor_exit_up,window_closing,2,2022-01-01,2023-01-01
level_L250_p95,84,0.18181818181818182,0.47619047619047616,0.3854824165915239,1.2353104984683931,55.641935288769865,False,True,True,True,0.8181818181818181,KGS,level,favourable_now,2,2023-01-01,2024-01-01
corridor_exit_down_L5_r100_b0bp,101,0.21861471861471862,0.39603960396039606,0.3854824165915239,1.027386949221238,35.494434393300914,False,True,True,False,0.7813852813852814,KGS,corridor_exit_down,favourable_now,2,2023-01-01,2024-01-01
corridor_exit_up_L20_r400_b50bp,31,0.0670995670995671,0.6451612903225806,0.5036068530207394,1.281081237184856,-47.62047595301471,False,True,False,True,0.9329004329004329,KGS,corridor_exit_up,window_closing,2,2023-01-01,2024-01-01
level_L250_p95,84,0.16374269005847952,0.47619047619047616,0.39634888438133875,1.2014427060486426,55.641935288769865,False,True,True,True,0.8362573099415205,KGS,level,favourable_now,2,2024-01-01,2025-01-01
corridor_exit_down_L5_r100_b0bp,113,0.2202729044834308,0.415929203539823,0.39634888438133875,1.0494017264336373,34.57507799430704,False,True,True,False,0.7797270955165692,KGS,corridor_exit_down,favourable_now,2,2024-01-01,2025-01-01
corridor_exit_up_L20_r400_b50bp,36,0.07017543859649122,0.6944444444444444,0.5135902636916836,1.3521370896963314,-40.30159921230039,False,True,False,True,0.9298245614035088,KGS,corridor_exit_up,window_closing,2,2024-01-01,2025-01-01
level_L250_p95,86,0.1524822695035461,0.4883720930232558,0.402506450423885,1.2133273703041145,61.95264533332311,False,True,True,True,0.8475177304964538,KGS,level,favourable_now,2,2025-01-01,2026-01-01
corridor_exit_down_L5_r100_b0bp,125,0.22163120567375885,0.4,0.402506450423885,0.9937728937728938,32.38467862099986,False,True,True,False,0.7783687943262412,KGS,corridor_exit_down,favourable_now,2,2025-01-01,2026-01-01
corridor_exit_up_L20_r400_b25bp,55,0.0975177304964539,0.6909090909090909,0.5175082934021379,1.335068635068635,-29.121090462586,False,True,False,True,0.9024822695035462,KGS,corridor_exit_up,window_closing,2,2025-01-01,2026-01-01
level_L250_p95,114,0.18536585365853658,0.43859649122807015,0.3952702702702703,1.1096116359274253,47.681507469137784,False,True,True,False,0.8146341463414635,KGS,level,favourable_now,2,2026-01-01,2026-09-03
corridor_exit_down_L5_r100_b0bp,138,0.22439024390243903,0.391304347826087,0.3952702702702703,0.9899665551839465,30.604239666860927,False,True,True,False,0.775609756097561,KGS,corridor_exit_down,favourable_now,2,2026-01-01,2026-09-03
corridor_exit_up_L20_r400_b50bp,44,0.07154471544715447,0.7045454545454546,0.5097972972972973,1.3820109645159349,-37.853592459774305,False,True,False,True,0.9284552845528455,KGS,corridor_exit_up,window_closing,2,2026-01-01,2026-09-03
level_L60_p95,69,0.33495145631067963,0.4782608695652174,0.3829787234042553,1.248792270531401,90.22167762768073,False,True,True,True,0.6650485436893203,KZT,level,favourable_now,2,2018-01-01,2019-01-01
corridor_exit_down_L5_r400_b50bp,59,0.28640776699029125,0.4406779661016949,0.3829787234042553,1.1506591337099812,76.4458111205935,False,True,True,False,0.7135922330097088,KZT,corridor_exit_down,favourable_now,2,2018-01-01,2019-01-01
corridor_exit_up_L10_r400_b50bp,33,0.16019417475728157,0.6060606060606061,0.49746707193515705,1.2182929087206074,-42.26151178186766,False,True,False,True,0.8398058252427184,KZT,corridor_exit_up,window_closing,2,2018-01-01,2019-01-01
level_L60_p95,80,0.311284046692607,0.475,0.3824959481361426,1.241843220338983,81.72417355111831,False,True,True,True,0.688715953307393,KZT,level,favourable_now,2,2019-01-01,2020-01-01
corridor_exit_down_L5_r400_b50bp,70,0.2723735408560311,0.42857142857142855,0.3824959481361426,1.12046004842615,71.38181451976189,False,True,True,False,0.727626459143969,KZT,corridor_exit_down,favourable_now,2,2019-01-01,2020-01-01
corridor_exit_up_L10_r400_b50bp,44,0.17120622568093385,0.5681818181818182,0.49756888168557534,1.1419159016878888,-38.407675418532286,False,True,False,False,0.8287937743190661,KZT,corridor_exit_up,window_closing,2,2019-01-01,2020-01-01
level_L60_p95,100,0.3246753246753247,0.45,0.3695945945945946,1.2175502742230349,67.82875114623316,False,True,True,True,0.6753246753246753,KZT,level,favourable_now,2,2020-01-01,2021-01-01
corridor_exit_down_L5_r400_b50bp,83,0.2694805194805195,0.40963855421686746,0.3695945945945946,1.1083456311534987,64.56729568516532,False,True,True,False,0.7305194805194806,KZT,corridor_exit_down,favourable_now,2,2020-01-01,2021-01-01
corridor_exit_up_L10_r400_b50bp,48,0.15584415584415584,0.5625,0.4837837837837838,1.162709497206704,-37.502042786983196,False,True,False,False,0.8441558441558441,KZT,corridor_exit_up,window_closing,2,2020-01-01,2021-01-01
level_L60_p95,107,0.2972222222222222,0.45794392523364486,0.3702843876958793,1.236735710309671,65.54276874576966,False,True,True,True,0.7027777777777777,KZT,level,favourable_now,2,2021-01-01,2022-01-01
corridor_exit_down_L10_r200_b50bp,32,0.08888888888888889,0.40625,0.3702843876958793,1.0971297021943573,41.69697637677754,False,True,True,False,0.9111111111111111,KZT,corridor_exit_down,favourable_now,2,2021-01-01,2022-01-01
corridor_exit_up_L20_r400_b25bp,38,0.10555555555555556,0.5526315789473685,0.4910040626813697,1.1255132512131394,-27.101954028517632,False,True,False,False,0.8944444444444445,KZT,corridor_exit_up,window_closing,2,2021-01-01,2022-01-01
level_L60_p95,125,0.30413625304136255,0.44,0.3647894469812278,1.2061752433936024,58.95755483294359,False,True,True,True,0.6958637469586375,KZT,level,favourable_now,2,2022-01-01,2023-01-01
corridor_exit_down_L5_r400_b50bp,103,0.25060827250608275,0.3786407766990291,0.3647894469812278,1.0379707522583956,60.29673599223978,False,True,True,False,0.7493917274939172,KZT,corridor_exit_down,favourable_now,2,2022-01-01,2023-01-01
corridor_exit_up_L20_r400_b25bp,43,0.10462287104622871,0.5348837209302325,0.48300355149670215,1.1074115692788744,-27.65321462239635,False,True,False,False,0.8953771289537713,KZT,corridor_exit_up,window_closing,2,2022-01-01,2023-01-01
level_L60_p95,138,0.2987012987012987,0.41304347826086957,0.3651938683498647,1.1310252281266775,62.02180195881679,False,True,True,False,0.7012987012987013,KZT,level,favourable_now,2,2023-01-01,2024-01-01
corridor_exit_down_L10_r400_b50bp,64,0.13852813852813853,0.390625,0.3651938683498647,1.0696373456790125,62.07326880666001,False,True,True,False,0.8614718614718615,KZT,corridor_exit_down,favourable_now,2,2023-01-01,2024-01-01
corridor_exit_up_L20_r400_b25bp,47,0.10173160173160173,0.5319148936170213,0.48196573489630296,1.1036363274485999,-30.069359532835026,False,True,False,False,0.8982683982683983,KZT,corridor_exit_up,window_closing,2,2023-01-01,2024-01-01
level_L60_p95,144,0.2807017543859649,0.4166666666666667,0.37403651115618664,1.1139732465654375,61.886650404555766,False,True,True,False,0.7192982456140351,KZT,level,favourable_now,2,2024-01-01,2025-01-01
corridor_exit_down_L10_r400_b50bp,70,0.1364522417153996,0.38571428571428573,0.37403651115618664,1.031220948249148,63.25235198126476,False,True,True,False,0.8635477582846004,KZT,corridor_exit_down,favourable_now,2,2024-01-01,2025-01-01
corridor_exit_up_L10_r200_b50bp,47,0.09161793372319688,0.5531914893617021,0.4912778904665314,1.1260256162482212,-31.78472642250595,False,True,False,False,0.9083820662768032,KZT,corridor_exit_up,window_closing,2,2024-01-01,2025-01-01
level_L60_p95,157,0.2783687943262411,0.4140127388535032,0.3767047548838924,1.0990377304398768,60.07304200748091,False,True,True,False,0.7216312056737588,KZT,level,favourable_now,2,2025-01-01,2026-01-01
corridor_exit_down_L10_r400_b50bp,80,0.14184397163120568,0.4,0.3767047548838924,1.061839530332681,68.448191847915,False,True,True,False,0.8581560283687943,KZT,corridor_exit_down,favourable_now,2,2025-01-01,2026-01-01
corridor_exit_up_L10_r400_b50bp,96,0.1702127659574468,0.5520833333333334,0.4928123848138592,1.1202708177511844,-37.86110710509683,False,True,False,False,0.8297872340425532,KZT,corridor_exit_up,window_closing,2,2025-01-01,2026-01-01
level_L60_p95,184,0.2991869918699187,0.4076086956521739,0.37263513513513513,1.0938547045606843,56.53895914134722,False,True,True,False,0.7008130081300813,KZT,level,favourable_now,2,2026-01-01,2026-09-03
corridor_exit_down_L10_r400_b50bp,90,0.14634146341463414,0.37777777777777777,0.37263513513513513,1.0138007454417246,65.49318692232633,False,True,True,False,0.8536585365853658,KZT,corridor_exit_down,favourable_now,2,2026-01-01,2026-09-03
corridor_exit_up_L20_r400_b25bp,56,0.0910569105691057,0.5535714285714286,0.4891891891891892,1.1316101026045777,-29.882917076529377,False,True,False,False,0.9089430894308943,KZT,corridor_exit_up,window_closing,2,2026-01-01,2026-09-03
level_L20_p95,84,0.4077669902912621,0.5238095238095238,0.37487335359675783,1.3972972972972975,83.14599945335108,False,True,True,True,0.5922330097087378,TJS,level,favourable_now,2,2018-01-01,2019-01-01
corridor_exit_down_L10_r400_b0bp,49,0.23786407766990292,0.40816326530612246,0.37487335359675783,1.0888030888030888,49.89896846418471,False,True,True,False,0.7621359223300971,TJS,corridor_exit_down,favourable_now,2,2018-01-01,2019-01-01
corridor_exit_up_L5_r200_b0bp,69,0.33495145631067963,0.6086956521739131,0.49848024316109424,1.2211028632025451,-32.68238025422502,False,True,False,True,0.6650485436893203,TJS,corridor_exit_up,window_closing,2,2018-01-01,2019-01-01
level_L20_p95,98,0.38132295719844356,0.5204081632653061,0.37844408427876824,1.3751256391207447,76.49795122778006,False,True,True,True,0.6186770428015564,TJS,level,favourable_now,2,2019-01-01,2020-01-01
corridor_exit_down_L10_r400_b0bp,65,0.2529182879377432,0.46153846153846156,0.37844408427876824,1.2195684401251854,50.046484936880894,False,True,True,True,0.7470817120622568,TJS,corridor_exit_down,favourable_now,2,2019-01-01,2020-01-01
corridor_exit_up_L10_r200_b0bp,34,0.13229571984435798,0.7058823529411765,0.49756888168557534,1.41866257903813,-25.21452281707013,False,True,False,True,0.867704280155642,TJS,corridor_exit_up,window_closing,2,2019-01-01,2020-01-01
level_L20_p95,117,0.37987012987012986,0.46153846153846156,0.37432432432432433,1.2329908358789226,65.96353064030735,False,True,True,True,0.6201298701298701,TJS,level,favourable_now,2,2020-01-01,2021-01-01
corridor_exit_down_L10_r400_b0bp,91,0.29545454545454547,0.45054945054945056,0.37432432432432433,1.2036339112151386,42.98108907516998,False,True,True,True,0.7045454545454546,TJS,corridor_exit_down,favourable_now,2,2020-01-01,2021-01-01
corridor_exit_up_L10_r200_b25bp,39,0.1266233766233766,0.6153846153846154,0.4885135135135135,1.259708479625492,-25.132134801064375,False,True,False,True,0.8733766233766234,TJS,corridor_exit_up,window_closing,2,2020-01-01,2021-01-01
level_L20_p95,132,0.36666666666666664,0.4393939393939394,0.375507835171213,1.1701325464849421,64.69297477732468,False,True,True,False,0.6333333333333333,TJS,level,favourable_now,2,2021-01-01,2022-01-01
corridor_exit_down_L10_r400_b0bp,100,0.2777777777777778,0.43,0.375507835171213,1.1451159196290572,39.61094186641547,False,True,True,False,0.7222222222222222,TJS,corridor_exit_down,favourable_now,2,2021-01-01,2022-01-01
corridor_exit_up_L10_r200_b25bp,46,0.12777777777777777,0.6739130434782609,0.4944863609982589,1.362854664217187,-22.789622859382302,False,True,False,True,0.8722222222222222,TJS,corridor_exit_up,window_closing,2,2021-01-01,2022-01-01
level_L20_p95,155,0.3771289537712895,0.432258064516129,0.3744292237442922,1.154445318646735,58.14959375437496,False,True,True,False,0.6228710462287105,TJS,level,favourable_now,2,2022-01-01,2023-01-01
corridor_exit_down_L10_r400_b0bp,124,0.30170316301703165,0.4032258064516129,0.3744292237442922,1.0769079464988198,37.63352422490162,False,True,True,False,0.6982968369829683,TJS,corridor_exit_down,favourable_now,2,2022-01-01,2023-01-01
corridor_exit_up_L20_r400_b50bp,33,0.08029197080291971,0.6666666666666666,0.4911212582445459,1.3574380165289257,-40.3604304526084,False,True,False,True,0.9197080291970803,TJS,corridor_exit_up,window_closing,2,2022-01-01,2023-01-01
level_L20_p95,170,0.36796536796536794,0.4235294117647059,0.37962128043282234,1.1156629872851753,65.09220202300149,False,True,True,False,0.6320346320346321,TJS,level,favourable_now,2,2023-01-01,2024-01-01
corridor_exit_down_L10_r400_b0bp,130,0.2813852813852814,0.3923076923076923,0.37962128043282234,1.0334186004019734,37.44824612529073,False,True,True,False,0.7186147186147186,TJS,corridor_exit_down,favourable_now,2,2023-01-01,2024-01-01
corridor_exit_up_L20_r400_b50bp,36,0.07792207792207792,0.6666666666666666,0.4927862939585212,1.3528514791094846,-40.40371548428602,False,True,False,True,0.922077922077922,TJS,corridor_exit_up,window_closing,2,2023-01-01,2024-01-01
level_L20_p95,178,0.3469785575048733,0.4157303370786517,0.39107505070993914,1.0630448971980047,62.73741867298581,False,True,True,False,0.6530214424951267,TJS,level,favourable_now,2,2024-01-01,2025-01-01
corridor_exit_down_L10_r400_b25bp,106,0.20662768031189083,0.3867924528301887,0.39107505070993914,0.9890491662099743,47.63180400005963,False,True,True,False,0.7933723196881092,TJS,corridor_exit_down,favourable_now,2,2024-01-01,2025-01-01
corridor_exit_up_L20_r400_b50bp,38,0.07407407407407407,0.6842105263157895,0.5046653144016228,1.3557708580132002,-36.790734594498936,False,True,False,True,0.9259259259259259,TJS,corridor_exit_up,window_closing,2,2024-01-01,2025-01-01
level_L20_p95,192,0.3404255319148936,0.421875,0.39697751566531514,1.0627176183844012,62.793734314669585,False,True,True,False,0.6595744680851063,TJS,level,favourable_now,2,2025-01-01,2026-01-01
corridor_exit_down_L10_r400_b0bp,153,0.2712765957446808,0.39869281045751637,0.39697751566531514,1.004320886509974,41.83766626765925,False,True,True,False,0.7287234042553192,TJS,corridor_exit_down,favourable_now,2,2025-01-01,2026-01-01
corridor_exit_up_L20_r400_b25bp,53,0.09397163120567376,0.7169811320754716,0.5090305934389974,1.408522672933204,-23.21691744624125,False,True,False,True,0.9060283687943262,TJS,corridor_exit_up,window_closing,2,2025-01-01,2026-01-01
level_L20_p95,208,0.3382113821138211,0.40865384615384615,0.3956081081081081,1.0329764172633515,61.554296066175525,False,True,True,False,0.6617886178861789,TJS,level,favourable_now,2,2026-01-01,2026-09-03
corridor_exit_down_L10_r400_b0bp,166,0.26991869918699185,0.39156626506024095,0.3956081081081081,0.989783214840575,43.905149408869505,False,True,True,False,0.7300813008130081,TJS,corridor_exit_down,favourable_now,2,2026-01-01,2026-09-03
corridor_exit_up_L20_r400_b25bp,58,0.0943089430894309,0.7241379310344828,0.5070945945945946,1.4280135082358887,-21.911992198329102,False,True,False,True,0.9056910569105691,TJS,corridor_exit_up,window_closing,2,2026-01-01,2026-09-03
level_L20_p95,88,0.42718446601941745,0.375,0.36879432624113473,1.0168269230769231,51.415602897320305,False,True,True,False,0.5728155339805825,UZS,level,favourable_now,2,2018-01-01,2019-01-01
corridor_exit_down_L10_r400_b25bp,50,0.24271844660194175,0.38,0.36879432624113473,1.0303846153846155,32.22122154159359,False,True,True,False,0.7572815533980582,UZS,corridor_exit_down,favourable_now,2,2018-01-01,2019-01-01
corridor_exit_up_L10_r400_b0bp,47,0.22815533980582525,0.6170212765957447,0.48733535967578523,1.2661122661122661,-33.05731457504349,False,True,False,True,0.7718446601941747,UZS,corridor_exit_up,window_closing,2,2018-01-01,2019-01-01
level_L120_p80,123,0.4785992217898833,0.37398373983739835,0.3719611021069692,1.0054377667959686,-1.241084596343966,False,True,True,False,0.5214007782101167,UZS,level,favourable_now,2,2019-01-01,2020-01-01
corridor_exit_down_L10_r400_b0bp,71,0.27626459143968873,0.38028169014084506,0.3719611021069692,1.0223695111847555,35.81863258619308,False,True,True,False,0.7237354085603113,UZS,corridor_exit_down,favourable_now,2,2019-01-01,2020-01-01
corridor_exit_up_L10_r200_b0bp,33,0.12840466926070038,0.6363636363636364,0.4959481361426256,1.2831253713606654,-29.24784553003443,False,True,False,True,0.8715953307392996,UZS,corridor_exit_up,window_closing,2,2019-01-01,2020-01-01
level_L120_p80,180,0.5844155844155844,0.35555555555555557,0.36283783783783785,0.9799296503207118,1.7580561518355764,False,True,True,False,0.4155844155844156,UZS,level,favourable_now,2,2020-01-01,2021-01-01
corridor_exit_down_L10_r400_b0bp,99,0.32142857142857145,0.36363636363636365,0.36283783783783785,1.0022007787370917,33.22331863336052,False,True,True,False,0.6785714285714286,UZS,corridor_exit_down,favourable_now,2,2020-01-01,2021-01-01
corridor_exit_up_L5_r200_b50bp,74,0.24025974025974026,0.5945945945945946,0.48243243243243245,1.2324929971988796,-42.57090820559543,False,True,False,True,0.7597402597402597,UZS,corridor_exit_up,window_closing,2,2020-01-01,2021-01-01
level_L250_p95,120,0.3333333333333333,0.36666666666666664,0.3644805571677307,1.0059978768577493,5.910450997357264,False,True,True,False,0.6666666666666667,UZS,level,favourable_now,2,2021-01-01,2022-01-01
corridor_exit_down_L10_r400_b0bp,110,0.3055555555555556,0.35454545454545455,0.3644805571677307,0.9727417486971627,32.877319744036,False,True,True,False,0.6944444444444444,UZS,corridor_exit_down,favourable_now,2,2021-01-01,2022-01-01
corridor_exit_up_L20_r400_b0bp,38,0.10555555555555556,0.7894736842105263,0.4869413813116657,1.6212910106015934,-16.66912191868322,False,True,False,True,0.8944444444444445,UZS,corridor_exit_up,window_closing,2,2021-01-01,2022-01-01
level_L120_p80,226,0.5498783454987834,0.3805309734513274,0.3647894469812278,1.043152362548771,5.5530069611275215,False,True,True,False,0.45012165450121655,UZS,level,favourable_now,2,2022-01-01,2023-01-01
corridor_exit_down_L10_r400_b0bp,136,0.3309002433090024,0.3602941176470588,0.3647894469812278,0.9876769205596008,32.580727686084415,False,True,True,False,0.6690997566909975,UZS,corridor_exit_down,favourable_now,2,2022-01-01,2023-01-01
corridor_exit_up_L20_r400_b0bp,44,0.1070559610705596,0.7272727272727273,0.48300355149670215,1.5057295645530941,-21.353590811394064,False,True,False,True,0.8929440389294404,UZS,corridor_exit_up,window_closing,2,2022-01-01,2023-01-01
level_L250_p95,152,0.329004329004329,0.3881578947368421,0.3674481514878269,1.0563609945108168,24.149471030726335,False,True,True,False,0.670995670995671,UZS,level,favourable_now,2,2023-01-01,2024-01-01
corridor_exit_down_L5_r200_b0bp,189,0.4090909090909091,0.35978835978835977,0.3674481514878269,0.9791540883565423,31.53211854194106,False,True,True,False,0.5909090909090908,UZS,corridor_exit_down,favourable_now,2,2023-01-01,2024-01-01
corridor_exit_up_L20_r400_b0bp,48,0.1038961038961039,0.7291666666666666,0.4810640216411181,1.515737269603249,-22.20680260425797,False,True,False,True,0.8961038961038961,UZS,corridor_exit_up,window_closing,2,2023-01-01,2024-01-01
level_L250_p95,152,0.2962962962962963,0.3881578947368421,0.3801217038539554,1.021141099814638,24.149471030726335,False,True,True,False,0.7037037037037037,UZS,level,favourable_now,2,2024-01-01,2025-01-01
corridor_exit_down_L10_r400_b0bp,148,0.2884990253411306,0.3581081081081081,0.3801217038539554,0.9420880325362716,31.752952290707828,False,True,True,False,0.7115009746588694,UZS,corridor_exit_down,favourable_now,2,2024-01-01,2025-01-01
corridor_exit_up_L20_r400_b0bp,52,0.10136452241715399,0.75,0.49330628803245435,1.5203536184210527,-19.883847184887806,False,True,False,True,0.898635477582846,UZS,corridor_exit_up,window_closing,2,2024-01-01,2025-01-01
level_L250_p95,164,0.2907801418439716,0.3902439024390244,0.3848138591964615,1.01411083076348,22.087170807205617,False,True,True,False,0.7092198581560284,UZS,level,favourable_now,2,2025-01-01,2026-01-01
corridor_exit_down_L10_r400_b0bp,164,0.2907801418439716,0.3719512195121951,0.3848138591964615,0.9665743855714419,34.24797247127682,False,True,True,False,0.7092198581560284,UZS,corridor_exit_down,favourable_now,2,2025-01-01,2026-01-01
corridor_exit_up_L20_r400_b0bp,63,0.11170212765957446,0.7301587301587301,0.4946553630667158,1.4760958531450334,-18.842570850942476,False,True,False,True,0.8882978723404256,UZS,corridor_exit_up,window_closing,2,2025-01-01,2026-01-01
level_L250_p95,185,0.3008130081300813,0.3837837837837838,0.38074324324324327,1.007985803016859,22.656700464209525,False,True,True,False,0.6991869918699187,UZS,level,favourable_now,2,2026-01-01,2026-09-03
corridor_exit_down_L10_r200_b0bp,85,0.13821138211382114,0.3764705882352941,0.38074324324324327,0.9887781199436295,25.487619892896607,False,True,True,False,0.8617886178861789,UZS,corridor_exit_down,favourable_now,2,2026-01-01,2026-09-03
corridor_exit_up_L20_r400_b0bp,66,0.1073170731707317,0.7424242424242424,0.49155405405405406,1.510361345412892,-16.668457417051073,False,True,False,True,0.8926829268292683,UZS,corridor_exit_up,window_closing,2,2026-01-01,2026-09-03
level_L20_p90,78,0.3786407766990291,0.358974358974359,0.3184584178498986,1.127225216397191,69.31464588996053,False,True,True,False,0.6213592233009708,AMD,level,favourable_now,3,2018-01-01,2019-01-01
corridor_exit_down_L5_r400_b50bp,65,0.3155339805825243,0.38461538461538464,0.3184584178498986,1.2077413032827047,88.90580798567474,False,True,True,True,0.6844660194174756,AMD,corridor_exit_down,favourable_now,3,2018-01-01,2019-01-01
corridor_exit_up_L5_r100_b0bp,40,0.1941747572815534,0.7,0.5182555780933062,1.3506849315068494,-22.02200317391742,False,True,False,True,0.8058252427184466,AMD,corridor_exit_up,window_closing,3,2018-01-01,2019-01-01
level_L20_p90,92,0.35797665369649806,0.358695652173913,0.33008921330089214,1.086662749706228,66.33776668985321,False,True,True,False,0.6420233463035019,AMD,level,favourable_now,3,2019-01-01,2020-01-01
corridor_exit_down_L5_r400_b50bp,78,0.3035019455252918,0.3974358974358974,0.33008921330089214,1.2040257040257039,84.7810692961601,False,True,True,True,0.6964980544747081,AMD,corridor_exit_down,favourable_now,3,2019-01-01,2020-01-01
corridor_exit_up_L10_r200_b0bp,36,0.14007782101167315,0.7222222222222222,0.527169505271695,1.37,-20.61909808358702,False,True,False,True,0.8599221789883269,AMD,corridor_exit_up,window_closing,3,2019-01-01,2020-01-01
level_L250_p95,32,0.1038961038961039,0.34375,0.32386747802569305,1.0613909185803758,24.288135891207716,False,True,True,False,0.8961038961038961,AMD,level,favourable_now,3,2020-01-01,2021-01-01
corridor_exit_down_L20_r400_b0bp,37,0.12012987012987013,0.43243243243243246,0.32386747802569305,1.335214128533544,39.544015822486756,False,True,True,True,0.8798701298701299,AMD,corridor_exit_down,favourable_now,3,2020-01-01,2021-01-01
corridor_exit_up_L10_r200_b0bp,50,0.16233766233766234,0.66,0.5179175118323192,1.2743342036553524,-23.82154245986452,False,True,False,True,0.8376623376623377,AMD,corridor_exit_up,window_closing,3,2020-01-01,2021-01-01
level_L250_p95,36,0.10027855153203342,0.3888888888888889,0.32752613240418116,1.1873522458628842,22.658142838294403,False,True,True,False,0.8997214484679665,AMD,level,favourable_now,3,2021-01-01,2022-01-01
corridor_exit_down_L20_r400_b0bp,37,0.10306406685236769,0.43243243243243246,0.32752613240418116,1.3202990224266822,39.544015822486756,False,True,True,True,0.8969359331476323,AMD,corridor_exit_down,favourable_now,3,2021-01-01,2022-01-01
corridor_exit_up_L5_r100_b0bp,82,0.22841225626740946,0.6707317073170732,0.5185830429732868,1.2933930571108625,-14.16270469855665,False,True,False,True,0.7715877437325905,AMD,corridor_exit_up,window_closing,3,2021-01-01,2022-01-01
level_L250_p95,41,0.09975669099756691,0.4146341463414634,0.3284263959390863,1.262487277113884,27.376977663689313,False,True,True,True,0.9002433090024331,AMD,level,favourable_now,3,2022-01-01,2023-01-01
corridor_exit_down_L20_r400_b0bp,47,0.11435523114355231,0.46808510638297873,0.3284263959390863,1.4252359498832583,38.702740893694916,False,True,True,True,0.8856447688564477,AMD,corridor_exit_down,favourable_now,3,2022-01-01,2023-01-01
corridor_exit_up_L5_r100_b0bp,97,0.2360097323600973,0.6597938144329897,0.5172588832487309,1.2755582084720214,-15.26529492565509,False,True,False,True,0.7639902676399026,AMD,corridor_exit_up,window_closing,3,2022-01-01,2023-01-01
level_L250_p95,49,0.10606060606060606,0.40816326530612246,0.33107803337843933,1.2328310070622255,45.10323577471188,False,True,True,True,0.8939393939393939,AMD,level,favourable_now,3,2023-01-01,2024-01-01
corridor_exit_down_L20_r400_b0bp,48,0.1038961038961039,0.4583333333333333,0.33107803337843933,1.384366485013624,38.96797228558925,False,True,True,True,0.8961038961038961,AMD,corridor_exit_down,favourable_now,3,2023-01-01,2024-01-01
corridor_exit_up_L5_r100_b0bp,108,0.23376623376623376,0.6574074074074074,0.5137573297248534,1.2796068676226708,-17.315070426174376,False,True,False,True,0.7662337662337663,AMD,corridor_exit_up,window_closing,3,2023-01-01,2024-01-01
level_L250_p95,49,0.09551656920077972,0.40816326530612246,0.34334415584415584,1.1887875717662952,45.10323577471188,False,True,True,False,0.9044834307992202,AMD,level,favourable_now,3,2024-01-01,2025-01-01
corridor_exit_down_L20_r400_b0bp,50,0.09746588693957114,0.44,0.34334415584415584,1.2815130023640662,35.071147405083906,False,True,True,True,0.9025341130604289,AMD,corridor_exit_down,favourable_now,3,2024-01-01,2025-01-01
corridor_exit_up_L5_r100_b0bp,122,0.2378167641325536,0.680327868852459,0.5219155844155844,1.3035208933533897,-14.237271106954339,False,True,False,True,0.7621832358674464,AMD,corridor_exit_up,window_closing,3,2024-01-01,2025-01-01
level_L250_p95,52,0.09219858156028368,0.4423076923076923,0.3480825958702065,1.2706975228161668,58.6897535377443,False,True,True,True,0.9078014184397163,AMD,level,favourable_now,3,2025-01-01,2026-01-01
corridor_exit_down_L20_r400_b0bp,57,0.10106382978723404,0.43859649122807015,0.3480825958702065,1.2600356824264047,37.46004235760546,False,True,True,True,0.898936170212766,AMD,corridor_exit_down,favourable_now,3,2025-01-01,2026-01-01
corridor_exit_up_L5_r100_b0bp,138,0.24468085106382978,0.6666666666666666,0.523598820058997,1.2732394366197182,-12.598556457171043,False,True,False,True,0.7553191489361702,AMD,corridor_exit_up,window_closing,3,2025-01-01,2026-01-01
level_L250_p95,77,0.12520325203252033,0.37662337662337664,0.3430212909766813,1.0979591836734695,43.98750815228601,False,True,True,False,0.8747967479674796,AMD,level,favourable_now,3,2026-01-01,2026-09-03
corridor_exit_down_L20_r400_b0bp,61,0.0991869918699187,0.4262295081967213,0.3430212909766813,1.242574497294678,36.96533739520104,False,True,True,True,0.9008130081300814,AMD,corridor_exit_down,favourable_now,3,2026-01-01,2026-09-03
corridor_exit_up_L20_r400_b25bp,55,0.08943089430894309,0.6545454545454545,0.5153768164920581,1.270032786885246,-32.81528038452477,False,True,False,True,0.9105691056910569,AMD,corridor_exit_up,window_closing,3,2026-01-01,2026-09-03
level_L120_p80,76,0.36893203883495146,0.4605263157894737,0.3225152129817444,1.427921218139689,60.2692097310161,False,True,True,True,0.6310679611650485,KGS,level,favourable_now,3,2018-01-01,2019-01-01
corridor_exit_down_L5_r200_b25bp,53,0.25728155339805825,0.37735849056603776,0.3225152129817444,1.1700486531387209,55.236620176998265,False,True,True,False,0.7427184466019418,KGS,corridor_exit_down,favourable_now,3,2018-01-01,2019-01-01
corridor_exit_up_L5_r100_b0bp,40,0.1941747572815534,0.55,0.5060851926977687,1.0867735470941884,-25.554685101078388,False,True,False,False,0.8058252427184466,KGS,corridor_exit_up,window_closing,3,2018-01-01,2019-01-01
level_L120_p95,39,0.1517509727626459,0.46153846153846156,0.3309002433090024,1.394796380090498,48.956773173613165,False,True,True,True,0.8482490272373541,KGS,level,favourable_now,3,2019-01-01,2020-01-01
corridor_exit_down_L5_r200_b0bp,95,0.36964980544747084,0.4105263157894737,0.3309002433090024,1.2406346749226007,50.14829091438677,False,True,True,True,0.6303501945525292,KGS,corridor_exit_down,favourable_now,3,2019-01-01,2020-01-01
corridor_exit_up_L10_r200_b0bp,39,0.1517509727626459,0.5641025641025641,0.5117599351175993,1.1022796537852007,-29.197291913279457,False,True,False,False,0.8482490272373541,KGS,corridor_exit_up,window_closing,3,2019-01-01,2020-01-01
level_L120_p80,117,0.37987012987012986,0.41025641025641024,0.3211629479377958,1.2774089068825911,41.92330599526619,False,True,True,True,0.6201298701298701,KGS,level,favourable_now,3,2020-01-01,2021-01-01
corridor_exit_down_L5_r100_b0bp,70,0.22727272727272727,0.38571428571428573,0.3211629479377958,1.2009924812030075,27.2887377341198,False,True,True,True,0.7727272727272727,KGS,corridor_exit_down,favourable_now,3,2020-01-01,2021-01-01
corridor_exit_up_L10_r200_b0bp,54,0.17532467532467533,0.5555555555555556,0.5023664638269101,1.1058770749214895,-29.97432830016914,False,True,False,False,0.8246753246753247,KGS,corridor_exit_up,window_closing,3,2020-01-01,2021-01-01
level_L60_p90,107,0.298050139275766,0.411214953271028,0.3205574912891986,1.2828118650954896,51.53859994617853,False,True,True,True,0.701949860724234,KGS,level,favourable_now,3,2021-01-01,2022-01-01
corridor_exit_down_L5_r100_b0bp,78,0.21727019498607242,0.38461538461538464,0.3205574912891986,1.1998327759197327,35.42808151404799,False,True,True,False,0.7827298050139275,KGS,corridor_exit_down,favourable_now,3,2021-01-01,2022-01-01
corridor_exit_up_L10_r200_b0bp,58,0.1615598885793872,0.5689655172413793,0.5023228803716608,1.1326689256527807,-28.611799400554403,False,True,False,False,0.8384401114206128,KGS,corridor_exit_up,window_closing,3,2021-01-01,2022-01-01
level_L250_p90,101,0.24574209245742093,0.4158415841584158,0.32131979695431473,1.2941673314250854,34.87079626411145,False,True,True,True,0.754257907542579,KGS,level,favourable_now,3,2022-01-01,2023-01-01
corridor_exit_down_L5_r100_b0bp,97,0.2360097323600973,0.38144329896907214,0.32131979695431473,1.1871142163808406,34.68322307176374,False,True,True,False,0.7639902676399026,KGS,corridor_exit_down,favourable_now,3,2022-01-01,2023-01-01
corridor_exit_up_L20_r400_b25bp,38,0.09245742092457421,0.5789473684210527,0.49949238578680205,1.159071459135644,-48.25332586421421,False,True,False,False,0.9075425790754258,KGS,corridor_exit_up,window_closing,3,2022-01-01,2023-01-01
level_L120_p95,93,0.2012987012987013,0.3978494623655914,0.32476319350473615,1.2250448028673835,65.43247791534378,False,True,True,True,0.7987012987012987,KGS,level,favourable_now,3,2023-01-01,2024-01-01
corridor_exit_down_L5_r100_b0bp,101,0.21861471861471862,0.37623762376237624,0.32476319350473615,1.1584983498349835,37.70686501725888,False,True,True,False,0.7813852813852814,KGS,corridor_exit_down,favourable_now,3,2023-01-01,2024-01-01
corridor_exit_up_L20_r400_b50bp,31,0.0670995670995671,0.6451612903225806,0.4984212900315742,1.2944095752444897,-56.6876974048847,False,True,False,True,0.9329004329004329,KGS,corridor_exit_up,window_closing,3,2023-01-01,2024-01-01
level_L120_p95,93,0.18128654970760233,0.3978494623655914,0.3372564935064935,1.1796643505039919,65.43247791534378,False,True,True,False,0.8187134502923976,KGS,level,favourable_now,3,2024-01-01,2025-01-01
corridor_exit_down_L5_r100_b0bp,113,0.2202729044834308,0.39823008849557523,0.3372564935064935,1.1807929459122712,37.27335162731161,False,True,True,False,0.7797270955165692,KGS,corridor_exit_down,favourable_now,3,2024-01-01,2025-01-01
corridor_exit_up_L20_r400_b50bp,36,0.07017543859649122,0.6944444444444444,0.5073051948051948,1.368888888888889,-47.46149035604894,False,True,False,True,0.9298245614035088,KGS,corridor_exit_up,window_closing,3,2024-01-01,2025-01-01
level_L120_p95,99,0.17553191489361702,0.41414141414141414,0.34365781710914456,1.2050981922226558,70.60341749266662,False,True,True,True,0.824468085106383,KGS,level,favourable_now,3,2025-01-01,2026-01-01
corridor_exit_down_L5_r100_b0bp,125,0.22163120567375885,0.376,0.34365781710914456,1.0941115879828325,34.74461708338259,False,True,True,False,0.7783687943262412,KGS,corridor_exit_down,favourable_now,3,2025-01-01,2026-01-01
corridor_exit_up_L20_r400_b50bp,42,0.07446808510638298,0.7142857142857143,0.512905604719764,1.3926260655232618,-47.67555909121664,False,True,False,True,0.925531914893617,KGS,corridor_exit_up,window_closing,3,2025-01-01,2026-01-01
level_L120_p70,294,0.47804878048780486,0.36054421768707484,0.33693815478202094,1.070060521701158,33.713242016759985,False,True,True,False,0.5219512195121951,KGS,level,favourable_now,3,2026-01-01,2026-09-03
corridor_exit_down_L5_r100_b0bp,138,0.22439024390243903,0.36231884057971014,0.33693815478202094,1.0753274315700725,32.55866917612464,False,True,True,False,0.775609756097561,KGS,corridor_exit_down,favourable_now,3,2026-01-01,2026-09-03
corridor_exit_up_L20_r400_b50bp,44,0.07154471544715447,0.7272727272727273,0.5042244001351808,1.4423592493297588,-44.41402315220867,False,True,False,True,0.9284552845528455,KGS,corridor_exit_up,window_closing,3,2026-01-01,2026-09-03
level_L60_p95,69,0.33495145631067963,0.42028985507246375,0.3225152129817444,1.3031628839668217,104.07125413455618,False,True,True,True,0.6650485436893203,KZT,level,favourable_now,3,2018-01-01,2019-01-01
corridor_exit_down_L10_r400_b25bp,41,0.19902912621359223,0.34146341463414637,0.3225152129817444,1.0587513422304036,62.884665417797805,False,True,True,False,0.8009708737864077,KZT,corridor_exit_down,favourable_now,3,2018-01-01,2019-01-01
corridor_exit_up_L10_r400_b0bp,56,0.27184466019417475,0.5892857142857143,0.4908722109533469,1.2004870129870129,-46.41565649661529,False,True,False,True,0.7281553398058253,KZT,corridor_exit_up,window_closing,3,2018-01-01,2019-01-01
level_L60_p95,80,0.311284046692607,0.4125,0.3236009732360097,1.274718045112782,94.96914547058654,False,True,True,True,0.688715953307393,KZT,level,favourable_now,3,2019-01-01,2020-01-01
corridor_exit_down_L10_r200_b25bp,35,0.13618677042801555,0.4,0.3236009732360097,1.23609022556391,39.7260144009619,False,True,True,True,0.8638132295719845,KZT,corridor_exit_down,favourable_now,3,2019-01-01,2020-01-01
corridor_exit_up_L20_r400_b0bp,31,0.12062256809338522,0.5483870967741935,0.4882400648824006,1.1231915121637552,-36.69471831807171,False,True,False,False,0.8793774319066148,KZT,corridor_exit_up,window_closing,3,2019-01-01,2020-01-01
level_L60_p95,100,0.3246753246753247,0.4,0.31507775524002707,1.2695278969957082,79.09961594953977,False,True,True,True,0.6753246753246753,KZT,level,favourable_now,3,2020-01-01,2021-01-01
corridor_exit_down_L10_r400_b50bp,48,0.15584415584415584,0.3541666666666667,0.31507775524002707,1.1240611587982832,66.4121971927551,False,True,True,False,0.8441558441558441,KZT,corridor_exit_down,favourable_now,3,2020-01-01,2021-01-01
corridor_exit_up_L10_r400_b0bp,88,0.2857142857142857,0.5454545454545454,0.4759972954699121,1.1459194214876032,-39.3447551728708,False,True,False,False,0.7142857142857143,KZT,corridor_exit_up,window_closing,3,2020-01-01,2021-01-01
level_L60_p95,107,0.298050139275766,0.411214953271028,0.3164924506387921,1.2992883477664408,76.78987089523176,False,True,True,True,0.701949860724234,KZT,level,favourable_now,3,2021-01-01,2022-01-01
corridor_exit_down_L10_r200_b50bp,32,0.08913649025069638,0.375,0.3164924506387921,1.1848623853211009,48.46443116174163,False,True,True,False,0.9108635097493036,KZT,corridor_exit_down,favourable_now,3,2021-01-01,2022-01-01
corridor_exit_up_L10_r400_b0bp,108,0.3008356545961003,0.5462962962962963,0.48257839721254353,1.1320363684984625,-40.18663845155312,False,True,False,False,0.6991643454038997,KZT,corridor_exit_up,window_closing,3,2021-01-01,2022-01-01
level_L60_p95,125,0.30413625304136255,0.4,0.31218274111675126,1.2813008130081303,69.0566570639807,False,True,True,True,0.6958637469586375,KZT,level,favourable_now,3,2022-01-01,2023-01-01
corridor_exit_down_L10_r400_b50bp,60,0.145985401459854,0.31666666666666665,0.31218274111675126,1.0143631436314362,62.52186731440336,False,True,True,False,0.8540145985401459,KZT,corridor_exit_down,favourable_now,3,2022-01-01,2023-01-01
corridor_exit_up_L10_r200_b50bp,38,0.09245742092457421,0.5263157894736842,0.47766497461928936,1.101851333967224,-44.25781133416403,False,True,False,False,0.9075425790754258,KZT,corridor_exit_up,window_closing,3,2022-01-01,2023-01-01
level_L60_p95,138,0.2987012987012987,0.37681159420289856,0.3116824537663509,1.2089599194613982,73.46110533821988,False,True,True,True,0.7012987012987013,KZT,level,favourable_now,3,2023-01-01,2024-01-01
corridor_exit_down_L10_r400_b50bp,64,0.13852813852813853,0.34375,0.3116824537663509,1.1028853111432708,69.48790905532823,False,True,True,False,0.8614718614718615,KZT,corridor_exit_down,favourable_now,3,2023-01-01,2024-01-01
corridor_exit_up_L20_r400_b50bp,31,0.0670995670995671,0.5161290322580645,0.4709066305818674,1.096032628846867,-42.538855981473546,False,True,False,False,0.9329004329004329,KZT,corridor_exit_up,window_closing,3,2023-01-01,2024-01-01
level_L60_p95,144,0.2807017543859649,0.3819444444444444,0.3210227272727273,1.189773844641101,72.99516563459184,False,True,True,False,0.7192982456140351,KZT,level,favourable_now,3,2024-01-01,2025-01-01
corridor_exit_down_L10_r400_b50bp,70,0.1364522417153996,0.34285714285714286,0.3210227272727273,1.0680151706700378,71.00897848154467,False,True,True,False,0.8635477582846004,KZT,corridor_exit_down,favourable_now,3,2024-01-01,2025-01-01
corridor_exit_up_L10_r200_b50bp,47,0.09161793372319688,0.5531914893617021,0.48214285714285715,1.1473601260835304,-40.08323064694443,False,True,False,False,0.9083820662768032,KZT,corridor_exit_up,window_closing,3,2024-01-01,2025-01-01
level_L60_p95,157,0.2783687943262411,0.37579617834394907,0.3219026548672566,1.1674218048897937,71.4595957376378,False,True,True,False,0.7216312056737588,KZT,level,favourable_now,3,2025-01-01,2026-01-01
corridor_exit_down_L10_r400_b50bp,80,0.14184397163120568,0.3375,0.3219026548672566,1.0484536082474227,76.94239954927517,False,True,True,False,0.8581560283687943,KZT,corridor_exit_down,favourable_now,3,2025-01-01,2026-01-01
corridor_exit_up_L10_r200_b50bp,51,0.09042553191489362,0.5490196078431373,0.4830383480825959,1.1365963179164797,-41.03437523547782,False,True,False,False,0.9095744680851063,KZT,corridor_exit_up,window_closing,3,2025-01-01,2026-01-01
level_L60_p95,184,0.2991869918699187,0.358695652173913,0.31699898614396754,1.1315356447575786,67.9596467750978,False,True,True,False,0.7008130081300813,KZT,level,favourable_now,3,2026-01-01,2026-09-03
corridor_exit_down_L10_r400_b50bp,90,0.14634146341463414,0.32222222222222224,0.31699898614396754,1.0164771381189293,73.29534593449574,False,True,True,False,0.8536585365853658,KZT,corridor_exit_down,favourable_now,3,2026-01-01,2026-09-03
corridor_exit_up_L20_r400_b50bp,37,0.06016260162601626,0.5405405405405406,0.47887799932409597,1.1287646150031472,-43.81529279453132,False,True,False,False,0.9398373983739837,KZT,corridor_exit_up,window_closing,3,2026-01-01,2026-09-03
level_L20_p95,84,0.4077669902912621,0.38095238095238093,0.30628803245436104,1.2437716808577737,90.50608452960675,False,True,True,True,0.5922330097087378,TJS,level,favourable_now,3,2018-01-01,2019-01-01
corridor_exit_down_L10_r400_b25bp,40,0.1941747572815534,0.325,0.30628803245436104,1.0610927152317882,66.03963247472889,False,True,True,False,0.8058252427184466,TJS,corridor_exit_down,favourable_now,3,2018-01-01,2019-01-01
corridor_exit_up_L5_r100_b25bp,32,0.1553398058252427,0.65625,0.4898580121703854,1.3396739130434783,-32.00929650062675,False,True,False,True,0.8446601941747574,TJS,corridor_exit_up,window_closing,3,2018-01-01,2019-01-01
level_L20_p95,98,0.38132295719844356,0.37755102040816324,0.31305758313057586,1.2060114201120862,83.72415919336173,False,True,True,True,0.6186770428015564,TJS,level,favourable_now,3,2019-01-01,2020-01-01
corridor_exit_down_L10_r400_b0bp,65,0.2529182879377432,0.36923076923076925,0.31305758313057586,1.1794340374651255,57.97463065859096,False,True,True,False,0.7470817120622568,TJS,corridor_exit_down,favourable_now,3,2019-01-01,2020-01-01
corridor_exit_up_L5_r100_b25bp,43,0.16731517509727625,0.6744186046511628,0.4931062449310625,1.3676943084455324,-26.141818770633066,False,True,False,True,0.8326848249027238,TJS,corridor_exit_up,window_closing,3,2019-01-01,2020-01-01
level_L60_p90,122,0.3961038961038961,0.3442622950819672,0.3076402974983097,1.1190416141235813,40.76056755168525,False,True,True,False,0.6038961038961039,TJS,level,favourable_now,3,2020-01-01,2021-01-01
corridor_exit_down_L10_r400_b25bp,70,0.22727272727272727,0.37142857142857144,0.3076402974983097,1.2073469387755102,57.20681329161458,False,True,True,True,0.7727272727272727,TJS,corridor_exit_down,favourable_now,3,2020-01-01,2021-01-01
corridor_exit_up_L5_r100_b25bp,53,0.17207792207792208,0.6226415094339622,0.49019607843137253,1.270188679245283,-27.81466977492922,False,True,False,True,0.827922077922078,TJS,corridor_exit_up,window_closing,3,2020-01-01,2021-01-01
level_L60_p90,136,0.3788300835654596,0.3382352941176471,0.3124274099883856,1.0826044172315767,41.51921122441108,False,True,True,False,0.6211699164345403,TJS,level,favourable_now,3,2021-01-01,2022-01-01
corridor_exit_down_L10_r400_b0bp,100,0.2785515320334262,0.35,0.3124274099883856,1.1202602230483272,46.533986949774096,False,True,True,False,0.7214484679665738,TJS,corridor_exit_down,favourable_now,3,2021-01-01,2022-01-01
corridor_exit_up_L10_r200_b25bp,46,0.12813370473537605,0.6521739130434783,0.49535423925667826,1.3165808654875377,-26.8627581681565,False,True,False,True,0.8718662952646239,TJS,corridor_exit_up,window_closing,3,2021-01-01,2022-01-01
level_L60_p95,125,0.30413625304136255,0.36,0.3111675126903553,1.1569331158238174,60.34213132724804,False,True,True,False,0.6958637469586375,TJS,level,favourable_now,3,2022-01-01,2023-01-01
corridor_exit_down_L10_r400_b25bp,94,0.22871046228710462,0.3404255319148936,0.3111675126903553,1.0940265870674395,52.04387780580953,False,True,True,False,0.7712895377128954,TJS,corridor_exit_down,favourable_now,3,2022-01-01,2023-01-01
corridor_exit_up_L10_r200_b25bp,53,0.12895377128953772,0.6226415094339622,0.49086294416243653,1.2684630543794266,-32.95834907351598,False,True,False,True,0.8710462287104623,TJS,corridor_exit_up,window_closing,3,2022-01-01,2023-01-01
level_L60_p95,136,0.2943722943722944,0.36764705882352944,0.31709517365809653,1.1594218057066354,68.74152572870757,False,True,True,False,0.7056277056277056,TJS,level,favourable_now,3,2023-01-01,2024-01-01
corridor_exit_down_L10_r400_b50bp,75,0.16233766233766234,0.3333333333333333,0.31709517365809653,1.0512091038406828,71.8533467724772,False,True,True,False,0.8376623376623377,TJS,corridor_exit_down,favourable_now,3,2023-01-01,2024-01-01
corridor_exit_up_L20_r400_b0bp,51,0.11038961038961038,0.6078431372549019,0.4912043301759134,1.2374547615189324,-46.910210456191344,False,True,False,True,0.8896103896103896,TJS,corridor_exit_up,window_closing,3,2023-01-01,2024-01-01
level_L60_p95,142,0.27680311890838205,0.352112676056338,0.3299512987012987,1.0671656012334771,66.5541617492443,False,True,True,False,0.723196881091618,TJS,level,favourable_now,3,2024-01-01,2025-01-01
corridor_exit_down_L10_r400_b25bp,106,0.20662768031189083,0.33962264150943394,0.3299512987012987,1.0293114251897235,56.36694564179194,False,True,True,False,0.7933723196881092,TJS,corridor_exit_down,favourable_now,3,2024-01-01,2025-01-01
corridor_exit_up_L10_r200_b25bp,66,0.1286549707602339,0.6515151515151515,0.5004058441558441,1.3019735063530684,-28.023111863168,False,True,False,True,0.8713450292397661,TJS,corridor_exit_up,window_closing,3,2024-01-01,2025-01-01
level_L60_p95,151,0.26773049645390073,0.3576158940397351,0.3359144542772861,1.0646040665595626,69.12172570381937,False,True,True,False,0.7322695035460993,TJS,level,favourable_now,3,2025-01-01,2026-01-01
corridor_exit_down_L10_r400_b25bp,117,0.2074468085106383,0.3418803418803419,0.3359144542772861,1.017760139604267,59.22723587516164,False,True,True,False,0.7925531914893618,TJS,corridor_exit_down,favourable_now,3,2025-01-01,2026-01-01
corridor_exit_up_L20_r400_b0bp,65,0.11524822695035461,0.676923076923077,0.5029498525073747,1.3459057071960296,-32.264720562238665,False,True,False,True,0.8847517730496454,TJS,corridor_exit_up,window_closing,3,2025-01-01,2026-01-01
level_L60_p95,167,0.27154471544715447,0.3473053892215569,0.3366002027712065,1.0318038621552077,65.90607614029292,False,True,True,False,0.7284552845528456,TJS,level,favourable_now,3,2026-01-01,2026-09-03
corridor_exit_down_L10_r400_b50bp,100,0.16260162601626016,0.34,0.3366002027712065,1.0101004016064257,70.98996280110933,False,True,True,False,0.8373983739837398,TJS,corridor_exit_down,favourable_now,3,2026-01-01,2026-09-03
corridor_exit_up_L10_r200_b25bp,82,0.13333333333333333,0.6829268292682927,0.5028725920919229,1.3580514030946762,-24.057378161758734,False,True,False,True,0.8666666666666667,TJS,corridor_exit_up,window_closing,3,2026-01-01,2026-09-03
level_L20_p95,88,0.42718446601941745,0.3068181818181818,0.3022312373225152,1.015176937156803,71.26518916849338,False,True,True,False,0.5728155339805825,UZS,level,favourable_now,3,2018-01-01,2019-01-01
corridor_exit_down_L10_r400_b0bp,58,0.2815533980582524,0.3448275862068966,0.3022312373225152,1.1409395973154364,40.34261760423394,False,True,True,False,0.7184466019417476,UZS,corridor_exit_down,favourable_now,3,2018-01-01,2019-01-01
corridor_exit_up_L5_r200_b50bp,48,0.23300970873786409,0.6666666666666666,0.4847870182555781,1.3751743375174337,-49.12774970932327,False,True,False,True,0.7669902912621359,UZS,corridor_exit_up,window_closing,3,2018-01-01,2019-01-01
level_L120_p70,144,0.5603112840466926,0.3125,0.31305758313057586,0.9982189119170983,43.39210354930649,False,True,True,False,0.4396887159533074,UZS,level,favourable_now,3,2019-01-01,2020-01-01
corridor_exit_down_L5_r200_b25bp,82,0.31906614785992216,0.35365853658536583,0.31305758313057586,1.129691646657399,45.324437372374284,False,True,True,False,0.6809338521400778,UZS,corridor_exit_down,favourable_now,3,2019-01-01,2020-01-01
corridor_exit_up_L5_r200_b50bp,65,0.2529182879377432,0.676923076923077,0.5020275750202757,1.3483782776189885,-44.23992004322337,False,True,False,True,0.7470817120622568,UZS,corridor_exit_up,window_closing,3,2019-01-01,2020-01-01
level_L120_p80,180,0.5844155844155844,0.29444444444444445,0.30493576741041245,0.9655949741315595,4.244526380461789,False,True,True,False,0.4155844155844156,UZS,level,favourable_now,3,2020-01-01,2021-01-01
corridor_exit_down_L10_r400_b0bp,99,0.32142857142857145,0.3434343434343434,0.30493576741041245,1.1262514278035343,39.48605902090679,False,True,True,False,0.6785714285714286,UZS,corridor_exit_down,favourable_now,3,2020-01-01,2021-01-01
corridor_exit_up_L5_r200_b50bp,74,0.24025974025974026,0.6486486486486487,0.48951994590939824,1.325070927280872,-46.9555763531987,False,True,False,True,0.7597402597402597,UZS,corridor_exit_up,window_closing,3,2020-01-01,2021-01-01
level_L250_p95,120,0.3342618384401114,0.30833333333333335,0.3077816492450639,1.0017924528301887,9.4411539608266,False,True,True,False,0.6657381615598885,UZS,level,favourable_now,3,2021-01-01,2022-01-01
corridor_exit_down_L10_r400_b0bp,110,0.3064066852367688,0.33636363636363636,0.3077816492450639,1.0928644939965695,39.14467402932148,False,True,True,False,0.6935933147632312,UZS,corridor_exit_down,favourable_now,3,2021-01-01,2022-01-01
corridor_exit_up_L10_r200_b0bp,50,0.1392757660167131,0.64,0.4895470383275261,1.3073309608540926,-25.589469497739305,False,True,False,True,0.8607242339832869,UZS,corridor_exit_up,window_closing,3,2021-01-01,2022-01-01
level_L250_p95,137,0.3333333333333333,0.32116788321167883,0.3081218274111675,1.0423405764860088,11.54582098645906,False,True,True,False,0.6666666666666667,UZS,level,favourable_now,3,2022-01-01,2023-01-01
corridor_exit_down_L10_r400_b25bp,108,0.26277372262773724,0.32407407407407407,0.3081218274111675,1.0517725303557264,39.882200053306434,False,True,True,False,0.7372262773722628,UZS,corridor_exit_down,favourable_now,3,2022-01-01,2023-01-01
corridor_exit_up_L5_r200_b50bp,101,0.24574209245742093,0.6237623762376238,0.4847715736040609,1.2867140117153075,-47.029838901523156,False,True,False,True,0.754257907542579,UZS,corridor_exit_up,window_closing,3,2022-01-01,2023-01-01
level_L250_p95,152,0.329004329004329,0.3223684210526316,0.31078033378439335,1.0372870674509205,29.569193430642486,False,True,True,False,0.670995670995671,UZS,level,favourable_now,3,2023-01-01,2024-01-01
corridor_exit_down_L5_r200_b0bp,189,0.4090909090909091,0.31216931216931215,0.31078033378439335,1.004469325224042,32.554773698595426,False,True,True,False,0.5909090909090908,UZS,corridor_exit_down,favourable_now,3,2023-01-01,2024-01-01
corridor_exit_up_L20_r400_b0bp,48,0.1038961038961039,0.625,0.4826341903473162,1.2949766355140186,-32.747150156549125,False,True,False,True,0.8961038961038961,UZS,corridor_exit_up,window_closing,3,2023-01-01,2024-01-01
level_L250_p95,152,0.2962962962962963,0.3223684210526316,0.3242694805194805,0.9941374086028588,29.569193430642486,False,True,True,False,0.7037037037037037,UZS,level,favourable_now,3,2024-01-01,2025-01-01
corridor_exit_down_L10_r400_b0bp,148,0.2884990253411306,0.31756756756756754,0.3242694805194805,0.9793322734499205,37.73944915397139,False,True,True,False,0.7115009746588694,UZS,corridor_exit_down,favourable_now,3,2024-01-01,2025-01-01
corridor_exit_up_L20_r400_b0bp,52,0.10136452241715399,0.6538461538461539,0.4926948051948052,1.3270814852363453,-29.26838285532077,False,True,False,True,0.898635477582846,UZS,corridor_exit_up,window_closing,3,2024-01-01,2025-01-01
level_L250_p95,164,0.2907801418439716,0.3231707317073171,0.32927728613569324,0.981454674569142,27.508859638570314,False,True,True,False,0.7092198581560284,UZS,level,favourable_now,3,2025-01-01,2026-01-01
corridor_exit_down_L10_r400_b0bp,164,0.2907801418439716,0.3231707317073171,0.32927728613569324,0.981454674569142,40.63967401399908,False,True,True,False,0.7092198581560284,UZS,corridor_exit_down,favourable_now,3,2025-01-01,2026-01-01
corridor_exit_up_L10_r200_b50bp,50,0.08865248226950355,0.68,0.4952064896755162,1.3731645569620254,-29.97486095564783,False,True,False,True,0.9113475177304965,UZS,corridor_exit_up,window_closing,3,2025-01-01,2026-01-01
level_L120_p80,303,0.4926829268292683,0.3201320132013201,0.32544778641432914,0.9836662794005258,16.160761210819626,False,True,True,False,0.5073170731707317,UZS,level,favourable_now,3,2026-01-01,2026-09-03
corridor_exit_down_L10_r400_b25bp,144,0.23414634146341465,0.3194444444444444,0.32544778641432914,0.9815535940925348,43.89620202828481,False,True,True,False,0.7658536585365854,UZS,corridor_exit_down,favourable_now,3,2026-01-01,2026-09-03
corridor_exit_up_L20_r400_b0bp,66,0.1073170731707317,0.6666666666666666,0.4913822237242312,1.3567171022466757,-24.903285191538913,False,True,False,True,0.8926829268292683,UZS,corridor_exit_up,window_closing,3,2026-01-01,2026-09-03
level_L20_p80,97,0.470873786407767,0.31958762886597936,0.27918781725888325,1.1447047797563261,63.11136409838659,False,True,True,False,0.529126213592233,AMD,level,favourable_now,4,2018-01-01,2019-01-01
corridor_exit_down_L5_r400_b50bp,64,0.3106796116504854,0.34375,0.27918781725888325,1.23125,97.43092555102871,False,True,True,True,0.6893203883495146,AMD,corridor_exit_down,favourable_now,4,2018-01-01,2019-01-01
corridor_exit_up_L5_r100_b0bp,40,0.1941747572815534,0.575,0.5248730964467005,1.095502901353965,-20.428925025519572,False,True,False,False,0.8058252427184466,AMD,corridor_exit_up,window_closing,4,2018-01-01,2019-01-01
level_L20_p90,92,0.35797665369649806,0.30434782608695654,0.28733766233766234,1.0591992139523458,71.8116252413133,False,True,True,False,0.6420233463035019,AMD,level,favourable_now,4,2019-01-01,2020-01-01
corridor_exit_down_L5_r400_b50bp,78,0.3035019455252918,0.34615384615384615,0.28733766233766234,1.2046936114732725,92.26390459778543,False,True,True,True,0.6964980544747081,AMD,corridor_exit_down,favourable_now,4,2019-01-01,2020-01-01
corridor_exit_up_L10_r200_b0bp,36,0.14007782101167315,0.5555555555555556,0.525974025974026,1.056241426611797,-22.041903710741938,False,True,False,False,0.8599221789883269,AMD,corridor_exit_up,window_closing,4,2019-01-01,2020-01-01
level_L20_p90,114,0.37012987012987014,0.2982456140350877,0.2794316644113667,1.0673293402999022,62.43911233229605,False,True,True,False,0.6298701298701299,AMD,level,favourable_now,4,2020-01-01,2021-01-01
corridor_exit_down_L20_r400_b0bp,36,0.11688311688311688,0.3333333333333333,0.2794316644113667,1.1928974979822438,40.732125210862044,False,True,True,False,0.8831168831168831,AMD,corridor_exit_down,favourable_now,4,2020-01-01,2021-01-01
corridor_exit_up_L5_r100_b0bp,72,0.23376623376623376,0.5694444444444444,0.5087956698240866,1.1192006501182032,-16.80211950726754,False,True,False,False,0.7662337662337663,AMD,corridor_exit_up,window_closing,4,2020-01-01,2021-01-01
level_L250_p95,36,0.10027855153203342,0.3333333333333333,0.284137129575828,1.1731424676209952,25.855062154326223,False,True,True,False,0.8997214484679665,AMD,level,favourable_now,4,2021-01-01,2022-01-01
corridor_exit_down_L20_r400_b0bp,37,0.10306406685236769,0.35135135135135137,0.284137129575828,1.236555573978887,41.94605620616162,False,True,True,True,0.8969359331476323,AMD,corridor_exit_down,favourable_now,4,2021-01-01,2022-01-01
corridor_exit_up_L5_r100_b0bp,82,0.22841225626740946,0.5853658536585366,0.5101685066821615,1.147397077615423,-13.480919241883774,False,True,False,False,0.7715877437325905,AMD,corridor_exit_up,window_closing,4,2021-01-01,2022-01-01
level_L250_p95,41,0.1,0.36585365853658536,0.28390045708481465,1.2886687900868274,30.436235227963607,False,True,True,True,0.9,AMD,level,favourable_now,4,2022-01-01,2023-01-01
corridor_exit_down_L20_r400_b0bp,47,0.11463414634146342,0.3617021276595745,0.28390045708481465,1.2740455981425798,42.0994833047163,False,True,True,True,0.8853658536585366,AMD,corridor_exit_down,favourable_now,4,2022-01-01,2023-01-01
corridor_exit_up_L5_r100_b0bp,97,0.23658536585365852,0.5773195876288659,0.510411376333164,1.1310868338718776,-14.677574307693893,False,True,False,False,0.7634146341463415,AMD,corridor_exit_up,window_closing,4,2022-01-01,2023-01-01
level_L250_p95,49,0.10606060606060606,0.3673469387755102,0.2901624548736462,1.2660043799790524,46.06701110869928,False,True,True,True,0.8939393939393939,AMD,level,favourable_now,4,2023-01-01,2024-01-01
corridor_exit_down_L20_r400_b0bp,48,0.1038961038961039,0.3541666666666667,0.2901624548736462,1.220580611715915,42.787643073577705,False,True,True,True,0.8961038961038961,AMD,corridor_exit_down,favourable_now,4,2023-01-01,2024-01-01
corridor_exit_up_L5_r100_b0bp,108,0.23376623376623376,0.5833333333333334,0.5108303249097473,1.141931684334511,-16.207313440045066,False,True,False,False,0.7662337662337663,AMD,corridor_exit_up,window_closing,4,2023-01-01,2024-01-01
level_L250_p95,49,0.09551656920077972,0.3673469387755102,0.3024766544863987,1.2144637720860156,46.06701110869928,False,True,True,True,0.9044834307992202,AMD,level,favourable_now,4,2024-01-01,2025-01-01
corridor_exit_down_L20_r400_b0bp,50,0.09746588693957114,0.34,0.3024766544863987,1.1240536912751677,40.120396800927246,False,True,True,False,0.9025341130604289,AMD,corridor_exit_down,favourable_now,4,2024-01-01,2025-01-01
corridor_exit_up_L5_r100_b0bp,122,0.2378167641325536,0.6065573770491803,0.5176613885505481,1.1717261330761812,-12.149346048900526,False,True,False,False,0.7621832358674464,AMD,corridor_exit_up,window_closing,4,2024-01-01,2025-01-01
level_L250_p95,52,0.09219858156028368,0.40384615384615385,0.30911102914053856,1.3064760418579033,61.22938426704689,False,True,True,True,0.9078014184397163,AMD,level,favourable_now,4,2025-01-01,2026-01-01
corridor_exit_down_L20_r400_b0bp,57,0.10106382978723404,0.3508771929824561,0.30911102914053856,1.135117028848972,41.256280613890844,False,True,True,False,0.898936170212766,AMD,corridor_exit_down,favourable_now,4,2025-01-01,2026-01-01
corridor_exit_up_L5_r100_b0bp,138,0.24468085106382978,0.6086956521739131,0.5230542235337514,1.1637333660391243,-10.463516115475228,False,True,False,False,0.7553191489361702,AMD,corridor_exit_up,window_closing,4,2025-01-01,2026-01-01
level_L20_p95,186,0.3024390243902439,0.3118279569892473,0.30425963488843816,1.024874551971326,68.84433874605435,False,True,True,False,0.697560975609756,AMD,level,favourable_now,4,2026-01-01,2026-09-03
corridor_exit_down_L20_r400_b0bp,61,0.0991869918699187,0.3442622950819672,0.30425963488843816,1.1314754098360655,41.35443620416067,False,True,True,False,0.9008130081300814,AMD,corridor_exit_down,favourable_now,4,2026-01-01,2026-09-03
corridor_exit_up_L5_r50_b25bp,36,0.05853658536585366,0.6111111111111112,0.5165652467883706,1.1830279232111693,-22.08861462237347,False,True,False,False,0.9414634146341463,AMD,corridor_exit_up,window_closing,4,2026-01-01,2026-09-03
level_L120_p80,76,0.36893203883495146,0.4342105263157895,0.2802030456852792,1.5496281464530892,65.63913184021115,False,True,True,True,0.6310679611650485,KGS,level,favourable_now,4,2018-01-01,2019-01-01
corridor_exit_down_L5_r200_b25bp,53,0.25728155339805825,0.3584905660377358,0.2802030456852792,1.2793956795187311,61.58586471672923,False,True,True,True,0.7427184466019418,KGS,corridor_exit_down,favourable_now,4,2018-01-01,2019-01-01
corridor_exit_up_L5_r100_b0bp,40,0.1941747572815534,0.575,0.5147208121827411,1.1171104536489151,-22.791437843502017,False,True,False,False,0.8058252427184466,KGS,corridor_exit_up,window_closing,4,2018-01-01,2019-01-01
level_L120_p80,84,0.32684824902723736,0.4166666666666667,0.288961038961039,1.4419475655430711,60.585458343372,False,True,True,True,0.6731517509727627,KGS,level,favourable_now,4,2019-01-01,2020-01-01
corridor_exit_down_L5_r100_b0bp,44,0.17120622568093385,0.4090909090909091,0.288961038961039,1.4157303370786518,37.3990455794733,False,True,True,True,0.8287937743190661,KGS,corridor_exit_down,favourable_now,4,2019-01-01,2020-01-01
corridor_exit_up_L5_r100_b50bp,39,0.1517509727626459,0.5641025641025641,0.5194805194805194,1.085897435897436,-37.064014264339725,False,True,False,False,0.8482490272373541,KGS,corridor_exit_up,window_closing,4,2019-01-01,2020-01-01
level_L120_p80,117,0.37987012987012986,0.38461538461538464,0.2774018944519621,1.3864915572232646,46.65120969878927,False,True,True,True,0.6201298701298701,KGS,level,favourable_now,4,2020-01-01,2021-01-01
corridor_exit_down_L5_r100_b0bp,70,0.22727272727272727,0.35714285714285715,0.2774018944519621,1.2874564459930313,27.838568411035464,False,True,True,True,0.7727272727272727,KGS,corridor_exit_down,favourable_now,4,2020-01-01,2021-01-01
corridor_exit_up_L5_r100_b50bp,44,0.14285714285714285,0.5454545454545454,0.5040595399188093,1.082123245881635,-38.5798613338931,False,True,False,False,0.8571428571428572,KGS,corridor_exit_up,window_closing,4,2020-01-01,2021-01-01
level_L60_p95,76,0.2116991643454039,0.3684210526315789,0.27832655432887854,1.323700692231623,74.0933947849372,False,True,True,True,0.7883008356545961,KGS,level,favourable_now,4,2021-01-01,2022-01-01
corridor_exit_down_L5_r100_b0bp,78,0.21727019498607242,0.358974358974359,0.27832655432887854,1.2897596488410685,36.28628170673466,False,True,True,True,0.7827298050139275,KGS,corridor_exit_down,favourable_now,4,2021-01-01,2022-01-01
corridor_exit_up_L5_r100_b50bp,49,0.13649025069637882,0.5510204081632653,0.5090063916327716,1.0825412356723512,-37.2414471097469,False,True,False,False,0.8635097493036212,KGS,corridor_exit_up,window_closing,4,2021-01-01,2022-01-01
level_L120_p80,165,0.4024390243902439,0.37575757575757573,0.27831386490604365,1.3501216545012167,45.19010118912414,False,True,True,True,0.5975609756097561,KGS,level,favourable_now,4,2022-01-01,2023-01-01
corridor_exit_down_L5_r100_b0bp,97,0.23658536585365852,0.35051546391752575,0.27831386490604365,1.2594250884189933,35.29584523582985,False,True,True,True,0.7634146341463415,KGS,corridor_exit_down,favourable_now,4,2022-01-01,2023-01-01
corridor_exit_up_L5_r100_b50bp,56,0.13658536585365855,0.5535714285714286,0.5022854240731336,1.102105301170013,-35.62504357498735,False,True,False,False,0.8634146341463415,KGS,corridor_exit_up,window_closing,4,2022-01-01,2023-01-01
level_L250_p95,84,0.18181818181818182,0.36904761904761907,0.2824909747292419,1.3064049901110604,72.95421890845859,False,True,True,True,0.8181818181818181,KGS,level,favourable_now,4,2023-01-01,2024-01-01
corridor_exit_down_L5_r100_b0bp,101,0.21861471861471862,0.3465346534653465,0.2824909747292419,1.2267105304779677,39.15820023537351,False,True,True,True,0.7813852813852814,KGS,corridor_exit_down,favourable_now,4,2023-01-01,2024-01-01
corridor_exit_up_L5_r50_b0bp,31,0.0670995670995671,0.5806451612903226,0.5009025270758123,1.1591979075850045,-26.502689185012645,False,True,False,False,0.9329004329004329,KGS,corridor_exit_up,window_closing,4,2023-01-01,2024-01-01
level_L250_p95,84,0.16374269005847952,0.36904761904761907,0.29598051157125455,1.2468645894571821,72.95421890845859,False,True,True,True,0.8362573099415205,KGS,level,favourable_now,4,2024-01-01,2025-01-01
corridor_exit_down_L5_r100_b0bp,113,0.2202729044834308,0.37168141592920356,0.29598051157125455,1.2557631377690377,38.555268686413186,False,True,True,True,0.7797270955165692,KGS,corridor_exit_down,favourable_now,4,2024-01-01,2025-01-01
corridor_exit_up_L20_r400_b50bp,36,0.07017543859649122,0.6388888888888888,0.5091352009744214,1.2548511430090377,-50.90854442818702,False,True,False,True,0.9298245614035088,KGS,corridor_exit_up,window_closing,4,2024-01-01,2025-01-01
level_L120_p95,99,0.17553191489361702,0.3838383838383838,0.3039468830689782,1.2628469157595372,79.26541372177982,False,True,True,True,0.824468085106383,KGS,level,favourable_now,4,2025-01-01,2026-01-01
corridor_exit_down_L5_r100_b0bp,125,0.22163120567375885,0.352,0.3039468830689782,1.1580970873786407,35.61346558509795,False,True,True,False,0.7783687943262412,KGS,corridor_exit_down,favourable_now,4,2025-01-01,2026-01-01
corridor_exit_up_L5_r50_b0bp,41,0.0726950354609929,0.6341463414634146,0.5145702692733308,1.2323804528367865,-19.133263208917683,False,True,False,True,0.9273049645390071,KGS,corridor_exit_up,window_closing,4,2025-01-01,2026-01-01
level_L250_p95,113,0.183739837398374,0.336283185840708,0.29817444219066935,1.1278068749623744,64.49570905482867,False,True,True,False,0.816260162601626,KGS,level,favourable_now,4,2026-01-01,2026-09-03
corridor_exit_down_L5_r100_b0bp,138,0.22439024390243903,0.34057971014492755,0.29817444219066935,1.1422163068125801,33.05299557790601,False,True,True,False,0.775609756097561,KGS,corridor_exit_down,favourable_now,4,2026-01-01,2026-09-03
corridor_exit_up_L20_r400_b50bp,44,0.07154471544715447,0.6363636363636364,0.5077755240027045,1.2532381067667353,-47.459284044209305,False,True,False,True,0.9284552845528455,KGS,corridor_exit_up,window_closing,4,2026-01-01,2026-09-03
level_L60_p95,69,0.33495145631067963,0.36231884057971014,0.2883248730964467,1.2566340069401918,104.72226239950245,False,True,True,True,0.6650485436893203,KZT,level,favourable_now,4,2018-01-01,2019-01-01
corridor_exit_down_L10_r400_b25bp,40,0.1941747572815534,0.35,0.2883248730964467,1.2139084507042253,70.63788417344774,False,True,True,True,0.8058252427184466,KZT,corridor_exit_down,favourable_now,4,2018-01-01,2019-01-01
corridor_exit_up_L10_r400_b50bp,33,0.16019417475728157,0.5757575757575758,0.4954314720812183,1.1621336313959265,-51.282625651581284,False,True,False,False,0.8398058252427184,KZT,corridor_exit_up,window_closing,4,2018-01-01,2019-01-01
level_L60_p95,80,0.311284046692607,0.3625,0.288961038961039,1.2544943820224719,96.32720454553173,False,True,True,True,0.688715953307393,KZT,level,favourable_now,4,2019-01-01,2020-01-01
corridor_exit_down_L10_r200_b25bp,35,0.13618677042801555,0.37142857142857144,0.288961038961039,1.2853932584269663,43.731691029800174,False,True,True,True,0.8638132295719845,KZT,corridor_exit_down,favourable_now,4,2019-01-01,2020-01-01
corridor_exit_up_L10_r400_b50bp,44,0.17120622568093385,0.5227272727272727,0.49107142857142855,1.0644628099173554,-50.930201451560244,False,True,False,False,0.8287937743190661,KZT,corridor_exit_up,window_closing,4,2019-01-01,2020-01-01
level_L60_p95,100,0.3246753246753247,0.36,0.2821380243572395,1.2759712230215827,80.91938519415747,False,True,True,True,0.6753246753246753,KZT,level,favourable_now,4,2020-01-01,2021-01-01
corridor_exit_down_L20_r400_b25bp,38,0.12337662337662338,0.3157894736842105,0.2821380243572395,1.119273002650511,46.859361138203674,False,True,True,False,0.8766233766233766,KZT,corridor_exit_down,favourable_now,4,2020-01-01,2021-01-01
corridor_exit_up_L10_r400_b50bp,48,0.15584415584415584,0.5416666666666666,0.4783491204330176,1.1323668081093823,-49.448415509739334,False,True,False,False,0.8441558441558441,KZT,corridor_exit_up,window_closing,4,2020-01-01,2021-01-01
level_L60_p95,107,0.298050139275766,0.37383177570093457,0.2812318419523533,1.3292654669035298,78.9205014506766,False,True,True,True,0.701949860724234,KZT,level,favourable_now,4,2021-01-01,2022-01-01
corridor_exit_down_L10_r400_b50bp,53,0.14763231197771587,0.32075471698113206,0.2812318419523533,1.140534851083736,74.13503315624357,False,True,True,False,0.8523676880222841,KZT,corridor_exit_down,favourable_now,4,2021-01-01,2022-01-01
corridor_exit_up_L5_r50_b0bp,32,0.08913649025069638,0.53125,0.4863451481696688,1.0923312425328555,-18.875319288965443,False,True,False,False,0.9108635097493036,KZT,corridor_exit_up,window_closing,4,2021-01-01,2022-01-01
level_L60_p95,125,0.3048780487804878,0.368,0.27526663280853225,1.3368856088560885,71.06954557523466,False,True,True,True,0.6951219512195121,KZT,level,favourable_now,4,2022-01-01,2023-01-01
corridor_exit_down_L20_r400_b0bp,78,0.1902439024390244,0.2948717948717949,0.27526663280853225,1.0712224429936608,38.741734929130594,False,True,True,False,0.8097560975609757,KZT,corridor_exit_down,favourable_now,4,2022-01-01,2023-01-01
corridor_exit_up_L5_r200_b50bp,100,0.24390243902439024,0.5,0.47892331132554594,1.0440084835630965,-44.60984468086823,False,True,False,False,0.7560975609756098,KZT,corridor_exit_up,window_closing,4,2022-01-01,2023-01-01
level_L60_p95,138,0.2987012987012987,0.34782608695652173,0.27617328519855594,1.2594487070190394,78.20035751141842,False,True,True,True,0.7012987012987013,KZT,level,favourable_now,4,2023-01-01,2024-01-01
corridor_exit_down_L10_r400_b50bp,64,0.13852813852813853,0.296875,0.27617328519855594,1.0749591503267975,77.27238264473283,False,True,True,False,0.8614718614718615,KZT,corridor_exit_down,favourable_now,4,2023-01-01,2024-01-01
corridor_exit_up_L20_r400_b50bp,31,0.0670995670995671,0.5161290322580645,0.4760830324909747,1.0841155786576975,-49.094711584372746,False,True,False,False,0.9329004329004329,KZT,corridor_exit_up,window_closing,4,2023-01-01,2024-01-01
level_L60_p95,144,0.2807017543859649,0.3541666666666667,0.2874543239951279,1.2320798022598871,77.85142837455906,False,True,True,True,0.7192982456140351,KZT,level,favourable_now,4,2024-01-01,2025-01-01
corridor_exit_down_L20_r400_b0bp,80,0.15594541910331383,0.2875,0.2874543239951279,1.0001588983050846,37.96949690462118,False,True,True,False,0.8440545808966862,KZT,corridor_exit_down,favourable_now,4,2024-01-01,2025-01-01
corridor_exit_up_L10_r200_b50bp,47,0.09161793372319688,0.5531914893617021,0.49045879009338206,1.1279061575313514,-43.94104733832967,False,True,False,False,0.9083820662768032,KZT,corridor_exit_up,window_closing,4,2024-01-01,2025-01-01
level_L60_p95,157,0.2783687943262411,0.3503184713375796,0.2880855772777573,1.2160222481385126,77.08624884519858,False,True,True,True,0.7216312056737588,KZT,level,favourable_now,4,2025-01-01,2026-01-01
corridor_exit_down_L10_r400_b25bp,119,0.21099290780141844,0.29411764705882354,0.2880855772777573,1.020938465014687,64.68763946113343,False,True,True,False,0.7890070921985816,KZT,corridor_exit_down,favourable_now,4,2025-01-01,2026-01-01
corridor_exit_up_L10_r200_b50bp,51,0.09042553191489362,0.5882352941176471,0.4935448174105496,1.1918579090829158,-44.4532842375016,False,True,False,False,0.9095744680851063,KZT,corridor_exit_up,window_closing,4,2025-01-01,2026-01-01
level_L60_p95,184,0.2991869918699187,0.32608695652173914,0.281947261663286,1.1565530184548014,73.42434371279724,False,True,True,False,0.7008130081300813,KZT,level,favourable_now,4,2026-01-01,2026-09-03
corridor_exit_down_L10_r400_b25bp,131,0.21300813008130082,0.2900763358778626,0.281947261663286,1.0288318963150092,63.59155581710932,False,True,True,False,0.7869918699186992,KZT,corridor_exit_down,favourable_now,4,2026-01-01,2026-09-03
corridor_exit_up_L20_r400_b50bp,37,0.06016260162601626,0.5675675675675675,0.48782961460446245,1.1634545148058661,-49.66247752970052,False,True,False,False,0.9398373983739837,KZT,corridor_exit_up,window_closing,4,2026-01-01,2026-09-03
level_L20_p95,84,0.4077669902912621,0.30952380952380953,0.265989847715736,1.1636677571792076,90.61736210584398,False,True,True,False,0.5922330097087378,TJS,level,favourable_now,4,2018-01-01,2019-01-01
corridor_exit_down_L5_r400_b25bp,81,0.3932038834951456,0.24691358024691357,0.265989847715736,0.928281971538969,92.00596460610338,False,True,True,False,0.6067961165048543,TJS,corridor_exit_down,favourable_now,4,2018-01-01,2019-01-01
corridor_exit_up_L5_r100_b25bp,32,0.1553398058252427,0.75,0.4954314720812183,1.5138319672131146,-28.278359527604547,False,True,False,True,0.8446601941747574,TJS,corridor_exit_up,window_closing,4,2018-01-01,2019-01-01
level_L20_p95,98,0.38132295719844356,0.3163265306122449,0.27435064935064934,1.1530008453085376,85.20256088630123,False,True,True,False,0.6186770428015564,TJS,level,favourable_now,4,2019-01-01,2020-01-01
corridor_exit_down_L5_r400_b25bp,102,0.3968871595330739,0.28431372549019607,0.27435064935064934,1.0363151177630816,87.07219199750287,False,True,True,False,0.6031128404669261,TJS,corridor_exit_down,favourable_now,4,2019-01-01,2020-01-01
corridor_exit_up_L5_r100_b25bp,43,0.16731517509727625,0.7209302325581395,0.49837662337662336,1.446557079009166,-23.700969833792772,False,True,False,True,0.8326848249027238,TJS,corridor_exit_up,window_closing,4,2019-01-01,2020-01-01
level_L60_p90,122,0.3961038961038961,0.28688524590163933,0.2679296346414073,1.070748468289452,44.26205188331885,False,True,True,False,0.6038961038961039,TJS,level,favourable_now,4,2020-01-01,2021-01-01
corridor_exit_down_L20_r400_b0bp,33,0.10714285714285714,0.30303030303030304,0.2679296346414073,1.1310070400979493,39.818210121526725,False,True,True,False,0.8928571428571429,TJS,corridor_exit_down,favourable_now,4,2020-01-01,2021-01-01
corridor_exit_up_L5_r100_b25bp,53,0.17207792207792208,0.6981132075471698,0.4844384303112314,1.4410772636239062,-25.73643170159795,False,True,False,True,0.827922077922078,TJS,corridor_exit_up,window_closing,4,2020-01-01,2021-01-01
level_L250_p90,103,0.28690807799442897,0.2815533980582524,0.273678094131319,1.0287757920557377,31.305403333274704,False,True,True,False,0.713091922005571,TJS,level,favourable_now,4,2021-01-01,2022-01-01
corridor_exit_down_L20_r400_b0bp,35,0.09749303621169916,0.2857142857142857,0.273678094131319,1.0439793751895663,39.620319604361725,False,True,True,False,0.9025069637883009,TJS,corridor_exit_down,favourable_now,4,2021-01-01,2022-01-01
corridor_exit_up_L5_r100_b25bp,62,0.17270194986072424,0.6774193548387096,0.49099360836722833,1.3796907806833365,-25.48905582407864,False,True,False,True,0.8272980501392757,TJS,corridor_exit_up,window_closing,4,2021-01-01,2022-01-01
level_L60_p95,125,0.3048780487804878,0.296,0.2701879126460132,1.095533834586466,62.948982747895826,False,True,True,False,0.6951219512195121,TJS,level,favourable_now,4,2022-01-01,2023-01-01
corridor_exit_down_L10_r400_b50bp,70,0.17073170731707318,0.2714285714285714,0.2701879126460132,1.0045918367346938,71.91876039372073,False,True,True,False,0.8292682926829268,TJS,corridor_exit_down,favourable_now,4,2022-01-01,2023-01-01
corridor_exit_up_L5_r100_b50bp,56,0.13658536585365855,0.6607142857142857,0.4850177755205688,1.362247569184742,-27.967267393168715,False,True,False,True,0.8634146341463415,TJS,corridor_exit_up,window_closing,4,2022-01-01,2023-01-01
level_L60_p95,136,0.2943722943722944,0.3014705882352941,0.2788808664259928,1.0810013325718635,73.83308540350382,False,True,True,False,0.7056277056277056,TJS,level,favourable_now,4,2023-01-01,2024-01-01
corridor_exit_down_L10_r400_b50bp,75,0.16233766233766234,0.29333333333333333,0.2788808664259928,1.0518230852211434,79.63150649780454,False,True,True,False,0.8376623376623377,TJS,corridor_exit_down,favourable_now,4,2023-01-01,2024-01-01
corridor_exit_up_L5_r100_b25bp,84,0.18181818181818182,0.6190476190476191,0.486913357400722,1.2713711990820427,-27.870280534382996,False,True,False,True,0.8181818181818181,TJS,corridor_exit_up,window_closing,4,2023-01-01,2024-01-01
level_L60_p95,142,0.27680311890838205,0.2887323943661972,0.2919204222492895,0.9890791200611178,71.64217583783147,False,True,True,False,0.723196881091618,TJS,level,favourable_now,4,2024-01-01,2025-01-01
corridor_exit_down_L10_r400_b50bp,80,0.15594541910331383,0.3,0.2919204222492895,1.0276773296244783,79.37289127042932,False,True,True,False,0.8440545808966862,TJS,corridor_exit_down,favourable_now,4,2024-01-01,2025-01-01
corridor_exit_up_L5_r100_b25bp,98,0.19103313840155944,0.6428571428571429,0.49573690621193667,1.2967707967707969,-22.779711937696693,False,True,False,True,0.8089668615984406,TJS,corridor_exit_up,window_closing,4,2024-01-01,2025-01-01
level_L60_p95,151,0.26773049645390073,0.2980132450331126,0.2987827369974179,0.9974245768947757,73.87483274696109,False,True,True,False,0.7322695035460993,TJS,level,favourable_now,4,2025-01-01,2026-01-01
corridor_exit_down_L10_r400_b50bp,88,0.15602836879432624,0.29545454545454547,0.2987827369974179,0.9888608305274973,78.38122167988136,False,True,True,False,0.8439716312056738,TJS,corridor_exit_down,favourable_now,4,2025-01-01,2026-01-01
corridor_exit_up_L5_r100_b25bp,109,0.19326241134751773,0.6605504587155964,0.5012910365178901,1.3176985236041072,-21.339489650159287,False,True,False,True,0.8067375886524822,TJS,corridor_exit_up,window_closing,4,2025-01-01,2026-01-01
level_L60_p95,167,0.27154471544715447,0.2934131736526946,0.29986477349560514,0.9784849691822667,71.00934392507169,False,True,True,False,0.7284552845528456,TJS,level,favourable_now,4,2026-01-01,2026-09-03
corridor_exit_down_L10_r400_b50bp,99,0.16097560975609757,0.30303030303030304,0.29986477349560514,1.0105565235215743,80.48499159562368,False,True,True,False,0.8390243902439024,TJS,corridor_exit_down,favourable_now,4,2026-01-01,2026-09-03
corridor_exit_up_L5_r100_b25bp,116,0.1886178861788618,0.6637931034482759,0.5023664638269101,1.3213324360699865,-20.60892698495799,False,True,False,True,0.8113821138211382,TJS,corridor_exit_up,window_closing,4,2026-01-01,2026-09-03
level_L20_p95,88,0.42718446601941745,0.25,0.2568527918781726,0.9733201581027667,77.15696247107873,False,True,True,False,0.5728155339805825,UZS,level,favourable_now,4,2018-01-01,2019-01-01
corridor_exit_down_L5_r200_b25bp,66,0.32038834951456313,0.2878787878787879,0.2568527918781726,1.1207929093304587,40.23402619120264,False,True,True,False,0.6796116504854368,UZS,corridor_exit_down,favourable_now,4,2018-01-01,2019-01-01
corridor_exit_up_L5_r100_b0bp,33,0.16019417475728157,0.6060606060606061,0.4720812182741117,1.2838057999348322,-26.689593763251636,False,True,False,True,0.8398058252427184,UZS,corridor_exit_up,window_closing,4,2018-01-01,2019-01-01
level_L120_p70,144,0.5603112840466926,0.2569444444444444,0.2694805194805195,0.9534805890227576,41.920728350567735,False,True,True,False,0.4396887159533074,UZS,level,favourable_now,4,2019-01-01,2020-01-01
corridor_exit_down_L5_r200_b25bp,82,0.31906614785992216,0.32926829268292684,0.2694805194805195,1.221863062004114,45.113005109393626,False,True,True,True,0.6809338521400778,UZS,corridor_exit_down,favourable_now,4,2019-01-01,2020-01-01
corridor_exit_up_L5_r100_b0bp,48,0.1867704280155642,0.6041666666666666,0.48863636363636365,1.2364341085271318,-25.992978918552733,False,True,False,True,0.8132295719844358,UZS,corridor_exit_up,window_closing,4,2019-01-01,2020-01-01
level_L120_p70,204,0.6623376623376623,0.24509803921568626,0.2591339648173207,0.9458352531613167,29.785760034783042,False,True,True,False,0.33766233766233766,UZS,level,favourable_now,4,2020-01-01,2021-01-01
corridor_exit_down_L5_r200_b25bp,104,0.33766233766233766,0.28846153846153844,0.2591339648173207,1.1131753364129342,40.68986661798734,False,True,True,False,0.6623376623376623,UZS,corridor_exit_down,favourable_now,4,2020-01-01,2021-01-01
corridor_exit_up_L5_r100_b0bp,66,0.21428571428571427,0.5454545454545454,0.4668470906630582,1.1683794466403161,-26.604602405737907,False,True,False,False,0.7857142857142857,UZS,corridor_exit_up,window_closing,4,2020-01-01,2021-01-01
level_L120_p70,215,0.5988857938718662,0.25116279069767444,0.26380011621150495,0.9520950722262064,29.167299070090657,False,True,True,False,0.40111420612813375,UZS,level,favourable_now,4,2021-01-01,2022-01-01
corridor_exit_down_L5_r200_b25bp,120,0.3342618384401114,0.3,0.26380011621150495,1.1372246696035242,43.40847354256587,False,True,True,False,0.6657381615598885,UZS,corridor_exit_down,favourable_now,4,2021-01-01,2022-01-01
corridor_exit_up_L5_r100_b0bp,74,0.20612813370473537,0.5540540540540541,0.47123765252760025,1.1757423267904155,-24.587440191405772,False,True,False,False,0.7938718662952646,UZS,corridor_exit_up,window_closing,4,2021-01-01,2022-01-01
level_L120_p70,258,0.6292682926829268,0.2596899224806202,0.26358557643473846,0.9852205344206958,26.600494389228448,False,True,True,False,0.37073170731707317,UZS,level,favourable_now,4,2022-01-01,2023-01-01
corridor_exit_down_L5_r200_b25bp,141,0.3439024390243902,0.2978723404255319,0.26358557643473846,1.1300783011519697,45.30427963164801,False,True,True,False,0.6560975609756098,UZS,corridor_exit_down,favourable_now,4,2022-01-01,2023-01-01
corridor_exit_up_L5_r100_b0bp,89,0.21707317073170732,0.550561797752809,0.46673438293550024,1.1796041129219597,-24.554084370670854,False,True,False,False,0.7829268292682927,UZS,corridor_exit_up,window_closing,4,2022-01-01,2023-01-01
level_L120_p70,284,0.6147186147186147,0.2605633802816901,0.2685018050541516,0.9704343709314712,30.690089940634344,False,True,True,False,0.38528138528138534,UZS,level,favourable_now,4,2023-01-01,2024-01-01
corridor_exit_down_L5_r200_b25bp,151,0.3268398268398268,0.2913907284768212,0.2685018050541516,1.085246813957371,48.57294152502989,False,True,True,False,0.6731601731601732,UZS,corridor_exit_down,favourable_now,4,2023-01-01,2024-01-01
corridor_exit_up_L5_r100_b0bp,99,0.21428571428571427,0.5454545454545454,0.46705776173285196,1.1678524374176549,-26.766767803782077,False,True,False,False,0.7857142857142857,UZS,corridor_exit_up,window_closing,4,2023-01-01,2024-01-01
level_L120_p70,295,0.5750487329434698,0.26101694915254237,0.2829882257409663,0.9223597500182379,29.80921063199302,False,True,True,False,0.4249512670565302,UZS,level,favourable_now,4,2024-01-01,2025-01-01
corridor_exit_down_L5_r200_b25bp,161,0.3138401559454191,0.2919254658385093,0.2829882257409663,1.0315816676617624,47.973174082233854,False,True,True,False,0.6861598440545809,UZS,corridor_exit_down,favourable_now,4,2024-01-01,2025-01-01
corridor_exit_up_L5_r100_b0bp,119,0.23196881091617932,0.5798319327731093,0.48030856678846934,1.2072071432123146,-22.210831620887415,False,True,False,True,0.7680311890838207,UZS,corridor_exit_up,window_closing,4,2024-01-01,2025-01-01
level_L120_p90,218,0.38652482269503546,0.26605504587155965,0.2888233124308373,0.9211688752973157,31.533885882394774,False,True,True,False,0.6134751773049645,UZS,level,favourable_now,4,2025-01-01,2026-01-01
corridor_exit_down_L5_r200_b25bp,177,0.31382978723404253,0.288135593220339,0.2888233124308373,0.9976188930017101,45.69291159429294,False,True,True,False,0.6861702127659575,UZS,corridor_exit_down,favourable_now,4,2025-01-01,2026-01-01
corridor_exit_up_L5_r100_b0bp,133,0.23581560283687944,0.6015037593984962,0.4843231279970491,1.2419472138075576,-19.902336899315696,False,True,False,True,0.7641843971631206,UZS,corridor_exit_up,window_closing,4,2025-01-01,2026-01-01
level_L120_p90,242,0.3934959349593496,0.256198347107438,0.2839756592292089,0.9021841794569067,30.43885586753656,False,True,True,False,0.6065040650406504,UZS,level,favourable_now,4,2026-01-01,2026-09-03
corridor_exit_down_L5_r200_b25bp,195,0.3170731707317073,0.28717948717948716,0.2839756592292089,1.0112820512820513,47.07032261180622,False,True,True,False,0.6829268292682926,UZS,corridor_exit_down,favourable_now,4,2026-01-01,2026-09-03
corridor_exit_up_L5_r100_b0bp,138,0.22439024390243903,0.5869565217391305,0.4810682893847194,1.2201106052736106,-22.32281768655889,False,True,False,True,0.775609756097561,UZS,corridor_exit_up,window_closing,4,2026-01-01,2026-09-03
level_L20_p80,96,0.4682926829268293,0.2916666666666667,0.2632113821138211,1.1081081081081083,71.66816575049025,False,True,True,False,0.5317073170731708,AMD,level,favourable_now,5,2018-01-01,2019-01-01
corridor_exit_down_L5_r400_b50bp,64,0.3121951219512195,0.3125,0.2632113821138211,1.1872586872586874,104.43662323431445,False,True,True,False,0.6878048780487804,AMD,corridor_exit_down,favourable_now,5,2018-01-01,2019-01-01
corridor_exit_up_L5_r100_b0bp,40,0.1951219512195122,0.625,0.5355691056910569,1.1669829222011385,-19.009125957142242,False,True,False,False,0.8048780487804879,AMD,corridor_exit_up,window_closing,5,2018-01-01,2019-01-01
level_L20_p90,92,0.35797665369649806,0.2826086956521739,0.27132412672623885,1.0415907315803175,81.844596610332,False,True,True,False,0.6420233463035019,AMD,level,favourable_now,5,2019-01-01,2020-01-01
corridor_exit_down_L5_r400_b50bp,78,0.3035019455252918,0.32051282051282054,0.27132412672623885,1.181291263626593,99.23988756375623,False,True,True,False,0.6964980544747081,AMD,corridor_exit_down,favourable_now,5,2019-01-01,2020-01-01
corridor_exit_up_L5_r100_b25bp,43,0.16731517509727625,0.6046511627906976,0.5385865150284321,1.1226630186958504,-29.667114103172977,False,True,False,False,0.8326848249027238,AMD,corridor_exit_up,window_closing,5,2019-01-01,2020-01-01
level_L20_p90,113,0.36688311688311687,0.2831858407079646,0.26201760324983076,1.0807893713841439,71.70089715144299,False,True,True,False,0.6331168831168832,AMD,level,favourable_now,5,2020-01-01,2021-01-01
corridor_exit_down_L20_r400_b0bp,36,0.11688311688311688,0.3333333333333333,0.26201760324983076,1.272179155900086,44.0784219786827,False,True,True,True,0.8831168831168831,AMD,corridor_exit_down,favourable_now,5,2020-01-01,2021-01-01
corridor_exit_up_L5_r100_b25bp,55,0.17857142857142858,0.6,0.5179417738659445,1.1584313725490194,-31.004624624334692,False,True,False,False,0.8214285714285714,AMD,corridor_exit_up,window_closing,5,2020-01-01,2021-01-01
level_L250_p95,36,0.10027855153203342,0.3055555555555556,0.2651162790697674,1.152534113060429,29.497174842648562,False,True,True,False,0.8997214484679665,AMD,level,favourable_now,5,2021-01-01,2022-01-01
corridor_exit_down_L20_r400_b0bp,37,0.10306406685236769,0.32432432432432434,0.2651162790697674,1.2233285917496446,45.10188574394183,False,True,True,True,0.8969359331476323,AMD,corridor_exit_down,favourable_now,5,2021-01-01,2022-01-01
corridor_exit_up_L5_r100_b25bp,64,0.17827298050139276,0.609375,0.516860465116279,1.1789932508436447,-26.479302943031946,False,True,False,False,0.8217270194986073,AMD,corridor_exit_up,window_closing,5,2021-01-01,2022-01-01
level_L250_p95,41,0.1,0.3170731707317073,0.2616869918699187,1.2116504854368932,34.48724789391603,False,True,True,True,0.9,AMD,level,favourable_now,5,2022-01-01,2023-01-01
corridor_exit_down_L20_r400_b0bp,47,0.11463414634146342,0.3404255319148936,0.2616869918699187,1.300888246230118,45.97722415753514,False,True,True,True,0.8853658536585366,AMD,corridor_exit_down,favourable_now,5,2022-01-01,2023-01-01
corridor_exit_up_L5_r100_b25bp,76,0.18536585365853658,0.5921052631578947,0.5157520325203252,1.1480425200933366,-29.067370380158362,False,True,False,False,0.8146341463414635,AMD,corridor_exit_up,window_closing,5,2022-01-01,2023-01-01
level_L250_p95,49,0.10629067245119306,0.30612244897959184,0.26636568848758463,1.1492563126945694,52.417291330604904,False,True,True,False,0.8937093275488069,AMD,level,favourable_now,5,2023-01-01,2024-01-01
corridor_exit_down_L20_r400_b0bp,48,0.10412147505422993,0.3333333333333333,0.26636568848758463,1.2514124293785311,46.68656549164108,False,True,True,True,0.89587852494577,AMD,corridor_exit_down,favourable_now,5,2023-01-01,2024-01-01
corridor_exit_up_L5_r100_b0bp,108,0.23427331887201736,0.6018518518518519,0.5146726862302483,1.1693875893437298,-14.683767225562928,False,True,False,False,0.7657266811279826,AMD,corridor_exit_up,window_closing,5,2023-01-01,2024-01-01
level_L250_p95,49,0.095703125,0.30612244897959184,0.2786352558895207,1.0986493722853574,52.417291330604904,False,True,True,False,0.904296875,AMD,level,favourable_now,5,2024-01-01,2025-01-01
corridor_exit_down_L20_r400_b0bp,50,0.09765625,0.32,0.2786352558895207,1.148454810495627,45.53713171559235,False,True,True,False,0.90234375,AMD,corridor_exit_down,favourable_now,5,2024-01-01,2025-01-01
corridor_exit_up_L5_r50_b0bp,33,0.064453125,0.696969696969697,0.525182778229082,1.327099299257072,-11.011766652744651,False,True,False,True,0.935546875,AMD,corridor_exit_up,window_closing,5,2024-01-01,2025-01-01
level_L250_p95,52,0.09219858156028368,0.34615384615384615,0.28450184501845016,1.216701586351392,68.57332274528379,False,True,True,True,0.9078014184397163,AMD,level,favourable_now,5,2025-01-01,2026-01-01
corridor_exit_down_L20_r400_b0bp,57,0.10106382978723404,0.3333333333333333,0.28450184501845016,1.1716385646346736,46.84984965828139,False,True,True,False,0.898936170212766,AMD,corridor_exit_down,favourable_now,5,2025-01-01,2026-01-01
corridor_exit_up_L5_r50_b0bp,41,0.0726950354609929,0.6585365853658537,0.529889298892989,1.2427814389564509,-12.275541650879509,False,True,False,True,0.9273049645390071,AMD,corridor_exit_up,window_closing,5,2025-01-01,2026-01-01
level_L20_p95,186,0.3024390243902439,0.2903225806451613,0.27967534663510313,1.038069976986387,79.42650289375494,False,True,True,False,0.697560975609756,AMD,level,favourable_now,5,2026-01-01,2026-09-03
corridor_exit_down_L20_r400_b25bp,44,0.07154471544715447,0.3409090909090909,0.27967534663510313,1.2189458063097725,57.306088306396255,False,True,True,True,0.9284552845528455,AMD,corridor_exit_down,favourable_now,5,2026-01-01,2026-09-03
corridor_exit_up_L5_r50_b0bp,46,0.07479674796747968,0.6739130434782609,0.5218126479540074,1.2914846853954747,-9.53069464823472,False,True,False,True,0.9252032520325203,AMD,corridor_exit_up,window_closing,5,2026-01-01,2026-09-03
level_L120_p80,75,0.36585365853658536,0.4,0.25101626016260165,1.5935222672064777,74.4384178650177,False,True,True,True,0.6341463414634146,KGS,level,favourable_now,5,2018-01-01,2019-01-01
corridor_exit_down_L5_r200_b0bp,70,0.34146341463414637,0.32857142857142857,0.25101626016260165,1.3089647194910352,63.016671715381236,False,True,True,True,0.6585365853658536,KGS,corridor_exit_down,favourable_now,5,2018-01-01,2019-01-01
corridor_exit_up_L5_r100_b25bp,33,0.16097560975609757,0.696969696969697,0.5213414634146342,1.3368775474038632,-25.078671389032877,False,True,False,True,0.8390243902439024,KGS,corridor_exit_up,window_closing,5,2018-01-01,2019-01-01
level_L120_p80,84,0.32684824902723736,0.36904761904761907,0.2607636068237206,1.4152573802106512,67.9395852928622,False,True,True,True,0.6731517509727627,KGS,level,favourable_now,5,2019-01-01,2020-01-01
corridor_exit_down_L5_r200_b0bp,95,0.36964980544747084,0.3684210526315789,0.2607636068237206,1.4128545663223477,60.71464071236284,False,True,True,True,0.6303501945525292,KGS,corridor_exit_down,favourable_now,5,2019-01-01,2020-01-01
corridor_exit_up_L5_r100_b25bp,46,0.17898832684824903,0.6739130434782609,0.5264012997562957,1.2802267847557702,-27.12411561267024,False,True,False,True,0.8210116731517509,KGS,corridor_exit_up,window_closing,5,2019-01-01,2020-01-01
level_L60_p95,63,0.20454545454545456,0.3333333333333333,0.25050778605280977,1.3306306306306304,80.50531712348068,False,True,True,True,0.7954545454545454,KGS,level,favourable_now,5,2020-01-01,2021-01-01
corridor_exit_down_L5_r100_b0bp,70,0.22727272727272727,0.32857142857142857,0.25050778605280977,1.3116216216216214,29.262388402738043,False,True,True,True,0.7727272727272727,KGS,corridor_exit_down,favourable_now,5,2020-01-01,2021-01-01
corridor_exit_up_L5_r100_b25bp,58,0.18831168831168832,0.6379310344827587,0.5077860528097495,1.2562988505747126,-29.828087873136354,False,True,False,True,0.8116883116883117,KGS,corridor_exit_up,window_closing,5,2020-01-01,2021-01-01
level_L250_p95,48,0.13370473537604458,0.3541666666666667,0.25,1.4166666666666667,53.472530760564375,False,True,True,True,0.8662952646239555,KGS,level,favourable_now,5,2021-01-01,2022-01-01
corridor_exit_down_L5_r100_b0bp,78,0.21727019498607242,0.3333333333333333,0.25,1.3333333333333333,37.983990915251994,False,True,True,True,0.7827298050139275,KGS,corridor_exit_down,favourable_now,5,2021-01-01,2022-01-01
corridor_exit_up_L5_r100_b25bp,65,0.181058495821727,0.6461538461538462,0.5093023255813953,1.2687038988408852,-30.108133471059716,False,True,False,True,0.818941504178273,KGS,corridor_exit_up,window_closing,5,2021-01-01,2022-01-01
level_L250_p95,71,0.17317073170731706,0.352112676056338,0.24745934959349594,1.4229111837348525,50.730990154575764,False,True,True,True,0.826829268292683,KGS,level,favourable_now,5,2022-01-01,2023-01-01
corridor_exit_down_L5_r100_b0bp,97,0.23658536585365852,0.31958762886597936,0.24745934959349594,1.2914752640826435,37.12495229019424,False,True,True,True,0.7634146341463415,KGS,corridor_exit_down,favourable_now,5,2022-01-01,2023-01-01
corridor_exit_up_L5_r100_b50bp,56,0.13658536585365855,0.6071428571428571,0.49847560975609756,1.2179991262560068,-36.1206920075429,False,True,False,True,0.8634146341463415,KGS,corridor_exit_up,window_closing,5,2022-01-01,2023-01-01
level_L250_p95,84,0.1822125813449024,0.34523809523809523,0.2510158013544018,1.3753639945186706,83.30661833261213,False,True,True,True,0.8177874186550976,KGS,level,favourable_now,5,2023-01-01,2024-01-01
corridor_exit_down_L5_r100_b0bp,101,0.21908893709327548,0.31683168316831684,0.2510158013544018,1.2621981622622693,42.42802288132635,False,True,True,True,0.7809110629067245,KGS,corridor_exit_down,favourable_now,5,2023-01-01,2024-01-01
corridor_exit_up_L20_r400_b50bp,31,0.06724511930585683,0.6451612903225806,0.4997742663656885,1.2909053821721013,-67.93068241726763,False,True,False,True,0.9327548806941431,KGS,corridor_exit_up,window_closing,5,2023-01-01,2024-01-01
level_L250_p95,84,0.1640625,0.34523809523809523,0.2644191714053615,1.3056469899787873,83.30661833261213,False,True,True,True,0.8359375,KGS,level,favourable_now,5,2024-01-01,2025-01-01
corridor_exit_down_L5_r100_b0bp,113,0.220703125,0.336283185840708,0.2644191714053615,1.2717806505988067,41.30645617112879,False,True,True,True,0.779296875,KGS,corridor_exit_down,favourable_now,5,2024-01-01,2025-01-01
corridor_exit_up_L20_r400_b50bp,36,0.0703125,0.6666666666666666,0.5109666937449229,1.3047164811870693,-55.85046712755364,False,True,False,True,0.9296875,KGS,corridor_exit_up,window_closing,5,2024-01-01,2025-01-01
level_L250_p95,86,0.1524822695035461,0.36046511627906974,0.2734317343173432,1.3183002228289864,91.20535730447973,False,True,True,True,0.8475177304964538,KGS,level,favourable_now,5,2025-01-01,2026-01-01
corridor_exit_down_L5_r100_b0bp,125,0.22163120567375885,0.32,0.2734317343173432,1.1703103913630228,38.47426350144694,False,True,True,False,0.7783687943262412,KGS,corridor_exit_down,favourable_now,5,2025-01-01,2026-01-01
corridor_exit_up_L20_r400_b50bp,42,0.07446808510638298,0.6428571428571429,0.5177121771217712,1.2417269117197842,-55.434397443087185,False,True,False,True,0.925531914893617,KGS,corridor_exit_up,window_closing,5,2025-01-01,2026-01-01
level_L120_p80,234,0.3804878048780488,0.29914529914529914,0.26817720662833955,1.1154762289692932,52.904883480597036,False,True,True,False,0.6195121951219512,KGS,level,favourable_now,5,2026-01-01,2026-09-03
corridor_exit_down_L5_r100_b0bp,138,0.22439024390243903,0.3115942028985507,0.26817720662833955,1.1618966683114935,35.45683464101124,False,True,True,False,0.775609756097561,KGS,corridor_exit_down,favourable_now,5,2026-01-01,2026-09-03
corridor_exit_up_L5_r50_b25bp,30,0.04878048780487805,0.7,0.5089617855935069,1.3753488372093023,-22.174164767504926,False,True,False,True,0.9512195121951219,KGS,corridor_exit_up,window_closing,5,2026-01-01,2026-09-03
level_L60_p95,69,0.33658536585365856,0.3333333333333333,0.2632113821138211,1.2664092664092665,117.16937282827918,False,True,True,True,0.6634146341463414,KZT,level,favourable_now,5,2018-01-01,2019-01-01
corridor_exit_down_L10_r400_b50bp,30,0.14634146341463414,0.3333333333333333,0.2632113821138211,1.2664092664092665,96.02620611034568,False,True,True,True,0.8536585365853658,KZT,corridor_exit_down,favourable_now,5,2018-01-01,2019-01-01
corridor_exit_up_L10_r400_b50bp,33,0.16097560975609757,0.6060606060606061,0.5050813008130082,1.1999268337296505,-57.01357219571761,False,True,False,False,0.8390243902439024,KZT,corridor_exit_up,window_closing,5,2018-01-01,2019-01-01
level_L60_p95,80,0.311284046692607,0.3375,0.26157595450852966,1.2902562111801243,107.9947140029144,False,True,True,True,0.688715953307393,KZT,level,favourable_now,5,2019-01-01,2020-01-01
corridor_exit_down_L10_r400_b50bp,38,0.14785992217898833,0.3157894736842105,0.26157595450852966,1.2072572736188296,90.56327268351868,False,True,True,True,0.8521400778210116,KZT,corridor_exit_down,favourable_now,5,2019-01-01,2020-01-01
corridor_exit_up_L5_r200_b50bp,67,0.2607003891050584,0.5373134328358209,0.49471974004874086,1.0860966105433425,-48.436932416376976,False,True,False,False,0.7392996108949417,KZT,corridor_exit_up,window_closing,5,2019-01-01,2020-01-01
level_L60_p95,100,0.3246753246753247,0.33,0.25457007447528773,1.296303191489362,91.32781802486441,False,True,True,True,0.6753246753246753,KZT,level,favourable_now,5,2020-01-01,2021-01-01
corridor_exit_down_L10_r400_b50bp,48,0.15584415584415584,0.2708333333333333,0.25457007447528773,1.0638851950354609,81.33027746674654,False,True,True,False,0.8441558441558441,KZT,corridor_exit_down,favourable_now,5,2020-01-01,2021-01-01
corridor_exit_up_L5_r200_b50bp,75,0.2435064935064935,0.5066666666666667,0.48070412999322953,1.0540093896713616,-48.852248364613445,False,True,False,False,0.7564935064935066,KZT,corridor_exit_up,window_closing,5,2020-01-01,2021-01-01
level_L60_p95,107,0.298050139275766,0.34579439252336447,0.25465116279069766,1.357914052831477,89.02962532461032,False,True,True,True,0.701949860724234,KZT,level,favourable_now,5,2021-01-01,2022-01-01
corridor_exit_down_L10_r400_b50bp,53,0.14763231197771587,0.2830188679245283,0.25465116279069766,1.1113982941328509,81.30336981434995,False,True,True,False,0.8523676880222841,KZT,corridor_exit_down,favourable_now,5,2021-01-01,2022-01-01
corridor_exit_up_L20_r400_b25bp,38,0.10584958217270195,0.5263157894736842,0.4924418604651163,1.068787671658485,-46.10967639901469,False,True,False,False,0.8941504178272981,KZT,corridor_exit_up,window_closing,5,2021-01-01,2022-01-01
level_L60_p95,125,0.3048780487804878,0.336,0.24949186991869918,1.346737270875764,80.16170160900424,False,True,True,True,0.6951219512195121,KZT,level,favourable_now,5,2022-01-01,2023-01-01
corridor_exit_down_L20_r400_b0bp,78,0.1902439024390244,0.2564102564102564,0.24949186991869918,1.0277299075669748,42.91867946803058,False,True,True,False,0.8097560975609757,KZT,corridor_exit_down,favourable_now,5,2022-01-01,2023-01-01
corridor_exit_up_L20_r400_b25bp,43,0.1048780487804878,0.5116279069767442,0.48628048780487804,1.0521251002405774,-46.663461805944536,False,True,False,False,0.8951219512195122,KZT,corridor_exit_up,window_closing,5,2022-01-01,2023-01-01
level_L60_p95,138,0.2993492407809111,0.3188405797101449,0.2510158013544018,1.2702012303200916,89.87372453588823,False,True,True,True,0.7006507592190889,KZT,level,favourable_now,5,2023-01-01,2024-01-01
corridor_exit_down_L10_r400_b50bp,64,0.13882863340563992,0.265625,0.2510158013544018,1.0582003147482013,83.9482183559297,False,True,True,False,0.8611713665943601,KZT,corridor_exit_down,favourable_now,5,2023-01-01,2024-01-01
corridor_exit_up_L20_r400_b50bp,31,0.06724511930585683,0.5806451612903226,0.48306997742663654,1.2019897497738923,-55.356303251095014,False,True,False,True,0.9327548806941431,KZT,corridor_exit_up,window_closing,5,2023-01-01,2024-01-01
level_L60_p95,144,0.28125,0.3263888888888889,0.26238830219333875,1.2439155486756106,89.72955366826746,False,True,True,True,0.71875,KZT,level,favourable_now,5,2024-01-01,2025-01-01
corridor_exit_down_L10_r400_b50bp,70,0.13671875,0.2571428571428571,0.26238830219333875,0.9800088456435204,85.2887390793275,False,True,True,False,0.86328125,KZT,corridor_exit_down,favourable_now,5,2024-01-01,2025-01-01
corridor_exit_up_L20_r400_b50bp,32,0.0625,0.59375,0.4959382615759545,1.1972256347256347,-54.317910584009596,False,True,False,False,0.9375,KZT,corridor_exit_up,window_closing,5,2024-01-01,2025-01-01
level_L60_p95,157,0.2783687943262411,0.3184713375796178,0.26236162361623616,1.2138640293119047,88.39669388879761,False,True,True,True,0.7216312056737588,KZT,level,favourable_now,5,2025-01-01,2026-01-01
corridor_exit_down_L10_r400_b25bp,119,0.21099290780141844,0.2689075630252101,0.26236162361623616,1.024950064413951,70.81138643471789,False,True,True,False,0.7890070921985816,KZT,corridor_exit_down,favourable_now,5,2025-01-01,2026-01-01
corridor_exit_up_L20_r400_b50bp,34,0.06028368794326241,0.6176470588235294,0.4988929889298893,1.2380351548903585,-52.647688078371,False,True,False,True,0.9397163120567376,KZT,corridor_exit_up,window_closing,5,2025-01-01,2026-01-01
level_L60_p95,184,0.2991869918699187,0.29891304347826086,0.2573554277984444,1.161479460663886,83.72668670010523,False,True,True,False,0.7008130081300813,KZT,level,favourable_now,5,2026-01-01,2026-09-03
corridor_exit_down_L10_r400_b25bp,131,0.21300813008130082,0.26717557251908397,0.2573554277984444,1.0381579079355208,69.84160541002845,False,True,True,False,0.7869918699186992,KZT,corridor_exit_down,favourable_now,5,2026-01-01,2026-09-03
corridor_exit_up_L20_r400_b50bp,37,0.06016260162601626,0.6216216216216216,0.4934054785255326,1.2598595854250412,-55.8982946311426,False,True,False,True,0.9398373983739837,KZT,corridor_exit_up,window_closing,5,2026-01-01,2026-09-03
level_L20_p90,89,0.43414634146341463,0.25842696629213485,0.24390243902439024,1.059550561797753,87.25812420043034,False,True,True,False,0.5658536585365854,TJS,level,favourable_now,5,2018-01-01,2019-01-01
corridor_exit_down_L5_r400_b25bp,81,0.3951219512195122,0.2345679012345679,0.24390243902439024,0.9617283950617284,96.13558425717835,False,True,True,False,0.6048780487804878,TJS,corridor_exit_down,favourable_now,5,2018-01-01,2019-01-01
corridor_exit_up_L5_r100_b25bp,32,0.15609756097560976,0.71875,0.4928861788617886,1.4582474226804125,-28.368415731260395,False,True,False,True,0.8439024390243902,TJS,corridor_exit_up,window_closing,5,2018-01-01,2019-01-01
level_L20_p95,98,0.38132295719844356,0.2653061224489796,0.25264012997562957,1.0501345232626813,92.90681599670559,False,True,True,False,0.6186770428015564,TJS,level,favourable_now,5,2019-01-01,2020-01-01
corridor_exit_down_L5_r400_b25bp,102,0.3968871595330739,0.2647058823529412,0.25264012997562957,1.0477586533005485,91.20855353815968,False,True,True,False,0.6031128404669261,TJS,corridor_exit_down,favourable_now,5,2019-01-01,2020-01-01
corridor_exit_up_L5_r100_b25bp,43,0.16731517509727625,0.7209302325581395,0.49959382615759546,1.4430327093968613,-22.634634806228803,False,True,False,True,0.8326848249027238,TJS,corridor_exit_up,window_closing,5,2019-01-01,2020-01-01
level_L60_p90,122,0.3961038961038961,0.2786885245901639,0.24847664184157076,1.1215884218519676,50.89191079390084,False,True,True,False,0.6038961038961039,TJS,level,favourable_now,5,2020-01-01,2021-01-01
corridor_exit_down_L10_r400_b0bp,91,0.29545454545454547,0.26373626373626374,0.24847664184157076,1.0614127017396773,60.75699728738648,False,True,True,False,0.7045454545454546,TJS,corridor_exit_down,favourable_now,5,2020-01-01,2021-01-01
corridor_exit_up_L5_r100_b25bp,53,0.17207792207792208,0.7169811320754716,0.4867975626269465,1.4728527567113652,-24.595903148555205,False,True,False,True,0.827922077922078,TJS,corridor_exit_up,window_closing,5,2020-01-01,2021-01-01
level_L60_p90,136,0.3788300835654596,0.2647058823529412,0.2517441860465116,1.0514875696236925,52.68576793225138,False,True,True,False,0.6211699164345403,TJS,level,favourable_now,5,2021-01-01,2022-01-01
corridor_exit_down_L10_r400_b0bp,100,0.2785515320334262,0.26,0.2517441860465116,1.0327944572748269,57.608037779682846,False,True,True,False,0.7214484679665738,TJS,corridor_exit_down,favourable_now,5,2021-01-01,2022-01-01
corridor_exit_up_L5_r100_b25bp,62,0.17270194986072424,0.6774193548387096,0.48953488372093024,1.383802007509003,-25.900411581761894,False,True,False,True,0.8272980501392757,TJS,corridor_exit_up,window_closing,5,2021-01-01,2022-01-01
level_L60_p95,125,0.3048780487804878,0.264,0.24491869918699186,1.0779087136929462,70.46604923353588,False,True,True,False,0.6951219512195121,TJS,level,favourable_now,5,2022-01-01,2023-01-01
corridor_exit_down_L5_r400_b25bp,166,0.40487804878048783,0.24096385542168675,0.24491869918699186,0.9838524221366796,76.14720936240786,False,True,True,False,0.5951219512195122,TJS,corridor_exit_down,favourable_now,5,2022-01-01,2023-01-01
corridor_exit_up_L5_r100_b50bp,56,0.13658536585365855,0.6428571428571429,0.4796747967479675,1.3401937046004844,-28.833985351083243,False,True,False,True,0.8634146341463415,TJS,corridor_exit_up,window_closing,5,2022-01-01,2023-01-01
level_L60_p95,136,0.2950108459869848,0.2647058823529412,0.25417607223476296,1.0414272280848398,84.81084576439723,False,True,True,False,0.7049891540130152,TJS,level,favourable_now,5,2023-01-01,2024-01-01
corridor_exit_down_L10_r400_b50bp,75,0.16268980477223427,0.24,0.25417607223476296,0.944227353463588,86.70121829913833,False,True,True,False,0.8373101952277657,TJS,corridor_exit_down,favourable_now,5,2023-01-01,2024-01-01
corridor_exit_up_L5_r100_b25bp,84,0.1822125813449024,0.6190476190476191,0.48442437923250564,1.2779035192828296,-27.251137043416,False,True,False,True,0.8177874186550976,TJS,corridor_exit_up,window_closing,5,2023-01-01,2024-01-01
level_L60_p95,142,0.27734375,0.2535211267605634,0.26726238830219334,0.9485851277880046,82.31075514271747,False,True,True,False,0.72265625,TJS,level,favourable_now,5,2024-01-01,2025-01-01
corridor_exit_down_L10_r400_b50bp,80,0.15625,0.25,0.26726238830219334,0.9354103343465046,86.6545835133519,False,True,True,False,0.84375,TJS,corridor_exit_down,favourable_now,5,2024-01-01,2025-01-01
corridor_exit_up_L5_r50_b0bp,34,0.06640625,0.7058823529411765,0.4951259138911454,1.4256623075809487,-8.458883052700648,False,True,False,True,0.93359375,TJS,corridor_exit_up,window_closing,5,2024-01-01,2025-01-01
level_L60_p95,151,0.26773049645390073,0.26490066225165565,0.274169741697417,0.9661921866783133,84.57079099145564,False,True,True,False,0.7322695035460993,TJS,level,favourable_now,5,2025-01-01,2026-01-01
corridor_exit_down_L10_r400_b50bp,88,0.15602836879432624,0.25,0.274169741697417,0.9118438761776582,86.17288606091755,False,True,True,False,0.8439716312056738,TJS,corridor_exit_down,favourable_now,5,2025-01-01,2026-01-01
corridor_exit_up_L5_r50_b0bp,40,0.07092198581560284,0.725,0.5007380073800738,1.4478629329403094,-4.132650227747669,False,True,True,True,0.9290780141843972,TJS,corridor_exit_up,window_closing,5,2025-01-01,2026-01-01
level_L60_p95,167,0.27154471544715447,0.2634730538922156,0.2759553601623267,0.9547669367148057,81.57492801409306,False,True,True,False,0.7284552845528456,TJS,level,favourable_now,5,2026-01-01,2026-09-03
corridor_exit_down_L10_r400_b50bp,99,0.16097560975609757,0.26262626262626265,0.2759553601623267,0.9516983561101209,89.16094975687237,False,True,True,False,0.8390243902439024,TJS,corridor_exit_down,favourable_now,5,2026-01-01,2026-09-03
corridor_exit_up_L5_r50_b0bp,44,0.07154471544715447,0.75,0.5042272573554278,1.487424547283702,-4.066913336929918,False,True,True,True,0.9284552845528455,TJS,corridor_exit_up,window_closing,5,2026-01-01,2026-09-03
level_L20_p95,87,0.424390243902439,0.22988505747126436,0.23678861788617886,0.9708450495782152,87.91059217202485,False,True,True,False,0.575609756097561,UZS,level,favourable_now,5,2018-01-01,2019-01-01
corridor_exit_down_L10_r400_b0bp,57,0.2780487804878049,0.2807017543859649,0.23678861788617886,1.1854529026428733,48.34277283707409,False,True,True,False,0.7219512195121951,UZS,corridor_exit_down,favourable_now,5,2018-01-01,2019-01-01
corridor_exit_up_L10_r400_b50bp,35,0.17073170731707318,0.6,0.4847560975609756,1.2377358490566037,-63.09118721936345,False,True,False,True,0.8292682926829268,UZS,corridor_exit_up,window_closing,5,2018-01-01,2019-01-01
level_L120_p70,144,0.5603112840466926,0.2569444444444444,0.24857839155158407,1.0336555918663761,49.997581300441816,False,True,True,False,0.4396887159533074,UZS,level,favourable_now,5,2019-01-01,2020-01-01
corridor_exit_down_L5_r200_b25bp,82,0.31906614785992216,0.3048780487804878,0.24857839155158407,1.2264865295711782,47.760604432493054,False,True,True,True,0.6809338521400778,UZS,corridor_exit_down,favourable_now,5,2019-01-01,2020-01-01
corridor_exit_up_L10_r200_b0bp,33,0.12840466926070038,0.6060606060606061,0.49878147847278637,1.2150824202941466,-25.998178707156416,False,True,False,True,0.8715953307392996,UZS,corridor_exit_up,window_closing,5,2019-01-01,2020-01-01
level_L120_p70,203,0.6590909090909091,0.24630541871921183,0.23899796885578875,1.0305753638761357,35.80873362332023,False,True,True,False,0.34090909090909094,UZS,level,favourable_now,5,2020-01-01,2021-01-01
corridor_exit_down_L10_r200_b0bp,40,0.12987012987012986,0.275,0.23899796885578875,1.1506373937677055,30.98926520903991,False,True,True,False,0.8701298701298701,UZS,corridor_exit_down,favourable_now,5,2020-01-01,2021-01-01
corridor_exit_up_L10_r200_b0bp,44,0.14285714285714285,0.5454545454545454,0.4732566012186865,1.1525555989075302,-29.938242565176928,False,True,False,False,0.8571428571428572,UZS,corridor_exit_up,window_closing,5,2020-01-01,2021-01-01
level_L120_p70,214,0.596100278551532,0.2523364485981308,0.24302325581395348,1.0383222286813039,35.40204912500561,False,True,True,False,0.403899721448468,UZS,level,favourable_now,5,2021-01-01,2022-01-01
corridor_exit_down_L5_r200_b25bp,120,0.3342618384401114,0.2833333333333333,0.24302325581395348,1.1658692185007975,45.92245723053023,False,True,True,False,0.6657381615598885,UZS,corridor_exit_down,favourable_now,5,2021-01-01,2022-01-01
corridor_exit_up_L10_r200_b0bp,50,0.1392757660167131,0.6,0.47790697674418603,1.2554744525547445,-24.03629437432564,False,True,False,True,0.8607242339832869,UZS,corridor_exit_up,window_closing,5,2021-01-01,2022-01-01
level_L120_p70,258,0.6292682926829268,0.24806201550387597,0.2383130081300813,1.0409084147369465,31.879263602901506,False,True,True,False,0.37073170731707317,UZS,level,favourable_now,5,2022-01-01,2023-01-01
corridor_exit_down_L5_r200_b25bp,141,0.3439024390243902,0.28368794326241137,0.2383130081300813,1.19040058068321,48.09596408851853,False,True,True,False,0.6560975609756098,UZS,corridor_exit_down,favourable_now,5,2022-01-01,2023-01-01
corridor_exit_up_L10_r200_b50bp,33,0.08048780487804878,0.5757575757575758,0.4695121951219512,1.2262888626524993,-42.64845324817923,False,True,False,True,0.9195121951219513,UZS,corridor_exit_up,window_closing,5,2022-01-01,2023-01-01
level_L120_p70,284,0.6160520607375272,0.24647887323943662,0.24288939051918737,1.0147782606419185,36.42959366723532,False,True,True,False,0.38394793926247284,UZS,level,favourable_now,5,2023-01-01,2024-01-01
corridor_exit_down_L5_r200_b25bp,151,0.3275488069414317,0.2781456953642384,0.24288939051918737,1.1451537457839926,53.03513149810113,False,True,True,False,0.6724511930585684,UZS,corridor_exit_down,favourable_now,5,2023-01-01,2024-01-01
corridor_exit_up_L10_r200_b50bp,36,0.07809110629067245,0.5833333333333334,0.4704288939051919,1.2400031989763276,-47.066175704289684,False,True,False,True,0.9219088937093276,UZS,corridor_exit_up,window_closing,5,2023-01-01,2024-01-01
level_L120_p70,294,0.57421875,0.24829931972789115,0.25751421608448416,0.9642159702997918,35.961339638902935,False,True,True,False,0.42578125,UZS,level,favourable_now,5,2024-01-01,2025-01-01
corridor_exit_down_L5_r200_b25bp,161,0.314453125,0.2732919254658385,0.25751421608448416,1.0612692752316948,51.966195194719084,False,True,True,False,0.685546875,UZS,corridor_exit_down,favourable_now,5,2024-01-01,2025-01-01
corridor_exit_up_L10_r200_b50bp,43,0.083984375,0.6511627906976745,0.4849715678310317,1.3426824042694092,-36.53345898515726,False,True,False,True,0.916015625,UZS,corridor_exit_up,window_closing,5,2024-01-01,2025-01-01
level_L120_p70,321,0.5691489361702128,0.2523364485981308,0.26346863468634685,0.9577475850153145,34.23893511905627,False,True,True,False,0.4308510638297872,UZS,level,favourable_now,5,2025-01-01,2026-01-01
corridor_exit_down_L5_r200_b25bp,177,0.31382978723404253,0.2711864406779661,0.26346863468634685,1.029293073161468,49.84298603807575,False,True,True,False,0.6861702127659575,UZS,corridor_exit_down,favourable_now,5,2025-01-01,2026-01-01
corridor_exit_up_L10_r200_b50bp,50,0.08865248226950355,0.68,0.488929889298893,1.390792452830189,-36.01369210237974,False,True,False,True,0.9113475177304965,UZS,corridor_exit_up,window_closing,5,2025-01-01,2026-01-01
level_L120_p70,350,0.5691056910569106,0.24,0.25870815015218124,0.927686274509804,31.986294194951874,False,True,True,False,0.43089430894308944,UZS,level,favourable_now,5,2026-01-01,2026-09-03
corridor_exit_down_L5_r200_b25bp,195,0.3170731707317073,0.2717948717948718,0.25870815015218124,1.05058488352606,51.01197855552522,False,True,True,False,0.6829268292682926,UZS,corridor_exit_down,favourable_now,5,2026-01-01,2026-09-03
corridor_exit_up_L10_r200_b50bp,52,0.08455284552845528,0.6730769230769231,0.4866418667568482,1.3831052547174856,-38.442601009921745,False,True,False,True,0.9154471544715447,UZS,corridor_exit_up,window_closing,5,2026-01-01,2026-09-03
